{"name": "adult.cpar.dnn.coverage", "runs": [{"scoring": "coverage", "coverage": 1.0, "sparsity": 1.0, "alpha": 0.5, "beta": 0.0, "gamma": 100.0, "max_len": 1000.0, "results": {"alpha": 0.5, "beta": 0.0, "gamma": 100, "max_len": 1000.0, "scoring": "coverage", "scoring-fidelities": 0.8799385875127943, "beta-scoring-fidelity": 0.819754350051177, "beta-scoring-rule_nr": 100, "mean_length": 4.157190635451505, "std_length": 2.485820685820434, "coverage": 1.0, "beta-scoring-coverage": 0.9127942681678608, "mean-beta-scoring-length": 5.35, "std-beta-scoring-length": 3.5309347204387675, "mean_prediction": 8.8472987354292, "std-scoring-prediction": 0.0, "rule_reduction-alpha-scoring": 0.0033444816053511705, "rule_reduction-beta-scoring": 0.33444816053511706, "len_reduction-beta-scoring": 1.2869267900241352, "simplicity-beta-scoring": 0.43041029766693484, "feature_frequency": [49, 55, 53, 103, 25, 39, 0, 0, 32, 33, 31, 0, 2, 0, 2, 1, 0, 3, 2, 24, 29, 66, 6, 23, 13, 1, 20, 53, 0, 1, 168, 0, 2, 1, 1, 28, 1, 13, 31, 5, 1, 4, 4, 0, 34, 17, 28, 22, 7, 63, 4, 2, 0, 2, 18, 3, 14, 19, 1, 0, 13, 0, 1, 6, 0, 0, 4, 1, 0, 1, 3, 4, 3, 1, 0, 0, 0, 0, 1, 0, 8, 2, 1, 1, 2, 7, 1, 7, 0, 0, 0, 5, 2, 0, 2, 1, 0, 5, 1, 0, 0, 0, 1, 0], "scoring-beta-feature_frequency": [30, 45, 43, 49, 15, 21, 0, 0, 15, 19, 9, 0, 2, 0, 0, 1, 0, 1, 2, 3, 6, 27, 3, 9, 5, 0, 3, 24, 0, 0, 64, 0, 0, 0, 1, 11, 0, 7, 14, 2, 1, 3, 2, 0, 15, 4, 8, 6, 4, 14, 0, 1, 0, 1, 5, 1, 9, 14, 1, 0, 4, 0, 0, 0, 0, 0, 0, 1, 0, 1, 1, 0, 0, 0, 0, 0, 0, 0, 0, 0, 2, 0, 0, 0, 0, 0, 1, 5, 0, 0, 0, 0, 0, 0, 0, 0, 0, 0, 0, 0, 0, 0, 0, 0], "scoring-beta-escore": 0.5644547931559306, "sparsity": 1.0, "black_box": ""}}]}