{"name": "churn.cpar.rf.r2", "runs": [{"scoring": "r2", "coverage": 1.0, "sparsity": 1.0, "alpha": 0.5, "beta": 0.0, "gamma": 100.0, "max_len": 100.0, "results": {"alpha": 0.5, "beta": 0.0, "gamma": 100, "max_len": 100.0, "scoring": "r2", "scoring-fidelities": 0.8594084869267038, "beta-scoring-fidelity": 0.8924132018859837, "beta-scoring-rule_nr": 100, "mean_length": 2.853846153846154, "std_length": 1.1509964810581672, "coverage": 1.0, "beta-scoring-coverage": 0.7822546078011144, "mean-beta-scoring-length": 3.04, "std-beta-scoring-length": 1.1825396399275587, "mean_prediction": 0.3879852373205689, "std-scoring-prediction": 0.0, "rule_reduction-alpha-scoring": 0.09230769230769231, "rule_reduction-beta-scoring": 0.7692307692307693, "len_reduction-beta-scoring": 1.0652291105121294, "simplicity-beta-scoring": 0.8194070080862534, "feature_frequency": [0, 0, 15, 27, 15, 27, 19, 11, 19, 33, 9, 11, 21, 9, 21, 35, 3, 2, 0, 0, 0, 0, 0, 0, 0, 0, 0, 0, 0, 0, 0, 0, 0, 1, 0, 0, 1, 0, 0, 0, 0, 12, 0, 0, 0, 0, 0, 0, 0, 0, 0, 0, 0, 0, 0, 1, 0, 0, 0, 0, 0, 1, 0, 0, 0, 0, 0, 22, 22, 17, 17, 0], "scoring-beta-feature_frequency": [0, 0, 15, 23, 13, 23, 18, 9, 18, 28, 4, 8, 17, 0, 17, 26, 0, 0, 0, 0, 0, 0, 0, 0, 0, 0, 0, 0, 0, 0, 0, 0, 0, 1, 0, 0, 0, 0, 0, 0, 0, 12, 0, 0, 0, 0, 0, 0, 0, 0, 0, 0, 0, 0, 0, 1, 0, 0, 0, 0, 0, 1, 0, 0, 0, 0, 0, 18, 18, 17, 17, 0], "scoring-beta-escore": 0.8543533105569857, "sparsity": 1.0, "black_box": ""}}, {"scoring": "r2", "coverage": 1.0, "sparsity": 1.0, "alpha": 0.5, "beta": 0.0, "gamma": 100.0, "max_len": 100.0, "results": {"alpha": 0.5, "beta": 0.0, "gamma": 100, "max_len": 100.0, "scoring": "r2", "scoring-fidelities": 0.8594084869267038, "beta-scoring-fidelity": 0.8594084869267038, "beta-scoring-rule_nr": 1, "mean_length": 1.0, "std_length": 0.0, "coverage": 1.0, "beta-scoring-coverage": 1.0, "mean-beta-scoring-length": 1.0, "std-beta-scoring-length": 0.0, "mean_prediction": 0.0, "std-scoring-prediction": 0.0, "rule_reduction-alpha-scoring": 1.0, "rule_reduction-beta-scoring": 1.0, "len_reduction-beta-scoring": 1.0, "simplicity-beta-scoring": 1.0, "feature_frequency": [0, 1, 0, 0, 0, 0, 0, 0, 0, 0, 0, 0, 0, 0, 0, 0, 0, 0, 0, 0, 0, 0, 0, 0, 0, 0, 0, 0, 0, 0, 0, 0, 0, 0, 0, 0, 0, 0, 0, 0, 0, 0, 0, 0, 0, 0, 0, 0, 0, 0, 0, 0, 0, 0, 0, 0, 0, 0, 0, 0, 0, 0, 0, 0, 0, 0, 0, 0, 0, 0, 0, 0], "scoring-beta-feature_frequency": [0, 1, 0, 0, 0, 0, 0, 0, 0, 0, 0, 0, 0, 0, 0, 0, 0, 0, 0, 0, 0, 0, 0, 0, 0, 0, 0, 0, 0, 0, 0, 0, 0, 0, 0, 0, 0, 0, 0, 0, 0, 0, 0, 0, 0, 0, 0, 0, 0, 0, 0, 0, 0, 0, 0, 0, 0, 0, 0, 0, 0, 0, 0, 0, 0, 0, 0, 0, 0, 0, 0, 0], "scoring-beta-escore": 0.9243891194098662, "sparsity": 1.0, "black_box": ""}}, {"scoring": "r2", "coverage": 1.0, "sparsity": 1.0, "alpha": 0.5, "beta": 0.0, "gamma": 100.0, "max_len": 100.0, "results": {"alpha": 0.5, "beta": 0.0, "gamma": 100, "max_len": 100.0, "scoring": "r2", "scoring-fidelities": 0.8594084869267038, "beta-scoring-fidelity": 0.1405915130732962, "beta-scoring-rule_nr": 6, "mean_length": 1.0, "std_length": 0.0, "coverage": 1.0, "beta-scoring-coverage": 0.9991427346763824, "mean-beta-scoring-length": 1.0, "std-beta-scoring-length": 0.0, "mean_prediction": 0.0, "std-scoring-prediction": NaN, "rule_reduction-alpha-scoring": 0.0, "rule_reduction-beta-scoring": 1.0, "len_reduction-beta-scoring": 1.0, "simplicity-beta-scoring": 1.0, "feature_frequency": [0, 0, 3, 3, 0, 0, 0, 0, 0, 0, 0, 0, 0, 0, 0, 0, 0, 0, 0, 0, 0, 0, 0, 0, 0, 0, 0, 0, 0, 0, 0, 0, 0, 0, 0, 0, 0, 0, 0, 0, 0, 0, 0, 0, 0, 0, 0, 0, 0, 0, 0, 0, 0, 0, 0, 0, 0, 0, 0, 0, 0, 0, 0, 0, 0, 0, 0, 0, 0, 0, 0, 0], "scoring-beta-feature_frequency": [0, 0, 3, 3, 0, 0, 0, 0, 0, 0, 0, 0, 0, 0, 0, 0, 0, 0, 0, 0, 0, 0, 0, 0, 0, 0, 0, 0, 0, 0, 0, 0, 0, 0, 0, 0, 0, 0, 0, 0, 0, 0, 0, 0, 0, 0, 0, 0, 0, 0, 0, 0, 0, 0, 0, 0, 0, 0, 0, 0, 0, 0, 0, 0, 0, 0, 0, 0, 0, 0, 0, 0], "scoring-beta-escore": 0.24652386320931985, "sparsity": 1.0, "black_box": ""}}, {"scoring": "r2", "coverage": 1.0, "sparsity": 1.0, "alpha": 0.5, "beta": 0.0, "gamma": 100.0, "max_len": 100.0, "results": {"alpha": 0.5, "beta": 0.0, "gamma": 100, "max_len": 100.0, "scoring": "r2", "scoring-fidelities": 0.8594084869267038, "beta-scoring-fidelity": 0.8924132018859837, "beta-scoring-rule_nr": 100, "mean_length": 2.853846153846154, "std_length": 1.1509964810581672, "coverage": 1.0, "beta-scoring-coverage": 0.7822546078011144, "mean-beta-scoring-length": 3.04, "std-beta-scoring-length": 1.1825396399275587, "mean_prediction": 0.3879852373205689, "std-scoring-prediction": 0.0, "rule_reduction-alpha-scoring": 0.09230769230769231, "rule_reduction-beta-scoring": 0.7692307692307693, "len_reduction-beta-scoring": 1.0652291105121294, "simplicity-beta-scoring": 0.8194070080862534, "feature_frequency": [0, 0, 15, 27, 15, 27, 19, 11, 19, 33, 9, 11, 21, 9, 21, 35, 3, 2, 0, 0, 0, 0, 0, 0, 0, 0, 0, 0, 0, 0, 0, 0, 0, 1, 0, 0, 1, 0, 0, 0, 0, 12, 0, 0, 0, 0, 0, 0, 0, 0, 0, 0, 0, 0, 0, 1, 0, 0, 0, 0, 0, 1, 0, 0, 0, 0, 0, 22, 22, 17, 17, 0], "scoring-beta-feature_frequency": [0, 0, 15, 23, 13, 23, 18, 9, 18, 28, 4, 8, 17, 0, 17, 26, 0, 0, 0, 0, 0, 0, 0, 0, 0, 0, 0, 0, 0, 0, 0, 0, 0, 1, 0, 0, 0, 0, 0, 0, 0, 12, 0, 0, 0, 0, 0, 0, 0, 0, 0, 0, 0, 0, 0, 1, 0, 0, 0, 0, 0, 1, 0, 0, 0, 0, 0, 18, 18, 17, 17, 0], "scoring-beta-escore": 0.8543533105569857, "sparsity": 1.0, "black_box": ""}}]}