{"name": "compas.cpar.dnn.coverage", "runs": [{"scoring": "r2", "coverage": 1.0, "sparsity": 1.0, "alpha": 0.5, "beta": 0.0, "gamma": -1.0, "max_len": -1.0, "results": {"alpha": 0.5, "beta": 0.0, "gamma": 2247, "max_len": Infinity, "scoring": "r2", "scoring-fidelities": 0.6376237623762376, "beta-scoring-fidelity": 0.6362376237623762, "beta-scoring-rule_nr": 2247, "mean_length": 3.088117489986649, "std_length": 1.3178708565572024, "coverage": 1.0, "beta-scoring-coverage": 1.0, "mean-beta-scoring-length": 3.088117489986649, "std-beta-scoring-length": 1.3178708565572024, "mean_prediction": 611.9349890797196, "std-scoring-prediction": NaN, "rule_reduction-alpha-scoring": 0.0, "rule_reduction-beta-scoring": 1.0, "len_reduction-beta-scoring": 1.0, "simplicity-beta-scoring": 1.0, "feature_frequency": [145, 866, 495, 451, 277, 451, 858, 0, 524, 460, 472, 0, 0, 14, 750, 224, 11, 119, 0, 822, 0], "scoring-beta-feature_frequency": [145, 866, 495, 451, 277, 451, 858, 0, 524, 460, 472, 0, 0, 14, 750, 224, 11, 119, 0, 822, 0], "scoring-beta-escore": 0.7776836500060511, "sparsity": 1.0, "black_box": ""}}, {"scoring": "r2", "coverage": 1.0, "sparsity": 1.0, "alpha": 0.5, "beta": 0.0, "gamma": -1.0, "max_len": -1.0, "results": {"alpha": 0.5, "beta": 0.0, "gamma": 2247, "max_len": Infinity, "scoring": "r2", "scoring-fidelities": 0.6376237623762376, "beta-scoring-fidelity": 0.6362376237623762, "beta-scoring-rule_nr": 2247, "mean_length": 3.088117489986649, "std_length": 1.3178708565572024, "coverage": 1.0, "beta-scoring-coverage": 1.0, "mean-beta-scoring-length": 3.088117489986649, "std-beta-scoring-length": 1.3178708565572024, "mean_prediction": 611.9349890797196, "std-scoring-prediction": NaN, "rule_reduction-alpha-scoring": 0.0, "rule_reduction-beta-scoring": 1.0, "len_reduction-beta-scoring": 1.0, "simplicity-beta-scoring": 1.0, "feature_frequency": [145, 866, 495, 451, 277, 451, 858, 0, 524, 460, 472, 0, 0, 14, 750, 224, 11, 119, 0, 822, 0], "scoring-beta-feature_frequency": [145, 866, 495, 451, 277, 451, 858, 0, 524, 460, 472, 0, 0, 14, 750, 224, 11, 119, 0, 822, 0], "scoring-beta-escore": 0.7776836500060511, "sparsity": 1.0, "black_box": ""}}]}