{"name": "compas.rf.coverage", "runs": [{"scoring": "r2", "coverage": 1.0, "sparsity": 1.0, "alpha": 0.5, "beta": 0.0, "gamma": -1.0, "max_len": -1.0, "results": {"alpha": 0.5, "beta": 0.0, "gamma": 44, "max_len": Infinity, "scoring": "r2", "scoring-fidelities": 0.8166336633663367, "beta-scoring-fidelity": 0.9087128712871287, "beta-scoring-rule_nr": 44, "mean_length": 2.772727272727273, "std_length": 1.0630923239569545, "coverage": 1.0, "beta-scoring-coverage": 0.7801980198019802, "mean-beta-scoring-length": 2.772727272727273, "std-beta-scoring-length": 1.0630923239569545, "mean_prediction": 0.4657704893617999, "std-scoring-prediction": 0.0, "rule_reduction-alpha-scoring": 0.045454545454545456, "rule_reduction-beta-scoring": 1.0, "len_reduction-beta-scoring": 1.0, "simplicity-beta-scoring": 1.0, "feature_frequency": [18, 31, 1, 5, 3, 14, 8, 5, 3, 8, 2, 2, 13, 1, 3, 1, 0, 0, 2, 2, 0], "scoring-beta-feature_frequency": [18, 31, 1, 5, 3, 14, 8, 5, 3, 8, 2, 2, 13, 1, 3, 1, 0, 0, 2, 2, 0], "scoring-beta-escore": 0.9521734619773835, "sparsity": 1.0, "black_box": ""}}, {"scoring": "r2", "coverage": 1.0, "sparsity": 1.0, "alpha": 0.5, "beta": 0.0, "gamma": -1.0, "max_len": -1.0, "results": {"alpha": 0.5, "beta": 0.0, "gamma": 44, "max_len": Infinity, "scoring": "r2", "scoring-fidelities": 0.8166336633663367, "beta-scoring-fidelity": 0.9087128712871287, "beta-scoring-rule_nr": 44, "mean_length": 2.772727272727273, "std_length": 1.0630923239569545, "coverage": 1.0, "beta-scoring-coverage": 0.7801980198019802, "mean-beta-scoring-length": 2.772727272727273, "std-beta-scoring-length": 1.0630923239569545, "mean_prediction": 0.4657704893617999, "std-scoring-prediction": 0.0, "rule_reduction-alpha-scoring": 0.045454545454545456, "rule_reduction-beta-scoring": 1.0, "len_reduction-beta-scoring": 1.0, "simplicity-beta-scoring": 1.0, "feature_frequency": [18, 31, 1, 5, 3, 14, 8, 5, 3, 8, 2, 2, 13, 1, 3, 1, 0, 0, 2, 2, 0], "scoring-beta-feature_frequency": [18, 31, 1, 5, 3, 14, 8, 5, 3, 8, 2, 2, 13, 1, 3, 1, 0, 0, 2, 2, 0], "scoring-beta-escore": 0.9521734619773835, "sparsity": 1.0, "black_box": ""}}, {"scoring": "r2", "coverage": 1.0, "sparsity": 1.0, "alpha": 0.5, "beta": 0.0, "gamma": -1.0, "max_len": -1.0, "results": {"alpha": 0.5, "beta": 0.0, "gamma": 44, "max_len": Infinity, "scoring": "r2", "scoring-fidelities": 0.8166336633663367, "beta-scoring-fidelity": 0.9087128712871287, "beta-scoring-rule_nr": 44, "mean_length": 2.772727272727273, "std_length": 1.0630923239569545, "coverage": 1.0, "beta-scoring-coverage": 0.7801980198019802, "mean-beta-scoring-length": 2.772727272727273, "std-beta-scoring-length": 1.0630923239569545, "mean_prediction": 0.4657704893617999, "std-scoring-prediction": 0.0, "rule_reduction-alpha-scoring": 0.045454545454545456, "rule_reduction-beta-scoring": 1.0, "len_reduction-beta-scoring": 1.0, "simplicity-beta-scoring": 1.0, "feature_frequency": [18, 31, 1, 5, 3, 14, 8, 5, 3, 8, 2, 2, 13, 1, 3, 1, 0, 0, 2, 2, 0], "scoring-beta-feature_frequency": [18, 31, 1, 5, 3, 14, 8, 5, 3, 8, 2, 2, 13, 1, 3, 1, 0, 0, 2, 2, 0], "scoring-beta-escore": 0.9521734619773835, "sparsity": 1.0, "black_box": ""}}, {"scoring": "r2", "coverage": 1.0, "sparsity": 1.0, "alpha": 0.5, "beta": 0.0, "gamma": -1.0, "max_len": -1.0, "results": {"alpha": 0.5, "beta": 0.0, "gamma": 44, "max_len": Infinity, "scoring": "r2", "scoring-fidelities": 0.8166336633663367, "beta-scoring-fidelity": 0.9087128712871287, "beta-scoring-rule_nr": 44, "mean_length": 2.772727272727273, "std_length": 1.0630923239569545, "coverage": 1.0, "beta-scoring-coverage": 0.7801980198019802, "mean-beta-scoring-length": 2.772727272727273, "std-beta-scoring-length": 1.0630923239569545, "mean_prediction": 0.4657704893617999, "std-scoring-prediction": 0.0, "rule_reduction-alpha-scoring": 0.045454545454545456, "rule_reduction-beta-scoring": 1.0, "len_reduction-beta-scoring": 1.0, "simplicity-beta-scoring": 1.0, "feature_frequency": [18, 31, 1, 5, 3, 14, 8, 5, 3, 8, 2, 2, 13, 1, 3, 1, 0, 0, 2, 2, 0], "scoring-beta-feature_frequency": [18, 31, 1, 5, 3, 14, 8, 5, 3, 8, 2, 2, 13, 1, 3, 1, 0, 0, 2, 2, 0], "scoring-beta-escore": 0.9521734619773835, "sparsity": 1.0, "black_box": ""}}, {"scoring": "r2", "coverage": 1.0, "sparsity": 1.0, "alpha": 0.5, "beta": 0.0, "gamma": -1.0, "max_len": -1.0, "results": {"alpha": 0.5, "beta": 0.0, "gamma": 44, "max_len": Infinity, "scoring": "r2", "scoring-fidelities": 0.8166336633663367, "beta-scoring-fidelity": 0.9087128712871287, "beta-scoring-rule_nr": 44, "mean_length": 2.772727272727273, "std_length": 1.0630923239569545, "coverage": 1.0, "beta-scoring-coverage": 0.7801980198019802, "mean-beta-scoring-length": 2.772727272727273, "std-beta-scoring-length": 1.0630923239569545, "mean_prediction": 0.4657704893617999, "std-scoring-prediction": 0.0, "rule_reduction-alpha-scoring": 0.045454545454545456, "rule_reduction-beta-scoring": 1.0, "len_reduction-beta-scoring": 1.0, "simplicity-beta-scoring": 1.0, "feature_frequency": [18, 31, 1, 5, 3, 14, 8, 5, 3, 8, 2, 2, 13, 1, 3, 1, 0, 0, 2, 2, 0], "scoring-beta-feature_frequency": [18, 31, 1, 5, 3, 14, 8, 5, 3, 8, 2, 2, 13, 1, 3, 1, 0, 0, 2, 2, 0], "scoring-beta-escore": 0.9521734619773835, "sparsity": 1.0, "black_box": ""}}, {"scoring": "r2", "coverage": 1.0, "sparsity": 1.0, "alpha": 0.5, "beta": 0.0, "gamma": -1.0, "max_len": -1.0, "results": {"alpha": 0.5, "beta": 0.0, "gamma": 44, "max_len": Infinity, "scoring": "r2", "scoring-fidelities": 0.8166336633663367, "beta-scoring-fidelity": 0.9087128712871287, "beta-scoring-rule_nr": 44, "mean_length": 2.772727272727273, "std_length": 1.0630923239569545, "coverage": 1.0, "beta-scoring-coverage": 0.7801980198019802, "mean-beta-scoring-length": 2.772727272727273, "std-beta-scoring-length": 1.0630923239569545, "mean_prediction": 0.4657704893617999, "std-scoring-prediction": 0.0, "rule_reduction-alpha-scoring": 0.045454545454545456, "rule_reduction-beta-scoring": 1.0, "len_reduction-beta-scoring": 1.0, "simplicity-beta-scoring": 1.0, "feature_frequency": [18, 31, 1, 5, 3, 14, 8, 5, 3, 8, 2, 2, 13, 1, 3, 1, 0, 0, 2, 2, 0], "scoring-beta-feature_frequency": [18, 31, 1, 5, 3, 14, 8, 5, 3, 8, 2, 2, 13, 1, 3, 1, 0, 0, 2, 2, 0], "scoring-beta-escore": 0.9521734619773835, "sparsity": 1.0, "black_box": ""}}, {"scoring": "r2", "coverage": 1.0, "sparsity": 1.0, "alpha": 0.5, "beta": 0.0, "gamma": -1.0, "max_len": -1.0, "results": {"alpha": 0.5, "beta": 0.0, "gamma": 2, "max_len": Infinity, "scoring": "r2", "scoring-fidelities": 0.6376237623762376, "beta-scoring-fidelity": 0.6376237623762376, "beta-scoring-rule_nr": 2, "mean_length": 1.0, "std_length": 0.0, "coverage": 1.0, "beta-scoring-coverage": 0.23405940594059407, "mean-beta-scoring-length": 1.0, "std-beta-scoring-length": 0.0, "mean_prediction": 0.0, "std-scoring-prediction": NaN, "rule_reduction-alpha-scoring": 0.0, "rule_reduction-beta-scoring": 1.0, "len_reduction-beta-scoring": 1.0, "simplicity-beta-scoring": 1.0, "feature_frequency": [0, 1, 0, 0, 0, 0, 0, 0, 1, 0, 0, 0, 0, 0, 0, 0, 0, 0, 0, 0, 0], "scoring-beta-feature_frequency": [0, 1, 0, 0, 0, 0, 0, 0, 1, 0, 0, 0, 0, 0, 0, 0, 0, 0, 0, 0, 0], "scoring-beta-escore": 0.7787182587666264, "sparsity": 1.0, "black_box": ""}}, {"scoring": "r2", "coverage": 1.0, "sparsity": 1.0, "alpha": 0.5, "beta": 0.0, "gamma": -1.0, "max_len": -1.0, "results": {"alpha": 0.5, "beta": 0.0, "gamma": 2, "max_len": Infinity, "scoring": "r2", "scoring-fidelities": 0.6380424746075716, "beta-scoring-fidelity": 0.6380424746075716, "beta-scoring-rule_nr": 2, "mean_length": 1.0, "std_length": 0.0, "coverage": 1.0, "beta-scoring-coverage": 0.22714681440443213, "mean-beta-scoring-length": 1.0, "std-beta-scoring-length": 0.0, "mean_prediction": 0.0, "std-scoring-prediction": NaN, "rule_reduction-alpha-scoring": 0.0, "rule_reduction-beta-scoring": 1.0, "len_reduction-beta-scoring": 1.0, "simplicity-beta-scoring": 1.0, "feature_frequency": [0, 1, 0, 0, 0, 0, 0, 0, 1, 0, 0, 0, 0, 0, 0, 0, 0, 0, 0, 0, 0],