{"name": "german.rf.coverage", "runs": [{"scoring": "r2", "coverage": 1.0, "sparsity": 1.0, "alpha": 0.5, "beta": 0.0, "gamma": -1.0, "max_len": -1.0, "results": {"alpha": 0.5, "beta": 0.0, "gamma": 118, "max_len": Infinity, "scoring": "r2", "scoring-fidelities": 0.7674418604651163, "beta-scoring-fidelity": 0.8637873754152824, "beta-scoring-rule_nr": 118, "mean_length": 2.593220338983051, "std_length": 0.9318951724672051, "coverage": 1.0, "beta-scoring-coverage": 0.9833887043189369, "mean-beta-scoring-length": 2.593220338983051, "std-beta-scoring-length": 0.9318951724672051, "mean_prediction": 0.4835709361927832, "std-scoring-prediction": 0.0, "rule_reduction-alpha-scoring": 0.00847457627118644, "rule_reduction-beta-scoring": 1.0, "len_reduction-beta-scoring": 1.0, "simplicity-beta-scoring": 1.0, "feature_frequency": [45, 9, 3, 8, 9, 1, 0, 4, 29, 2, 24, 0, 12, 3, 1, 5, 2, 1, 6, 13, 10, 1, 2, 6, 0, 0, 3, 4, 4, 1, 7, 2, 3, 9, 7, 0, 4, 1, 5, 5, 2, 2, 0, 3, 6, 11, 1, 3, 0, 1, 2, 0, 6, 7, 1, 2, 5, 0, 1, 2, 0, 0], "scoring-beta-feature_frequency": [45, 9, 3, 8, 9, 1, 0, 4, 29, 2, 24, 0, 12, 3, 1, 5, 2, 1, 6, 13, 10, 1, 2, 6, 0, 0, 3, 4, 4, 1, 7, 2, 3, 9, 7, 0, 4, 1, 5, 5, 2, 2, 0, 3, 6, 11, 1, 3, 0, 1, 2, 0, 6, 7, 1, 2, 5, 0, 1, 2, 0, 0], "scoring-beta-escore": 0.9269162210338681, "sparsity": 1.0, "black_box": ""}}]}