{"name": "adult.cpar.dnn.r2", "runs": [{"scoring": "r2", "coverage": 1.0, "sparsity": 1.0, "alpha": 0.5, "beta": 0.0, "gamma": -1.0, "max_len": -1.0, "results": {"alpha": 0.5, "beta": 0.0, "gamma": 299, "max_len": Infinity, "scoring": "r2", "scoring-fidelities": 0.8799385875127943, "beta-scoring-fidelity": 0.8198567041965199, "beta-scoring-rule_nr": 299, "mean_length": 4.157190635451505, "std_length": 2.485820685820434, "coverage": 1.0, "beta-scoring-coverage": 1.0, "mean-beta-scoring-length": 4.157190635451505, "std-beta-scoring-length": 2.485820685820434, "mean_prediction": 8.8472987354292, "std-scoring-prediction": NaN, "rule_reduction-alpha-scoring": 0.0, "rule_reduction-beta-scoring": 1.0, "len_reduction-beta-scoring": 1.0, "simplicity-beta-scoring": 1.0, "feature_frequency": [49, 55, 53, 103, 25, 39, 0, 0, 32, 33, 31, 0, 2, 0, 2, 1, 0, 3, 2, 24, 29, 66, 6, 23, 13, 1, 20, 53, 0, 1, 168, 0, 2, 1, 1, 28, 1, 13, 31, 5, 1, 4, 4, 0, 34, 17, 28, 22, 7, 63, 4, 2, 0, 2, 18, 3, 14, 19, 1, 0, 13, 0, 1, 6, 0, 0, 4, 1, 0, 1, 3, 4, 3, 1, 0, 0, 0, 0, 1, 0, 8, 2, 1, 1, 2, 7, 1, 7, 0, 0, 0, 5, 2, 0, 2, 1, 0, 5, 1, 0, 0, 0, 1, 0], "scoring-beta-feature_frequency": [49, 55, 53, 103, 25, 39, 0, 0, 32, 33, 31, 0, 2, 0, 2, 1, 0, 3, 2, 24, 29, 66, 6, 23, 13, 1, 20, 53, 0, 1, 168, 0, 2, 1, 1, 28, 1, 13, 31, 5, 1, 4, 4, 0, 34, 17, 28, 22, 7, 63, 4, 2, 0, 2, 18, 3, 14, 19, 1, 0, 13, 0, 1, 6, 0, 0, 4, 1, 0, 1, 3, 4, 3, 1, 0, 0, 0, 0, 1, 0, 8, 2, 1, 1, 2, 7, 1, 7, 0, 0, 0, 5, 2, 0, 2, 1, 0, 5, 1, 0, 0, 0, 1, 0], "scoring-beta-escore": 0.9010123734533183, "sparsity": 1.0, "black_box": "data/adult"}}, {"scoring": "r2", "coverage": 1.0, "sparsity": 1.0, "alpha": 0.5, "beta": 25.0, "gamma": -1.0, "max_len": -1.0, "results": {"alpha": 0.5, "beta": 25.0, "gamma": 299, "max_len": Infinity, "scoring": "r2", "scoring-fidelities": 0.8799385875127943, "beta-scoring-fidelity": 0.8198567041965199, "beta-scoring-rule_nr": 224, "mean_length": 4.157190635451505, "std_length": 2.485820685820434, "coverage": 1.0, "beta-scoring-coverage": 1.0, "mean-beta-scoring-length": 4.214285714285714, "std-beta-scoring-length": 2.743266338524503, "mean_prediction": 8.8472987354292, "std-scoring-prediction": NaN, "rule_reduction-alpha-scoring": 0.0, "rule_reduction-beta-scoring": 0.7491638795986622, "len_reduction-beta-scoring": 1.0137340535570625, "simplicity-beta-scoring": 0.7594529364440868, "feature_frequency": [49, 55, 53, 103, 25, 39, 0, 0, 32, 33, 31, 0, 2, 0, 2, 1, 0, 3, 2, 24, 29, 66, 6, 23, 13, 1, 20, 53, 0, 1, 168, 0, 2, 1, 1, 28, 1, 13, 31, 5, 1, 4, 4, 0, 34, 17, 28, 22, 7, 63, 4, 2, 0, 2, 18, 3, 14, 19, 1, 0, 13, 0, 1, 6, 0, 0, 4, 1, 0, 1, 3, 4, 3, 1, 0, 0, 0, 0, 1, 0, 8, 2, 1, 1, 2, 7, 1, 7, 0, 0, 0, 5, 2, 0, 2, 1, 0, 5, 1, 0, 0, 0, 1, 0], "scoring-beta-feature_frequency": [44, 49, 46, 85, 20, 36, 0, 0, 24, 22, 23, 0, 2, 0, 1, 1, 0, 2, 2, 16, 19, 55, 4, 20, 10, 1, 11, 41, 0, 1, 120, 0, 1, 1, 1, 21, 0, 10, 24, 3, 1, 3, 3, 0, 26, 15, 22, 17, 6, 46, 3, 1, 0, 1, 12, 3, 10, 17, 1, 0, 9, 0, 1, 2, 0, 0, 1, 1, 0, 1, 1, 4, 0, 1, 0, 0, 0, 0, 1, 0, 6, 1, 1, 0, 0, 2, 1, 5, 0, 0, 0, 2, 0, 0, 0, 0, 0, 1, 0, 0, 0, 0, 0, 0], "scoring-beta-escore": 0.7884996905519541, "sparsity": 1.0, "black_box": "data/adult"}}, {"scoring": "r2", "coverage": 1.0, "sparsity": 1.0, "alpha": 0.5, "beta": 50.0, "gamma": -1.0, "max_len": -1.0, "results": {"alpha": 0.5, "beta": 50.0, "gamma": 299, "max_len": Infinity, "scoring": "r2", "scoring-fidelities": 0.8799385875127943, "beta-scoring-fidelity": 0.819754350051177, "beta-scoring-rule_nr": 150, "mean_length": 4.157190635451505, "std_length": 2.485820685820434, "coverage": 1.0, "beta-scoring-coverage": 1.0, "mean-beta-scoring-length": 4.226666666666667, "std-beta-scoring-length": 3.0619093534735624, "mean_prediction": 8.8472987354292, "std-scoring-prediction": NaN, "rule_reduction-alpha-scoring": 0.0, "rule_reduction-beta-scoring": 0.5016722408026756, "len_reduction-beta-scoring": 1.0167122552963261, "simplicity-beta-scoring": 0.5100563153660499, "feature_frequency": [49, 55, 53, 103, 25, 39, 0, 0, 32, 33, 31, 0, 2, 0, 2, 1, 0, 3, 2, 24, 29, 66, 6, 23, 13, 1, 20, 53, 0, 1, 168, 0, 2, 1, 1, 28, 1, 13, 31, 5, 1, 4, 4, 0, 34, 17, 28, 22, 7, 63, 4, 2, 0, 2, 18, 3, 14, 19, 1, 0, 13, 0, 1, 6, 0, 0, 4, 1, 0, 1, 3, 4, 3, 1, 0, 0, 0, 0, 1, 0, 8, 2, 1, 1, 2, 7, 1, 7, 0, 0, 0, 5, 2, 0, 2, 1, 0, 5, 1, 0, 0, 0, 1, 0], "scoring-beta-feature_frequency": [29, 39, 40, 60, 15, 20, 0, 0, 20, 17, 12, 0, 2, 0, 0, 1, 0, 1, 2, 4, 14, 34, 3, 15, 5, 0, 5, 37, 0, 0, 76, 0, 0, 0, 1, 14, 0, 3, 17, 3, 1, 3, 2, 0, 21, 6, 20, 12, 6, 29, 0, 1, 0, 1, 7, 1, 5, 12, 1, 0, 5, 0, 0, 0, 0, 0, 0, 1, 0, 1, 1, 1, 0, 0, 0, 0, 0, 0, 0, 0, 2, 0, 0, 0, 0, 0, 1, 5, 0, 0, 0, 0, 0, 0, 0, 0, 0, 0, 0, 0, 0, 0, 0, 0], "scoring-beta-escore": 0.6288427280152838, "sparsity": 1.0, "black_box": "data/adult"}}, {"scoring": "r2", "coverage": 1.0, "sparsity": 1.0, "alpha": 0.5, "beta": 75.0, "gamma": -1.0, "max_len": -1.0, "results": {"alpha": 0.5, "beta": 75.0, "gamma": 299, "max_len": Infinity, "scoring": "r2", "scoring-fidelities": 0.8799385875127943, "beta-scoring-fidelity": 0.819754350051177, "beta-scoring-rule_nr": 75, "mean_length": 4.157190635451505, "std_length": 2.485820685820434, "coverage": 1.0, "beta-scoring-coverage": 1.0, "mean-beta-scoring-length": 2.7066666666666666, "std-beta-scoring-length": 1.9375127239725563, "mean_prediction": 8.8472987354292, "std-scoring-prediction": NaN, "rule_reduction-alpha-scoring": 0.0, "rule_reduction-beta-scoring": 0.2508361204013378, "len_reduction-beta-scoring": 0.6510807186913382, "simplicity-beta-scoring": 0.16331456154465004, "feature_frequency": [49, 55, 53, 103, 25, 39, 0, 0, 32, 33, 31, 0, 2, 0, 2, 1, 0, 3, 2, 24, 29, 66, 6, 23, 13, 1, 20, 53, 0, 1, 168, 0, 2, 1, 1, 28, 1, 13, 31, 5, 1, 4, 4, 0, 34, 17, 28, 22, 7, 63, 4, 2, 0, 2, 18, 3, 14, 19, 1, 0, 13, 0, 1, 6, 0, 0, 4, 1, 0, 1, 3, 4, 3, 1, 0, 0, 0, 0, 1, 0, 8, 2, 1, 1, 2, 7, 1, 7, 0, 0, 0, 5, 2, 0, 2, 1, 0, 5, 1, 0, 0, 0, 1, 0], "scoring-beta-feature_frequency": [3, 9, 20, 14, 1, 1, 0, 0, 3, 3, 2, 0, 1, 0, 0, 1, 0, 1, 1, 1, 5, 17, 1, 7, 3, 0, 4, 9, 0, 0, 28, 0, 0, 0, 1, 4, 0, 2, 7, 1, 1, 3, 2, 0, 8, 2, 7, 4, 3, 11, 0, 0, 0, 1, 2, 0, 2, 2, 0, 0, 0, 0, 0, 0, 0, 0, 0, 1, 0, 0, 1, 0, 0, 0, 0, 0, 0, 0, 0, 0, 1, 0, 0, 0, 0, 0, 0, 2, 0, 0, 0, 0, 0, 0, 0, 0, 0, 0, 0, 0, 0, 0, 0, 0], "scoring-beta-escore": 0.27236711622911997, "sparsity": 1.0, "black_box": "data/adult"}}, {"scoring": "r2", "coverage": 1.0, "sparsity": 1.0, "alpha": 0.5, "beta": 90.0, "gamma": -1.0, "max_len": -1.0, "results": {"alpha": 0.5, "beta": 90.0, "gamma": 299, "max_len": Infinity, "scoring": "r2", "scoring-fidelities": 0.8799385875127943, "beta-scoring-fidelity": 0.8213920163766633, "beta-scoring-rule_nr": 30, "mean_length": 4.157190635451505, "std_length": 2.485820685820434, "coverage": 1.0, "beta-scoring-coverage": 1.0, "mean-beta-scoring-length": 1.8333333333333333, "std-beta-scoring-length": 1.1571036638473187, "mean_prediction": 8.8472987354292, "std-scoring-prediction": NaN, "rule_reduction-alpha-scoring": 0.0, "rule_reduction-beta-scoring": 0.10033444816053512, "len_reduction-beta-scoring": 0.4410029498525074, "simplicity-beta-scoring": 0.04424778761061947, "feature_frequency": [49, 55, 53, 103, 25, 39, 0, 0, 32, 33, 31, 0, 2, 0, 2, 1, 0, 3, 2, 24, 29, 66, 6, 23, 13, 1, 20, 53, 0, 1, 168, 0, 2, 1, 1, 28, 1, 13, 31, 5, 1, 4, 4, 0, 34, 17, 28, 22, 7, 63, 4, 2, 0, 2, 18, 3, 14, 19, 1, 0, 13, 0, 1, 6, 0, 0, 4, 1, 0, 1, 3, 4, 3, 1, 0, 0, 0, 0, 1, 0, 8, 2, 1, 1, 2, 7, 1, 7, 0, 0, 0, 5, 2, 0, 2, 1, 0, 5, 1, 0, 0, 0, 1, 0], "scoring-beta-feature_frequency": [0, 1, 9, 2, 1, 0, 0, 0, 2, 0, 1, 0, 0, 0, 0, 0, 0, 0, 0, 0, 1, 5, 0, 2, 1, 0, 2, 2, 0, 0, 11, 0, 0, 0, 1, 1, 0, 1, 1, 0, 1, 1, 2, 0, 0, 0, 1, 0, 1, 3, 0, 0, 0, 1, 0, 0, 0, 0, 0, 0, 0, 0, 0, 0, 0, 0, 0, 0, 0, 0, 1, 0, 0, 0, 0, 0, 0, 0, 0, 0, 0, 0, 0, 0, 0, 0, 0, 0, 0, 0, 0, 0, 0, 0, 0, 0, 0, 0, 0, 0, 0, 0, 0, 0], "scoring-beta-escore": 0.0839720616318309, "sparsity": 1.0,