{"name": "adult.dnn.fidelity", "runs": [{"scoring": "fidelity", "coverage": 1.0, "sparsity": 1.0, "alpha": 0.5, "beta": 0.0, "gamma": -1.0, "max_len": -1.0, "results": {"alpha": 0.5, "beta": 0.0, "gamma": 1324, "max_len": Infinity, "scoring": "fidelity", "scoring-fidelities": 0.940634595701126, "beta-scoring-fidelity": 0.940634595701126, "beta-scoring-rule_nr": 1324, "mean_length": 20.61404833836858, "std_length": 26.00409244315643, "coverage": 1.0, "beta-scoring-coverage": 1.0, "mean-beta-scoring-length": 20.61404833836858, "std-beta-scoring-length": 26.00409244315643, "mean_prediction": 0.4915769701668453, "std-scoring-prediction": 0.4915769701668453, "rule_reduction-alpha-scoring": 1.0, "rule_reduction-beta-scoring": 1.0, "len_reduction-beta-scoring": 1.0, "simplicity-beta-scoring": 1.0, "feature_frequency": [748, 790, 776, 541, 223, 194, 214, 210, 187, 327, 260, 216, 283, 290, 194, 231, 233, 346, 246, 193, 255, 395, 136, 640, 224, 175, 174, 250, 336, 172, 643, 170, 479, 221, 217, 255, 176, 458, 353, 457, 468, 437, 400, 165, 311, 182, 258, 233, 402, 667, 291, 260, 239, 233, 147, 174, 210, 301, 157, 206, 394, 349, 223, 161, 209, 184, 185, 192, 185, 126, 195, 203, 189, 187, 180, 190, 210, 225, 212, 183, 172, 142, 217, 196, 168, 207, 179, 305, 176, 186, 180, 200, 219, 207, 188, 215, 179, 184, 178, 220, 211, 179, 174, 0], "scoring-beta-feature_frequency": [748, 790, 776, 541, 223, 194, 214, 210, 187, 327, 260, 216, 283, 290, 194, 231, 233, 346, 246, 193, 255, 395, 136, 640, 224, 175, 174, 250, 336, 172, 643, 170, 479, 221, 217, 255, 176, 458, 353, 457, 468, 437, 400, 165, 311, 182, 258, 233, 402, 667, 291, 260, 239, 233, 147, 174, 210, 301, 157, 206, 394, 349, 223, 161, 209, 184, 185, 192, 185, 126, 195, 203, 189, 187, 180, 190, 210, 225, 212, 183, 172, 142, 217, 196, 168, 207, 179, 305, 176, 186, 180, 200, 219, 207, 188, 215, 179, 184, 178, 220, 211, 179, 174, 0], "scoring-beta-escore": 0.969409282700422, "sparsity": 1.0, "black_box": "data/adult"}}, {"scoring": "fidelity", "coverage": 1.0, "sparsity": 1.0, "alpha": 0.5, "beta": 25.0, "gamma": -1.0, "max_len": -1.0, "results": {"alpha": 0.5, "beta": 25.0, "gamma": 1324, "max_len": Infinity, "scoring": "fidelity", "scoring-fidelities": 0.940634595701126, "beta-scoring-fidelity": 0.940634595701126, "beta-scoring-rule_nr": 1305, "mean_length": 20.61404833836858, "std_length": 26.00409244315643, "coverage": 1.0, "beta-scoring-coverage": 1.0, "mean-beta-scoring-length": 20.510344827586206, "std-beta-scoring-length": 26.071756423817256, "mean_prediction": 0.4915769701668453, "std-scoring-prediction": 0.4915769701668453, "rule_reduction-alpha-scoring": 1.0, "rule_reduction-beta-scoring": 0.9856495468277946, "len_reduction-beta-scoring": 0.9949692797319509, "simplicity-beta-scoring": 0.9806910196753746, "feature_frequency": [748, 790, 776, 541, 223, 194, 214, 210, 187, 327, 260, 216, 283, 290, 194, 231, 233, 346, 246, 193, 255, 395, 136, 640, 224, 175, 174, 250, 336, 172, 643, 170, 479, 221, 217, 255, 176, 458, 353, 457, 468, 437, 400, 165, 311, 182, 258, 233, 402, 667, 291, 260, 239, 233, 147, 174, 210, 301, 157, 206, 394, 349, 223, 161, 209, 184, 185, 192, 185, 126, 195, 203, 189, 187, 180, 190, 210, 225, 212, 183, 172, 142, 217, 196, 168, 207, 179, 305, 176, 186, 180, 200, 219, 207, 188, 215, 179, 184, 178, 220, 211, 179, 174, 0], "scoring-beta-feature_frequency": [733, 774, 757, 530, 214, 188, 213, 207, 184, 323, 257, 215, 278, 279, 190, 226, 227, 335, 241, 187, 248, 391, 133, 629, 217, 170, 169, 243, 326, 170, 633, 167, 472, 215, 211, 248, 173, 452, 348, 452, 463, 427, 391, 163, 307, 177, 248, 228, 396, 660, 284, 253, 235, 223, 138, 169, 205, 297, 154, 206, 387, 343, 221, 156, 207, 180, 181, 186, 183, 124, 193, 199, 184, 184, 176, 189, 207, 221, 209, 181, 169, 140, 215, 192, 165, 203, 175, 299, 174, 180, 177, 196, 214, 204, 181, 214, 176, 181, 173, 219, 211, 178, 170, 0], "scoring-beta-escore": 0.9602452529831125, "sparsity": 1.0, "black_box": "data/adult"}}, {"scoring": "fidelity", "coverage": 1.0, "sparsity": 1.0, "alpha": 0.5, "beta": 50.0, "gamma": -1.0, "max_len": -1.0, "results": {"alpha": 0.5, "beta": 50.0, "gamma": 1324, "max_len": Infinity, "scoring": "fidelity", "scoring-fidelities": 0.940634595701126, "beta-scoring-fidelity": 0.940634595701126, "beta-scoring-rule_nr": 1305, "mean_length": 20.61404833836858, "std_length": 26.00409244315643, "coverage": 1.0, "beta-scoring-coverage": 1.0, "mean-beta-scoring-length": 20.510344827586206, "std-beta-scoring-length": 26.071756423817256, "mean_prediction": 0.4915769701668453, "std-scoring-prediction": 0.4915769701668453, "rule_reduction-alpha-scoring": 1.0, "rule_reduction-beta-scoring": 0.9856495468277946, "len_reduction-beta-scoring": 0.9949692797319509, "simplicity-beta-scoring": 0.9806910196753746, "feature_frequency": [748, 790, 776, 541, 223, 194, 214, 210, 187, 327, 260, 216, 283, 290, 194, 231, 233, 346, 246, 193, 255, 395, 136, 640, 224, 175, 174, 250, 336, 172, 643, 170, 479, 221, 217, 255, 176, 458, 353, 457, 468, 437, 400, 165, 311, 182, 258, 233, 402, 667, 291, 260, 239, 233, 147, 174, 210, 301, 157, 206, 394, 349, 223, 161, 209, 184, 185, 192, 185, 126, 195, 203, 189, 187, 180, 190, 210, 225, 212, 183, 172, 142, 217, 196, 168, 207, 179, 305, 176, 186, 180, 200, 219, 207, 188, 215, 179, 184, 178, 220, 211, 179, 174, 0], "scoring-beta-feature_frequency": [733, 774, 757, 530, 214, 188, 213, 207, 184, 323, 257, 215, 278, 279, 190, 226, 227, 335, 241, 187, 248, 391, 133, 629, 217, 170, 169, 243, 326, 170, 633, 167, 472, 215, 211, 248, 173, 452, 348, 452, 463, 427, 391, 163, 307, 177, 248, 228, 396, 660, 284, 253, 235, 223, 138, 169, 205, 297, 154, 206, 387, 343, 221, 156, 207, 180, 181, 186, 183, 124, 193, 199, 184, 184, 176, 189, 207, 221, 209, 181, 169, 140, 215, 192, 165, 203, 175, 299, 174, 180, 177, 196, 214, 204, 181, 214, 176, 181, 173, 219, 211, 178, 170, 0], "scoring-beta-escore": 0.9602452529831125, "sparsity": 1.0, "black_box": "data/adult"}}, {"scoring": "fidelity", "coverage": 1.0, "sparsity": 1.0, "alpha": 0.5, "beta": 75.0, "gamma": -1.0, "max_len": -1.0, "results": {"alpha": 0.5, "beta": 75.0, "gamma": 1324, "max_len": Infinity, "scoring": "fidelity", "scoring-fidelities": 0.940634595701126, "beta-scoring-fidelity": 0.9409416581371546, "beta-scoring-rule_nr": 335, "mean_length": 20.61404833836858, "std_length": 26.00409244315643, "coverage": 1.0, "beta-scoring-coverage": 0.16069600818833163, "mean-beta-scoring-length": 12.710447761194029, "std-beta-scoring-length": 5.874537373423436, "mean_prediction": 0.4915769701668453, "std-scoring-prediction": 0.4915769701668453, "rule_reduction-alpha-scoring": 1.0, "rule_reduction-beta-scoring": 0.25302114803625375, "len_reduction-beta-scoring": 0.616591537603814, "simplicity-beta-scoring": 0.15601069871395595, "feature_frequency": [748, 790, 776, 541, 223, 194, 214, 210, 187, 327, 260, 216, 283, 290, 194, 231, 233, 346, 246, 193, 255, 395, 136, 640, 224, 175, 174, 250, 336, 172, 643, 170, 479, 221, 217, 255, 176, 458, 353, 457, 468, 437, 400, 165, 311, 182, 258, 233, 402, 667, 291, 260, 239, 233, 147, 174, 210, 301, 157, 206, 394, 349, 223, 161, 209, 184, 185, 192, 185, 126, 195, 203, 189, 187, 180, 190, 210, 225, 212, 183, 172, 142, 217, 196, 168, 207, 179, 305, 176, 186, 180, 200, 219, 207, 188, 215, 179, 184, 178, 220, 211, 179, 174, 0], "scoring-beta-feature_frequency": [288, 282, 330, 166, 3, 18, 0, 0, 12, 69, 44, 1, 45, 48, 3, 0, 32, 64, 22, 6, 6, 161, 21, 213, 60, 0, 20, 53, 61, 0, 227, 1, 121, 4, 3, 32, 0, 115, 108, 145, 137, 133, 154, 0, 139, 4, 40, 8, 107, 284, 26, 12, 60, 8, 17, 2, 4, 95, 3, 0, 78, 65, 1, 0, 0, 0, 0, 5, 0, 1, 0, 1, 0, 0, 2, 1, 1, 0, 0, 2, 0, 1, 0, 0, 0, 0, 0, 78, 0, 2, 0, 0, 0, 0, 1, 0, 2, 0, 0, 0, 0, 0, 0, 0], "scoring-beta-escore": 0.26764510713380146, "sparsity": 1.0, "black_box": "data/adult"}}, {"scoring": "fidelity", "coverage": 1.0, "sparsity": 1.0, "alpha": 0.5, "beta": 90.0, "gamma": -1.0, "max_len": -1.0, "results": {"alpha": 0.5, "beta": 90.0,