{"name": "adult.dnn.r2", "runs": [{"scoring": "r2", "coverage": 1.0, "sparsity": 1.0, "alpha": 0.5, "beta": 0.0, "gamma": -1.0, "max_len": -1.0, "results": {"alpha": 0.5, "beta": 0.0, "gamma": 1324, "max_len": Infinity, "scoring": "r2", "scoring-fidelities": 0.8799385875127943, "beta-scoring-fidelity": 0.8802456499488229, "beta-scoring-rule_nr": 1324, "mean_length": 20.61404833836858, "std_length": 26.00409244315643, "coverage": 1.0, "beta-scoring-coverage": 1.0, "mean-beta-scoring-length": 20.61404833836858, "std-beta-scoring-length": 26.00409244315643, "mean_prediction": 0.4915769701668453, "std-scoring-prediction": NaN, "rule_reduction-alpha-scoring": 0.0, "rule_reduction-beta-scoring": 1.0, "len_reduction-beta-scoring": 1.0, "simplicity-beta-scoring": 1.0, "feature_frequency": [748, 790, 776, 541, 223, 194, 214, 210, 187, 327, 260, 216, 283, 290, 194, 231, 233, 346, 246, 193, 255, 395, 136, 640, 224, 175, 174, 250, 336, 172, 643, 170, 479, 221, 217, 255, 176, 458, 353, 457, 468, 437, 400, 165, 311, 182, 258, 233, 402, 667, 291, 260, 239, 233, 147, 174, 210, 301, 157, 206, 394, 349, 223, 161, 209, 184, 185, 192, 185, 126, 195, 203, 189, 187, 180, 190, 210, 225, 212, 183, 172, 142, 217, 196, 168, 207, 179, 305, 176, 186, 180, 200, 219, 207, 188, 215, 179, 184, 178, 220, 211, 179, 174, 0], "scoring-beta-feature_frequency": [748, 790, 776, 541, 223, 194, 214, 210, 187, 327, 260, 216, 283, 290, 194, 231, 233, 346, 246, 193, 255, 395, 136, 640, 224, 175, 174, 250, 336, 172, 643, 170, 479, 221, 217, 255, 176, 458, 353, 457, 468, 437, 400, 165, 311, 182, 258, 233, 402, 667, 291, 260, 239, 233, 147, 174, 210, 301, 157, 206, 394, 349, 223, 161, 209, 184, 185, 192, 185, 126, 195, 203, 189, 187, 180, 190, 210, 225, 212, 183, 172, 142, 217, 196, 168, 207, 179, 305, 176, 186, 180, 200, 219, 207, 188, 215, 179, 184, 178, 220, 211, 179, 174, 0], "scoring-beta-escore": 0.9363091997822537, "sparsity": 1.0, "black_box": "data/adult"}}, {"scoring": "r2", "coverage": 1.0, "sparsity": 1.0, "alpha": 0.5, "beta": 25.0, "gamma": -1.0, "max_len": -1.0, "results": {"alpha": 0.5, "beta": 25.0, "gamma": 1324, "max_len": Infinity, "scoring": "r2", "scoring-fidelities": 0.8799385875127943, "beta-scoring-fidelity": 0.8802456499488229, "beta-scoring-rule_nr": 993, "mean_length": 20.61404833836858, "std_length": 26.00409244315643, "coverage": 1.0, "beta-scoring-coverage": 1.0, "mean-beta-scoring-length": 7.532729103726083, "std-beta-scoring-length": 7.649890988048923, "mean_prediction": 0.4915769701668453, "std-scoring-prediction": NaN, "rule_reduction-alpha-scoring": 0.0, "rule_reduction-beta-scoring": 0.75, "len_reduction-beta-scoring": 0.3654172620574262, "simplicity-beta-scoring": 0.2740629465430696, "feature_frequency": [748, 790, 776, 541, 223, 194, 214, 210, 187, 327, 260, 216, 283, 290, 194, 231, 233, 346, 246, 193, 255, 395, 136, 640, 224, 175, 174, 250, 336, 172, 643, 170, 479, 221, 217, 255, 176, 458, 353, 457, 468, 437, 400, 165, 311, 182, 258, 233, 402, 667, 291, 260, 239, 233, 147, 174, 210, 301, 157, 206, 394, 349, 223, 161, 209, 184, 185, 192, 185, 126, 195, 203, 189, 187, 180, 190, 210, 225, 212, 183, 172, 142, 217, 196, 168, 207, 179, 305, 176, 186, 180, 200, 219, 207, 188, 215, 179, 184, 178, 220, 211, 179, 174, 0], "scoring-beta-feature_frequency": [508, 477, 446, 345, 25, 45, 2, 6, 41, 113, 69, 2, 75, 94, 17, 11, 57, 105, 44, 21, 23, 265, 40, 341, 133, 6, 42, 133, 113, 2, 356, 6, 214, 15, 10, 63, 3, 204, 214, 212, 202, 215, 245, 2, 219, 21, 74, 34, 163, 381, 51, 36, 127, 36, 64, 11, 12, 129, 6, 0, 144, 101, 3, 5, 4, 6, 4, 12, 3, 3, 3, 6, 5, 4, 6, 4, 6, 5, 5, 5, 5, 4, 3, 6, 4, 5, 4, 112, 2, 8, 3, 9, 5, 4, 14, 3, 8, 4, 6, 3, 0, 4, 4, 0], "scoring-beta-escore": 0.4179865197917864, "sparsity": 1.0, "black_box": "data/adult"}}, {"scoring": "r2", "coverage": 1.0, "sparsity": 1.0, "alpha": 0.5, "beta": 50.0, "gamma": -1.0, "max_len": -1.0, "results": {"alpha": 0.5, "beta": 50.0, "gamma": 1324, "max_len": Infinity, "scoring": "r2", "scoring-fidelities": 0.8799385875127943, "beta-scoring-fidelity": 0.8802456499488229, "beta-scoring-rule_nr": 662, "mean_length": 20.61404833836858, "std_length": 26.00409244315643, "coverage": 1.0, "beta-scoring-coverage": 1.0, "mean-beta-scoring-length": 5.205438066465256, "std-beta-scoring-length": 5.810977789887261, "mean_prediction": 0.4915769701668453, "std-scoring-prediction": NaN, "rule_reduction-alpha-scoring": 0.0, "rule_reduction-beta-scoring": 0.5, "len_reduction-beta-scoring": 0.25251896090572673, "simplicity-beta-scoring": 0.12625948045286337, "feature_frequency": [748, 790, 776, 541, 223, 194, 214, 210, 187, 327, 260, 216, 283, 290, 194, 231, 233, 346, 246, 193, 255, 395, 136, 640, 224, 175, 174, 250, 336, 172, 643, 170, 479, 221, 217, 255, 176, 458, 353, 457, 468, 437, 400, 165, 311, 182, 258, 233, 402, 667, 291, 260, 239, 233, 147, 174, 210, 301, 157, 206, 394, 349, 223, 161, 209, 184, 185, 192, 185, 126, 195, 203, 189, 187, 180, 190, 210, 225, 212, 183, 172, 142, 217, 196, 168, 207, 179, 305, 176, 186, 180, 200, 219, 207, 188, 215, 179, 184, 178, 220, 211, 179, 174, 0], "scoring-beta-feature_frequency": [269, 239, 187, 178, 5, 18, 2, 4, 9, 62, 46, 0, 39, 37, 10, 3, 32, 41, 20, 12, 9, 177, 9, 179, 80, 1, 17, 92, 24, 0, 157, 4, 58, 7, 4, 33, 0, 101, 148, 88, 84, 87, 94, 1, 114, 8, 19, 4, 77, 162, 17, 15, 31, 9, 32, 3, 8, 77, 4, 0, 43, 29, 1, 1, 2, 1, 2, 4, 3, 0, 2, 3, 1, 2, 1, 3, 4, 1, 3, 1, 4, 1, 2, 3, 2, 2, 2, 50, 1, 4, 0, 5, 1, 1, 2, 2, 4, 1, 0, 2, 0, 3, 0, 0], "scoring-beta-escore": 0.22084211014220423, "sparsity": 1.0, "black_box": "data/adult"}}, {"scoring": "r2", "coverage": 1.0, "sparsity": 1.0, "alpha": 0.5, "beta": 75.0, "gamma": -1.0, "max_len": -1.0, "results": {"alpha": 0.5, "beta": 75.0, "gamma": 1324, "max_len": Infinity, "scoring": "r2", "scoring-fidelities": 0.8799385875127943, "beta-scoring-fidelity": 0.8799385875127943, "beta-scoring-rule_nr": 331, "mean_length": 20.61404833836858, "std_length": 26.00409244315643, "coverage": 1.0, "beta-scoring-coverage": 0.9961105424769703, "mean-beta-scoring-length": 2.7462235649546827, "std-beta-scoring-length": 1.6659761928353718, "mean_prediction": 0.4915769701668453, "std-scoring-prediction": NaN, "rule_reduction-alpha-scoring": 0.0, "rule_reduction-beta-scoring": 0.25, "len_reduction-beta-scoring": 0.13322097241050818, "simplicity-beta-scoring": 0.033305243102627044, "feature_frequency": [748, 790, 776, 541, 223, 194, 214, 210, 187, 327, 260, 216, 283, 290, 194, 231, 233, 346, 246, 193, 255, 395, 136, 640, 224, 175, 174, 250, 336, 172, 643, 170, 479, 221, 217, 255, 176, 458, 353, 457, 468, 437, 400, 165, 311, 182, 258, 233, 402, 667, 291, 260, 239, 233, 147, 174, 210, 301, 157, 206, 394, 349, 223, 161, 209, 184, 185, 192, 185, 126, 195, 203, 189, 187, 180, 190, 210, 225, 212, 183, 172, 142, 217, 196, 168, 207, 179, 305, 176, 186, 180, 200, 219, 207, 188, 215, 179, 184, 178, 220, 211, 179, 174, 0], "scoring-beta-feature_frequency": [89, 74, 5, 91, 3, 4, 0, 1, 3, 14, 2, 0, 1, 2, 0, 1, 3, 2, 2, 3, 1, 67, 6, 57, 43, 0, 5, 48, 6, 0, 27, 0, 14, 0, 1, 14, 0, 35, 71, 0, 6, 10, 17, 0, 46, 4, 4, 2, 9, 12, 5, 0, 11, 5, 17, 2, 2, 11, 0, 0, 17, 5, 0, 0, 2, 0, 0, 0, 1, 0, 1, 1, 0, 0, 0, 2, 2, 0, 2, 1, 2, 0, 0, 1, 1, 1, 0, 1, 0, 0, 0, 3, 0, 0, 0, 2, 2, 1, 0, 1, 0, 2, 0, 0], "scoring-beta-escore": 0.0641812571627155, "sparsity": 1.0, "black_box": "data/adult"}}, {"scoring": "r2", "coverage": 1.0, "sparsity": 1.0, "alpha": 0.5, "beta": 90.0, "gamma": -1.0, "max_len": -1.0, "results": {"alpha": 0.5, "beta": 90.0, "gamma": 1324, "max_len": Infinity, "scoring": "r2", "scoring-fidelities": 0.8799385875127943, "beta-scoring-fidelity": 0.8799385875127943, "beta-scoring-rule_nr": 133, "mean_length": 20.61404833836858, "std_length": 26.00409244315643, "coverage": 1.0, "beta-scoring-coverage": 0.9946775844421699, "mean-beta-scoring-length": 2.8496240601503757, "std-beta-scoring-length": 1.4638307998361453, "mean_prediction": 0.4915769701668453, "std-scoring-prediction": NaN,