{"name": "adult.cpar.dnn.fidelity", "runs": [{"scoring": "fidelity", "coverage": 1.0, "sparsity": 1.0, "alpha": 0.5, "beta": 0.0, "gamma": -1.0, "max_len": -1.0, "results": {"alpha": 0.5, "beta": 0.0, "gamma": 299, "max_len": Infinity, "scoring": "fidelity", "scoring-fidelities": 0.8198567041965199, "beta-scoring-fidelity": 0.8160696008188332, "beta-scoring-rule_nr": 299, "mean_length": 4.157190635451505, "std_length": 2.485820685820434, "coverage": 1.0, "beta-scoring-coverage": 1.0, "mean-beta-scoring-length": 4.157190635451505, "std-beta-scoring-length": 2.485820685820434, "mean_prediction": 8.8472987354292, "std-scoring-prediction": 8.767478934601831, "rule_reduction-alpha-scoring": 0.9933110367892977, "rule_reduction-beta-scoring": 1.0, "len_reduction-beta-scoring": 1.0, "simplicity-beta-scoring": 1.0, "feature_frequency": [49, 55, 53, 103, 25, 39, 0, 0, 32, 33, 31, 0, 2, 0, 2, 1, 0, 3, 2, 24, 29, 66, 6, 23, 13, 1, 20, 53, 0, 1, 168, 0, 2, 1, 1, 28, 1, 13, 31, 5, 1, 4, 4, 0, 34, 17, 28, 22, 7, 63, 4, 2, 0, 2, 18, 3, 14, 19, 1, 0, 13, 0, 1, 6, 0, 0, 4, 1, 0, 1, 3, 4, 3, 1, 0, 0, 0, 0, 1, 0, 8, 2, 1, 1, 2, 7, 1, 7, 0, 0, 0, 5, 2, 0, 2, 1, 0, 5, 1, 0, 0, 0, 1, 0], "scoring-beta-feature_frequency": [49, 55, 53, 103, 25, 39, 0, 0, 32, 33, 31, 0, 2, 0, 2, 1, 0, 3, 2, 24, 29, 66, 6, 23, 13, 1, 20, 53, 0, 1, 168, 0, 2, 1, 1, 28, 1, 13, 31, 5, 1, 4, 4, 0, 34, 17, 28, 22, 7, 63, 4, 2, 0, 2, 18, 3, 14, 19, 1, 0, 13, 0, 1, 6, 0, 0, 4, 1, 0, 1, 3, 4, 3, 1, 0, 0, 0, 0, 1, 0, 8, 2, 1, 1, 2, 7, 1, 7, 0, 0, 0, 5, 2, 0, 2, 1, 0, 5, 1, 0, 0, 0, 1, 0], "scoring-beta-escore": 0.8987206222172124, "sparsity": 1.0, "black_box": "data/adult"}}, {"scoring": "fidelity", "coverage": 1.0, "sparsity": 1.0, "alpha": 0.5, "beta": 25.0, "gamma": -1.0, "max_len": -1.0, "results": {"alpha": 0.5, "beta": 25.0, "gamma": 299, "max_len": Infinity, "scoring": "fidelity", "scoring-fidelities": 0.8198567041965199, "beta-scoring-fidelity": 0.9122824974411463, "beta-scoring-rule_nr": 225, "mean_length": 4.157190635451505, "std_length": 2.485820685820434, "coverage": 1.0, "beta-scoring-coverage": 0.1578300921187308, "mean-beta-scoring-length": 4.635555555555555, "std-beta-scoring-length": 2.3665404243846995, "mean_prediction": 8.8472987354292, "std-scoring-prediction": 8.767478934601831, "rule_reduction-alpha-scoring": 0.9933110367892977, "rule_reduction-beta-scoring": 0.7525083612040134, "len_reduction-beta-scoring": 1.1150692768391883, "simplicity-beta-scoring": 0.839098954143202, "feature_frequency": [49, 55, 53, 103, 25, 39, 0, 0, 32, 33, 31, 0, 2, 0, 2, 1, 0, 3, 2, 24, 29, 66, 6, 23, 13, 1, 20, 53, 0, 1, 168, 0, 2, 1, 1, 28, 1, 13, 31, 5, 1, 4, 4, 0, 34, 17, 28, 22, 7, 63, 4, 2, 0, 2, 18, 3, 14, 19, 1, 0, 13, 0, 1, 6, 0, 0, 4, 1, 0, 1, 3, 4, 3, 1, 0, 0, 0, 0, 1, 0, 8, 2, 1, 1, 2, 7, 1, 7, 0, 0, 0, 5, 2, 0, 2, 1, 0, 5, 1, 0, 0, 0, 1, 0], "scoring-beta-feature_frequency": [40, 48, 36, 89, 24, 37, 0, 0, 23, 28, 30, 0, 0, 0, 2, 0, 0, 2, 1, 23, 25, 55, 5, 12, 13, 1, 18, 42, 0, 1, 145, 0, 2, 1, 0, 25, 1, 10, 26, 3, 0, 1, 2, 0, 30, 15, 17, 19, 3, 53, 4, 1, 0, 1, 17, 2, 14, 17, 1, 0, 13, 0, 1, 6, 0, 0, 4, 0, 0, 0, 2, 4, 3, 1, 0, 0, 0, 0, 1, 0, 7, 2, 1, 1, 2, 7, 1, 5, 0, 0, 0, 5, 2, 0, 2, 1, 0, 5, 1, 0, 0, 0, 1, 0], "scoring-beta-escore": 0.8741616953788405, "sparsity": 1.0, "black_box": "data/adult"}}, {"scoring": "fidelity", "coverage": 1.0, "sparsity": 1.0, "alpha": 0.5, "beta": 50.0, "gamma": -1.0, "max_len": -1.0, "results": {"alpha": 0.5, "beta": 50.0, "gamma": 299, "max_len": Infinity, "scoring": "fidelity", "scoring-fidelities": 0.8198567041965199, "beta-scoring-fidelity": 0.9122824974411463, "beta-scoring-rule_nr": 161, "mean_length": 4.157190635451505, "std_length": 2.485820685820434, "coverage": 1.0, "beta-scoring-coverage": 0.12384851586489252, "mean-beta-scoring-length": 4.645962732919255, "std-beta-scoring-length": 2.1681200543419488, "mean_prediction": 8.8472987354292, "std-scoring-prediction": 8.767478934601831, "rule_reduction-alpha-scoring": 0.9933110367892977, "rule_reduction-beta-scoring": 0.5384615384615384, "len_reduction-beta-scoring": 1.117572692793932, "simplicity-beta-scoring": 0.6017699115044249, "feature_frequency": [49, 55, 53, 103, 25, 39, 0, 0, 32, 33, 31, 0, 2, 0, 2, 1, 0, 3, 2, 24, 29, 66, 6, 23, 13, 1, 20, 53, 0, 1, 168, 0, 2, 1, 1, 28, 1, 13, 31, 5, 1, 4, 4, 0, 34, 17, 28, 22, 7, 63, 4, 2, 0, 2, 18, 3, 14, 19, 1, 0, 13, 0, 1, 6, 0, 0, 4, 1, 0, 1, 3, 4, 3, 1, 0, 0, 0, 0, 1, 0, 8, 2, 1, 1, 2, 7, 1, 7, 0, 0, 0, 5, 2, 0, 2, 1, 0, 5, 1, 0, 0, 0, 1, 0], "scoring-beta-feature_frequency": [26, 36, 34, 61, 15, 25, 0, 0, 19, 22, 18, 0, 0, 0, 1, 0, 0, 1, 0, 16, 13, 48, 4, 9, 10, 0, 14, 24, 0, 1, 99, 0, 2, 0, 0, 13, 1, 8, 21, 2, 0, 1, 1, 0, 22, 9, 11, 15, 2, 41, 4, 1, 0, 1, 12, 1, 11, 10, 0, 0, 8, 0, 0, 4, 0, 0, 4, 0, 0, 0, 2, 3, 3, 0, 0, 0, 0, 0, 1, 0, 7, 2, 0, 1, 2, 7, 0, 2, 0, 0, 0, 5, 2, 0, 2, 1, 0, 5, 1, 0, 0, 0, 1, 0], "scoring-beta-escore": 0.7251851448583903, "sparsity": 1.0, "black_box": "data/adult"}}, {"scoring": "fidelity", "coverage": 1.0, "sparsity": 1.0, "alpha": 0.5, "beta": 75.0, "gamma": -1.0, "max_len": -1.0, "results": {"alpha": 0.5, "beta": 75.0, "gamma": 299, "max_len": Infinity, "scoring": "fidelity", "scoring-fidelities": 0.8198567041965199, "beta-scoring-fidelity": 0.9122824974411463, "beta-scoring-rule_nr": 127, "mean_length": 4.157190635451505, "std_length": 2.485820685820434, "coverage": 1.0, "beta-scoring-coverage": 0.11719549641760492, "mean-beta-scoring-length": 4.889763779527559, "std-beta-scoring-length": 2.213873032146967, "mean_prediction": 8.8472987354292, "std-scoring-prediction": 8.767478934601831, "rule_reduction-alpha-scoring": 0.9933110367892977, "rule_reduction-beta-scoring": 0.42474916387959866, "len_reduction-beta-scoring": 1.1762183186474178, "simplicity-beta-scoring": 0.49959774738535806, "feature_frequency": [49, 55, 53, 103, 25, 39, 0, 0, 32, 33, 31, 0, 2, 0, 2, 1, 0, 3, 2, 24, 29, 66, 6, 23, 13, 1, 20, 53, 0, 1, 168, 0, 2, 1, 1, 28, 1, 13, 31, 5, 1, 4, 4, 0, 34, 17, 28, 22, 7, 63, 4, 2, 0, 2, 18, 3, 14, 19, 1, 0, 13, 0, 1, 6, 0, 0, 4, 1, 0, 1, 3, 4, 3, 1, 0, 0, 0, 0, 1, 0, 8, 2, 1, 1, 2, 7, 1, 7, 0, 0, 0, 5, 2, 0, 2, 1, 0, 5, 1, 0, 0, 0, 1, 0], "scoring-beta-feature_frequency": [21, 35, 31, 55, 10, 20, 0, 0, 18, 19, 17, 0, 0, 0, 1, 0, 0, 1, 0, 9, 11, 44, 4, 5, 8, 0, 12, 20, 0, 0, 79, 0, 2, 0, 0, 11, 1, 6, 18, 1, 0, 0, 0, 0, 19, 7, 10, 13, 1, 33, 3, 0, 0, 0, 11, 0, 9, 8, 0, 0, 8, 0, 0, 2, 0, 0, 3, 0, 0, 0, 1, 3, 3, 0, 0, 0, 0, 0, 0, 0, 4, 1, 0, 0, 2, 7, 0, 2, 0, 0, 0, 4, 1, 0, 1, 0, 0, 4, 1, 0, 0, 0, 1, 0], "scoring-beta-escore": 0.6456273927916488, "sparsity": 1.0, "black_box": "data/adult"}}, {"scoring": "fidelity", "coverage": 1.0, "sparsity": 1.0, "alpha": 0.5, "beta": 90.0, "gamma": -1.0, "max_len": -1.0, "results": {"alpha": 0.5, "beta": 90.0, "gamma": 299, "max_len": Infinity, "scoring": "fidelity", "scoring-fidelities": 0.8198567041965199, "beta-scoring-fidelity": 0.9122824974411463, "beta-scoring-rule_nr": 74, "mean_length": 4.157190635451505, "std_length": 2.485820685820434, "coverage": 1.0, "beta-scoring-coverage": 0.10644831115660185, "mean-beta-scoring-length": 5.527027027027027, "std-beta-scoring-length": 2.579665665394546, "mean_prediction": 8.8472987354292, "std-scoring-prediction": 8.767478934601831, "rule_reduction-alpha-scoring": 0.9933110367892977, "rule_reduction-beta-scoring": 0.24749163879598662, "len_reduction-beta-scoring": 1.3295101215455198, "simplicity-beta-scoring": 0.32904263877715206, "feature_frequency": [49, 55, 53, 103, 25, 39, 0, 0, 32, 33, 31, 0, 2, 0, 2, 1, 0, 3, 2, 24, 29, 66, 6, 23, 13, 1, 20, 53, 0, 1, 168, 0, 2, 1, 1, 28, 1, 13, 31, 5, 1, 4, 4, 0, 34, 17, 28, 22, 7, 63, 4, 2, 0, 2, 18, 3, 14, 19, 1, 0, 13, 0, 1, 6, 0, 0, 4, 1, 0, 1, 3, 4, 3, 1, 0, 0, 0, 0, 1, 0, 8, 2, 1, 1, 2, 7, 1, 7, 0, 0, 0, 5, 2, 0, 2, 1, 0, 5, 1, 0, 0, 0, 1, 0],