{"name": "adult.rf.fidelity", "runs": [{"scoring": "fidelity", "coverage": 1.0, "sparsity": 1.0, "alpha": 0.5, "beta": 0.0, "gamma": -1.0, "max_len": -1.0, "results": {"alpha": 0.5, "beta": 0.0, "gamma": 1441, "max_len": Infinity, "scoring": "fidelity", "scoring-fidelities": 0.9389969293756397, "beta-scoring-fidelity": 0.9389969293756397, "beta-scoring-rule_nr": 1441, "mean_length": 10.9500346981263, "std_length": 15.042581302893936, "coverage": 1.0, "beta-scoring-coverage": 1.0, "mean-beta-scoring-length": 10.9500346981263, "std-beta-scoring-length": 15.042581302893936, "mean_prediction": 0.49283946349714974, "std-scoring-prediction": 0.49283946349714974, "rule_reduction-alpha-scoring": 1.0, "rule_reduction-beta-scoring": 1.0, "len_reduction-beta-scoring": 1.0, "simplicity-beta-scoring": 1.0, "feature_frequency": [850, 591, 213, 521, 57, 46, 61, 252, 76, 260, 54, 66, 198, 254, 105, 69, 64, 203, 162, 153, 111, 508, 49, 655, 115, 71, 60, 275, 154, 64, 600, 79, 367, 102, 91, 213, 59, 482, 340, 368, 263, 289, 436, 72, 228, 140, 231, 109, 295, 628, 235, 141, 260, 159, 114, 65, 37, 149, 57, 73, 222, 222, 60, 62, 50, 60, 56, 54, 62, 62, 62, 31, 55, 56, 62, 56, 58, 62, 55, 63, 46, 33, 69, 57, 59, 35, 57, 102, 63, 64, 55, 55, 58, 54, 61, 60, 43, 44, 57, 58, 63, 58, 59, 0], "scoring-beta-feature_frequency": [850, 591, 213, 521, 57, 46, 61, 252, 76, 260, 54, 66, 198, 254, 105, 69, 64, 203, 162, 153, 111, 508, 49, 655, 115, 71, 60, 275, 154, 64, 600, 79, 367, 102, 91, 213, 59, 482, 340, 368, 263, 289, 436, 72, 228, 140, 231, 109, 295, 628, 235, 141, 260, 159, 114, 65, 37, 149, 57, 73, 222, 222, 60, 62, 50, 60, 56, 54, 62, 62, 62, 31, 55, 56, 62, 56, 58, 62, 55, 63, 46, 33, 69, 57, 59, 35, 57, 102, 63, 64, 55, 55, 58, 54, 61, 60, 43, 44, 57, 58, 63, 58, 59, 0], "scoring-beta-escore": 0.9685388513513513, "sparsity": 1.0, "black_box": "data/adult"}}, {"scoring": "fidelity", "coverage": 1.0, "sparsity": 1.0, "alpha": 0.5, "beta": 25.0, "gamma": -1.0, "max_len": -1.0, "results": {"alpha": 0.5, "beta": 25.0, "gamma": 1441, "max_len": Infinity, "scoring": "fidelity", "scoring-fidelities": 0.9389969293756397, "beta-scoring-fidelity": 0.9389969293756397, "beta-scoring-rule_nr": 1440, "mean_length": 10.9500346981263, "std_length": 15.042581302893936, "coverage": 1.0, "beta-scoring-coverage": 1.0, "mean-beta-scoring-length": 10.950694444444444, "std-beta-scoring-length": 15.047782674089754, "mean_prediction": 0.49283946349714974, "std-scoring-prediction": 0.49283946349714974, "rule_reduction-alpha-scoring": 1.0, "rule_reduction-beta-scoring": 0.9993060374739764, "len_reduction-beta-scoring": 1.0000602506143892, "simplicity-beta-scoring": 0.999366246276697, "feature_frequency": [850, 591, 213, 521, 57, 46, 61, 252, 76, 260, 54, 66, 198, 254, 105, 69, 64, 203, 162, 153, 111, 508, 49, 655, 115, 71, 60, 275, 154, 64, 600, 79, 367, 102, 91, 213, 59, 482, 340, 368, 263, 289, 436, 72, 228, 140, 231, 109, 295, 628, 235, 141, 260, 159, 114, 65, 37, 149, 57, 73, 222, 222, 60, 62, 50, 60, 56, 54, 62, 62, 62, 31, 55, 56, 62, 56, 58, 62, 55, 63, 46, 33, 69, 57, 59, 35, 57, 102, 63, 64, 55, 55, 58, 54, 61, 60, 43, 44, 57, 58, 63, 58, 59, 0], "scoring-beta-feature_frequency": [849, 591, 213, 521, 57, 46, 61, 252, 76, 259, 54, 66, 198, 253, 105, 69, 64, 203, 162, 153, 111, 508, 49, 654, 115, 71, 60, 275, 154, 64, 599, 79, 367, 102, 91, 213, 59, 481, 339, 368, 262, 288, 435, 72, 228, 140, 231, 109, 295, 628, 235, 141, 260, 159, 114, 65, 37, 149, 57, 73, 222, 222, 60, 62, 50, 60, 56, 54, 62, 62, 62, 31, 55, 56, 62, 56, 58, 62, 55, 63, 46, 33, 69, 57, 59, 35, 57, 102, 63, 64, 55, 55, 58, 54, 61, 60, 43, 44, 57, 58, 63, 58, 59, 0], "scoring-beta-escore": 0.9682415022764432, "sparsity": 1.0, "black_box": "data/adult"}}, {"scoring": "fidelity", "coverage": 1.0, "sparsity": 1.0, "alpha": 0.5, "beta": 50.0, "gamma": -1.0, "max_len": -1.0, "results": {"alpha": 0.5, "beta": 50.0, "gamma": 1441, "max_len": Infinity, "scoring": "fidelity", "scoring-fidelities": 0.9389969293756397, "beta-scoring-fidelity": 0.9389969293756397, "beta-scoring-rule_nr": 1440, "mean_length": 10.9500346981263, "std_length": 15.042581302893936, "coverage": 1.0, "beta-scoring-coverage": 1.0, "mean-beta-scoring-length": 10.950694444444444, "std-beta-scoring-length": 15.047782674089754, "mean_prediction": 0.49283946349714974, "std-scoring-prediction": 0.49283946349714974, "rule_reduction-alpha-scoring": 1.0, "rule_reduction-beta-scoring": 0.9993060374739764, "len_reduction-beta-scoring": 1.0000602506143892, "simplicity-beta-scoring": 0.999366246276697, "feature_frequency": [850, 591, 213, 521, 57, 46, 61, 252, 76, 260, 54, 66, 198, 254, 105, 69, 64, 203, 162, 153, 111, 508, 49, 655, 115, 71, 60, 275, 154, 64, 600, 79, 367, 102, 91, 213, 59, 482, 340, 368, 263, 289, 436, 72, 228, 140, 231, 109, 295, 628, 235, 141, 260, 159, 114, 65, 37, 149, 57, 73, 222, 222, 60, 62, 50, 60, 56, 54, 62, 62, 62, 31, 55, 56, 62, 56, 58, 62, 55, 63, 46, 33, 69, 57, 59, 35, 57, 102, 63, 64, 55, 55, 58, 54, 61, 60, 43, 44, 57, 58, 63, 58, 59, 0], "scoring-beta-feature_frequency": [849, 591, 213, 521, 57, 46, 61, 252, 76, 259, 54, 66, 198, 253, 105, 69, 64, 203, 162, 153, 111, 508, 49, 654, 115, 71, 60, 275, 154, 64, 599, 79, 367, 102, 91, 213, 59, 481, 339, 368, 262, 288, 435, 72, 228, 140, 231, 109, 295, 628, 235, 141, 260, 159, 114, 65, 37, 149, 57, 73, 222, 222, 60, 62, 50, 60, 56, 54, 62, 62, 62, 31, 55, 56, 62, 56, 58, 62, 55, 63, 46, 33, 69, 57, 59, 35, 57, 102, 63, 64, 55, 55, 58, 54, 61, 60, 43, 44, 57, 58, 63, 58, 59, 0], "scoring-beta-escore": 0.9682415022764432, "sparsity": 1.0, "black_box": "data/adult"}}, {"scoring": "fidelity", "coverage": 1.0, "sparsity": 1.0, "alpha": 0.5, "beta": 75.0, "gamma": -1.0, "max_len": -1.0, "results": {"alpha": 0.5, "beta": 75.0, "gamma": 1441, "max_len": Infinity, "scoring": "fidelity", "scoring-fidelities": 0.9389969293756397, "beta-scoring-fidelity": 0.9357215967246674, "beta-scoring-rule_nr": 366, "mean_length": 10.9500346981263, "std_length": 15.042581302893936, "coverage": 1.0, "beta-scoring-coverage": 0.20214943705220062, "mean-beta-scoring-length": 10.273224043715848, "std-beta-scoring-length": 6.764314430511914, "mean_prediction": 0.49283946349714974, "std-scoring-prediction": 0.49283946349714974, "rule_reduction-alpha-scoring": 1.0, "rule_reduction-beta-scoring": 0.2539902845246357, "len_reduction-beta-scoring": 0.9381910036754254, "simplicity-beta-scoring": 0.23829139996197482, "feature_frequency": [850, 591, 213, 521, 57, 46, 61, 252, 76, 260, 54, 66, 198, 254, 105, 69, 64, 203, 162, 153, 111, 508, 49, 655, 115, 71, 60, 275, 154, 64, 600, 79, 367, 102, 91, 213, 59, 482, 340, 368, 263, 289, 436, 72, 228, 140, 231, 109, 295, 628, 235, 141, 260, 159, 114, 65, 37, 149, 57, 73, 222, 222, 60, 62, 50, 60, 56, 54, 62, 62, 62, 31, 55, 56, 62, 56, 58, 62, 55, 63, 46, 33, 69, 57, 59, 35, 57, 102, 63, 64, 55, 55, 58, 54, 61, 60, 43, 44, 57, 58, 63, 58, 59, 0], "scoring-beta-feature_frequency": [313, 133, 28, 167, 4, 8, 1, 42, 13, 110, 6, 0, 47, 82, 12, 6, 6, 51, 39, 39, 23, 183, 6, 237, 29, 6, 5, 79, 41, 1, 228, 5, 100, 10, 10, 49, 1, 160, 125, 120, 69, 81, 142, 5, 63, 48, 74, 13, 92, 223, 58, 21, 67, 35, 8, 5, 5, 28, 4, 0, 50, 59, 1, 5, 0, 3, 10, 1, 2, 0, 5, 3, 3, 1, 2, 2, 1, 2, 1, 1, 1, 3, 4, 1, 1, 2, 1, 12, 1, 1, 0, 7, 3, 1, 0, 0, 2, 0, 2, 0, 0, 0, 0, 0], "scoring-beta-escore": 0.37984998443367307, "sparsity": 1.0, "black_box": "data/adult"}}, {"scoring": "fidelity", "coverage": 1.0, "sparsity": 1.0, "alpha": 0.5, "beta": 90.0, "gamma": -1.0, "max_len": -1.0, "results": {"alpha": 0.5, "beta": 90.0, "gamma": 1441, "max_len": Infinity, "scoring": "fidelity", "scoring-fidelities": 0.9389969293756397, "beta-scoring-fidelity": 0.9274309109518936, "beta-scoring-rule_nr": 145, "mean_length": 10.9500346981263, "std_length": 15.042581302893936, "coverage": 1.0, "beta-scoring-coverage": 0.1825997952917093, "mean-beta-scoring-length": 10.724137931034482, "std-beta-scoring-length": 7.489286839231448,