{"name": "adult.cpar.rf.coverage", "runs": [{"scoring": "coverage", "coverage": 1.0, "sparsity": 1.0, "alpha": 0.5, "beta": 0.0, "gamma": -1.0, "max_len": -1.0, "results": {"alpha": 0.5, "beta": 0.0, "gamma": 85, "max_len": Infinity, "scoring": "coverage", "scoring-fidelities": 0.8299897645854657, "beta-scoring-fidelity": 0.9493346980552713, "beta-scoring-rule_nr": 85, "mean_length": 2.3529411764705883, "std_length": 1.2338927625531195, "coverage": 1.0, "beta-scoring-coverage": 0.9124872057318322, "mean-beta-scoring-length": 2.3529411764705883, "std-beta-scoring-length": 1.2338927625531195, "mean_prediction": 0.4778846120374095, "std-scoring-prediction": 0.0, "rule_reduction-alpha-scoring": 0.011764705882352941, "rule_reduction-beta-scoring": 1.0, "len_reduction-beta-scoring": 1.0, "simplicity-beta-scoring": 1.0, "feature_frequency": [17, 18, 20, 8, 1, 1, 0, 3, 8, 1, 1, 0, 1, 1, 2, 1, 1, 1, 1, 0, 0, 16, 3, 9, 7, 0, 4, 1, 0, 0, 36, 0, 0, 0, 1, 0, 0, 0, 4, 2, 1, 0, 2, 0, 6, 0, 2, 1, 1, 3, 1, 2, 2, 1, 1, 0, 1, 0, 0, 0, 1, 1, 0, 0, 1, 2, 0, 0, 0, 0, 0, 0, 0, 0, 0, 0, 0, 0, 0, 0, 0, 0, 0, 0, 0, 0, 0, 1, 0, 0, 0, 0, 0, 0, 0, 0, 0, 0, 0, 0, 1, 0, 0, 0], "scoring-beta-feature_frequency": [17, 18, 20, 8, 1, 1, 0, 3, 8, 1, 1, 0, 1, 1, 2, 1, 1, 1, 1, 0, 0, 16, 3, 9, 7, 0, 4, 1, 0, 0, 36, 0, 0, 0, 1, 0, 0, 0, 4, 2, 1, 0, 2, 0, 6, 0, 2, 1, 1, 3, 1, 2, 2, 1, 1, 0, 1, 0, 0, 0, 1, 1, 0, 0, 1, 2, 0, 0, 0, 0, 0, 0, 0, 0, 0, 0, 0, 0, 0, 0, 0, 0, 0, 0, 0, 0, 0, 1, 0, 0, 0, 0, 0, 0, 0, 0, 0, 0, 0, 0, 1, 0, 0, 0], "scoring-beta-escore": 0.9740089262273562, "sparsity": 1.0, "black_box": "data/adult"}}, {"scoring": "coverage", "coverage": 1.0, "sparsity": 1.0, "alpha": 0.5, "beta": 25.0, "gamma": -1.0, "max_len": -1.0, "results": {"alpha": 0.5, "beta": 25.0, "gamma": 85, "max_len": Infinity, "scoring": "coverage", "scoring-fidelities": 0.8299897645854657, "beta-scoring-fidelity": 0.9490276356192426, "beta-scoring-rule_nr": 64, "mean_length": 2.3529411764705883, "std_length": 1.2338927625531195, "coverage": 1.0, "beta-scoring-coverage": 0.9121801432958034, "mean-beta-scoring-length": 2.28125, "std-beta-scoring-length": 1.316585902058806, "mean_prediction": 0.4778846120374095, "std-scoring-prediction": 0.0, "rule_reduction-alpha-scoring": 0.011764705882352941, "rule_reduction-beta-scoring": 0.7529411764705882, "len_reduction-beta-scoring": 0.96953125, "simplicity-beta-scoring": 0.73, "feature_frequency": [17, 18, 20, 8, 1, 1, 0, 3, 8, 1, 1, 0, 1, 1, 2, 1, 1, 1, 1, 0, 0, 16, 3, 9, 7, 0, 4, 1, 0, 0, 36, 0, 0, 0, 1, 0, 0, 0, 4, 2, 1, 0, 2, 0, 6, 0, 2, 1, 1, 3, 1, 2, 2, 1, 1, 0, 1, 0, 0, 0, 1, 1, 0, 0, 1, 2, 0, 0, 0, 0, 0, 0, 0, 0, 0, 0, 0, 0, 0, 0, 0, 0, 0, 0, 0, 0, 0, 1, 0, 0, 0, 0, 0, 0, 0, 0, 0, 0, 0, 0, 1, 0, 0, 0], "scoring-beta-feature_frequency": [14, 15, 8, 5, 1, 1, 0, 3, 2, 1, 1, 0, 1, 1, 2, 1, 1, 1, 1, 0, 0, 10, 3, 9, 7, 0, 3, 0, 0, 0, 27, 0, 0, 0, 1, 0, 0, 0, 4, 2, 1, 0, 2, 0, 5, 0, 1, 0, 0, 1, 1, 2, 2, 1, 0, 0, 1, 0, 0, 0, 0, 0, 0, 0, 1, 2, 0, 0, 0, 0, 0, 0, 0, 0, 0, 0, 0, 0, 0, 0, 0, 0, 0, 0, 0, 0, 0, 0, 0, 0, 0, 0, 0, 0, 0, 0, 0, 0, 0, 0, 1, 0, 0, 0], "scoring-beta-escore": 0.825227839381618, "sparsity": 1.0, "black_box": "data/adult"}}, {"scoring": "coverage", "coverage": 1.0, "sparsity": 1.0, "alpha": 0.5, "beta": 50.0, "gamma": -1.0, "max_len": -1.0, "results": {"alpha": 0.5, "beta": 50.0, "gamma": 85, "max_len": Infinity, "scoring": "coverage", "scoring-fidelities": 0.8299897645854657, "beta-scoring-fidelity": 0.9456499488229273, "beta-scoring-rule_nr": 44, "mean_length": 2.3529411764705883, "std_length": 1.2338927625531195, "coverage": 1.0, "beta-scoring-coverage": 0.9044012282497441, "mean-beta-scoring-length": 2.090909090909091, "std-beta-scoring-length": 1.1244833524411801, "mean_prediction": 0.4778846120374095, "std-scoring-prediction": 0.0, "rule_reduction-alpha-scoring": 0.011764705882352941, "rule_reduction-beta-scoring": 0.5176470588235295, "len_reduction-beta-scoring": 0.8886363636363636, "simplicity-beta-scoring": 0.46, "feature_frequency": [17, 18, 20, 8, 1, 1, 0, 3, 8, 1, 1, 0, 1, 1, 2, 1, 1, 1, 1, 0, 0, 16, 3, 9, 7, 0, 4, 1, 0, 0, 36, 0, 0, 0, 1, 0, 0, 0, 4, 2, 1, 0, 2, 0, 6, 0, 2, 1, 1, 3, 1, 2, 2, 1, 1, 0, 1, 0, 0, 0, 1, 1, 0, 0, 1, 2, 0, 0, 0, 0, 0, 0, 0, 0, 0, 0, 0, 0, 0, 0, 0, 0, 0, 0, 0, 0, 0, 1, 0, 0, 0, 0, 0, 0, 0, 0, 0, 0, 0, 0, 1, 0, 0, 0], "scoring-beta-feature_frequency": [10, 10, 4, 3, 0, 0, 0, 0, 1, 1, 0, 0, 1, 1, 2, 0, 1, 1, 1, 0, 0, 5, 3, 8, 4, 0, 1, 0, 0, 0, 17, 0, 0, 0, 1, 0, 0, 0, 3, 1, 1, 0, 2, 0, 1, 0, 0, 0, 0, 1, 1, 2, 2, 1, 0, 0, 1, 0, 0, 0, 0, 0, 0, 0, 1, 0, 0, 0, 0, 0, 0, 0, 0, 0, 0, 0, 0, 0, 0, 0, 0, 0, 0, 0, 0, 0, 0, 0, 0, 0, 0, 0, 0, 0, 0, 0, 0, 0, 0, 0, 0, 0, 0, 0], "scoring-beta-escore": 0.6189293099933009, "sparsity": 1.0, "black_box": "data/adult"}}, {"scoring": "coverage", "coverage": 1.0, "sparsity": 1.0, "alpha": 0.5, "beta": 75.0, "gamma": -1.0, "max_len": -1.0, "results": {"alpha": 0.5, "beta": 75.0, "gamma": 85, "max_len": Infinity, "scoring": "coverage", "scoring-fidelities": 0.8299897645854657, "beta-scoring-fidelity": 0.9279426816786079, "beta-scoring-rule_nr": 22, "mean_length": 2.3529411764705883, "std_length": 1.2338927625531195, "coverage": 1.0, "beta-scoring-coverage": 0.8571136131013306, "mean-beta-scoring-length": 1.7272727272727273, "std-beta-scoring-length": 0.8624393618641034, "mean_prediction": 0.4778846120374095, "std-scoring-prediction": 0.0, "rule_reduction-alpha-scoring": 0.011764705882352941, "rule_reduction-beta-scoring": 0.25882352941176473, "len_reduction-beta-scoring": 0.7340909090909091, "simplicity-beta-scoring": 0.19000000000000003, "feature_frequency": [17, 18, 20, 8, 1, 1, 0, 3, 8, 1, 1, 0, 1, 1, 2, 1, 1, 1, 1, 0, 0, 16, 3, 9, 7, 0, 4, 1, 0, 0, 36, 0, 0, 0, 1, 0, 0, 0, 4, 2, 1, 0, 2, 0, 6, 0, 2, 1, 1, 3, 1, 2, 2, 1, 1, 0, 1, 0, 0, 0, 1, 1, 0, 0, 1, 2, 0, 0, 0, 0, 0, 0, 0, 0, 0, 0, 0, 0, 0, 0, 0, 0, 0, 0, 0, 0, 0, 1, 0, 0, 0, 0, 0, 0, 0, 0, 0, 0, 0, 0, 1, 0, 0, 0], "scoring-beta-feature_frequency": [3, 6, 2, 1, 0, 0, 0, 0, 1, 0, 0, 0, 0, 1, 1, 0, 0, 0, 0, 0, 0, 1, 0, 5, 2, 0, 0, 0, 0, 0, 6, 0, 0, 0, 1, 0, 0, 0, 0, 1, 1, 0, 2, 0, 0, 0, 0, 0, 0, 0, 0, 1, 2, 1, 0, 0, 0, 0, 0, 0, 0, 0, 0, 0, 0, 0, 0, 0, 0, 0, 0, 0, 0, 0, 0, 0, 0, 0, 0, 0, 0, 0, 0, 0, 0, 0, 0, 0, 0, 0, 0, 0, 0, 0, 0, 0, 0, 0, 0, 0, 0, 0, 0, 0], "scoring-beta-escore": 0.3154170824826273, "sparsity": 1.0, "black_box": "data/adult"}}, {"scoring": "coverage", "coverage": 1.0, "sparsity": 1.0, "alpha": 0.5, "beta": 90.0, "gamma": -1.0, "max_len": -1.0, "results": {"alpha": 0.5, "beta": 90.0, "gamma": 85, "max_len": Infinity, "scoring": "coverage", "scoring-fidelities": 0.8299897645854657, "beta-scoring-fidelity": 0.8845445240532241, "beta-scoring-rule_nr": 9, "mean_length": 2.3529411764705883, "std_length": 1.2338927625531195, "coverage": 1.0, "beta-scoring-coverage": 0.7843398157625384, "mean-beta-scoring-length": 1.7777777777777777, "std-beta-scoring-length": 1.0304020550550783, "mean_prediction": 0.4778846120374095, "std-scoring-prediction": 0.0, "rule_reduction-alpha-scoring": 0.011764705882352941, "rule_reduction-beta-scoring": 0.10588235294117647, "len_reduction-beta-scoring": 0.7555555555555555, "simplicity-beta-scoring": 0.08, "feature_frequency": [17, 18, 20, 8, 1, 1, 0, 3, 8, 1, 1, 0, 1, 1, 2, 1, 1, 1, 1, 0, 0, 16, 3, 9, 7, 0, 4, 1, 0, 0, 36, 0, 0, 0, 1, 0, 0, 0, 4, 2, 1, 0, 2, 0, 6, 0, 2, 1, 1, 3, 1, 2, 2, 1, 1, 0, 1, 0, 0, 0, 1, 1, 0, 0, 1, 2, 0, 0, 0, 0, 0, 0, 0, 0, 0, 0, 0, 0, 0, 0, 0, 0, 0, 0, 0, 0, 0, 1, 0, 0, 0, 0, 0, 0, 0, 0, 0, 0, 0, 0, 1, 0, 0, 0], "scoring-beta-feature_frequency": [2, 3, 2, 0, 0, 0, 0, 0, 0, 0, 0, 0, 0, 0, 0, 0, 0, 0, 0, 0, 0, 1, 0, 1, 1, 0, 0, 0, 0, 0, 3, 0, 0, 0, 0, 0, 0, 0, 0, 0, 0, 0, 2, 0, 0, 0, 0, 0, 0, 0, 0, 0, 1, 0, 0, 0, 0, 0, 0, 0, 0, 0, 0, 0, 0, 0, 0, 0, 0, 0, 0, 0, 0, 0, 0, 0, 0, 0, 0, 0, 0, 0, 0, 0, 0, 0, 0, 0, 0, 0, 0, 0, 0, 0, 0, 0, 0, 0, 0, 0, 0, 0, 0, 0], "scoring-beta-escore": 0.14672948766925592, "sparsity": 1.0, "black_box": "data/adult"}}, {"scoring": "coverage",