{"name": "adult.cpar.rf.fidelity", "runs": [{"scoring": "fidelity", "coverage": 1.0, "sparsity": 1.0, "alpha": 0.5, "beta": 0.0, "gamma": -1.0, "max_len": -1.0, "results": {"alpha": 0.5, "beta": 0.0, "gamma": 85, "max_len": Infinity, "scoring": "fidelity", "scoring-fidelities": 0.9452405322415558, "beta-scoring-fidelity": 0.9452405322415558, "beta-scoring-rule_nr": 85, "mean_length": 2.3529411764705883, "std_length": 1.2338927625531195, "coverage": 1.0, "beta-scoring-coverage": 0.9124872057318322, "mean-beta-scoring-length": 2.3529411764705883, "std-beta-scoring-length": 1.2338927625531195, "mean_prediction": 0.4778846120374095, "std-scoring-prediction": 0.4778846120374095, "rule_reduction-alpha-scoring": 1.0, "rule_reduction-beta-scoring": 1.0, "len_reduction-beta-scoring": 1.0, "simplicity-beta-scoring": 1.0, "feature_frequency": [17, 18, 20, 8, 1, 1, 0, 3, 8, 1, 1, 0, 1, 1, 2, 1, 1, 1, 1, 0, 0, 16, 3, 9, 7, 0, 4, 1, 0, 0, 36, 0, 0, 0, 1, 0, 0, 0, 4, 2, 1, 0, 2, 0, 6, 0, 2, 1, 1, 3, 1, 2, 2, 1, 1, 0, 1, 0, 0, 0, 1, 1, 0, 0, 1, 2, 0, 0, 0, 0, 0, 0, 0, 0, 0, 0, 0, 0, 0, 0, 0, 0, 0, 0, 0, 0, 0, 1, 0, 0, 0, 0, 0, 0, 0, 0, 0, 0, 0, 0, 1, 0, 0, 0], "scoring-beta-feature_frequency": [17, 18, 20, 8, 1, 1, 0, 3, 8, 1, 1, 0, 1, 1, 2, 1, 1, 1, 1, 0, 0, 16, 3, 9, 7, 0, 4, 1, 0, 0, 36, 0, 0, 0, 1, 0, 0, 0, 4, 2, 1, 0, 2, 0, 6, 0, 2, 1, 1, 3, 1, 2, 2, 1, 1, 0, 1, 0, 0, 0, 1, 1, 0, 0, 1, 2, 0, 0, 0, 0, 0, 0, 0, 0, 0, 0, 0, 0, 0, 0, 0, 0, 0, 0, 0, 0, 0, 1, 0, 0, 0, 0, 0, 0, 0, 0, 0, 0, 0, 0, 1, 0, 0, 0], "scoring-beta-escore": 0.9718495132859774, "sparsity": 1.0, "black_box": "data/adult"}}, {"scoring": "fidelity", "coverage": 1.0, "sparsity": 1.0, "alpha": 0.5, "beta": 25.0, "gamma": -1.0, "max_len": -1.0, "results": {"alpha": 0.5, "beta": 25.0, "gamma": 85, "max_len": Infinity, "scoring": "fidelity", "scoring-fidelities": 0.9452405322415558, "beta-scoring-fidelity": 0.9452405322415558, "beta-scoring-rule_nr": 85, "mean_length": 2.3529411764705883, "std_length": 1.2338927625531195, "coverage": 1.0, "beta-scoring-coverage": 0.9124872057318322, "mean-beta-scoring-length": 2.3529411764705883, "std-beta-scoring-length": 1.2338927625531195, "mean_prediction": 0.4778846120374095, "std-scoring-prediction": 0.4778846120374095, "rule_reduction-alpha-scoring": 1.0, "rule_reduction-beta-scoring": 1.0, "len_reduction-beta-scoring": 1.0, "simplicity-beta-scoring": 1.0, "feature_frequency": [17, 18, 20, 8, 1, 1, 0, 3, 8, 1, 1, 0, 1, 1, 2, 1, 1, 1, 1, 0, 0, 16, 3, 9, 7, 0, 4, 1, 0, 0, 36, 0, 0, 0, 1, 0, 0, 0, 4, 2, 1, 0, 2, 0, 6, 0, 2, 1, 1, 3, 1, 2, 2, 1, 1, 0, 1, 0, 0, 0, 1, 1, 0, 0, 1, 2, 0, 0, 0, 0, 0, 0, 0, 0, 0, 0, 0, 0, 0, 0, 0, 0, 0, 0, 0, 0, 0, 1, 0, 0, 0, 0, 0, 0, 0, 0, 0, 0, 0, 0, 1, 0, 0, 0], "scoring-beta-feature_frequency": [17, 18, 20, 8, 1, 1, 0, 3, 8, 1, 1, 0, 1, 1, 2, 1, 1, 1, 1, 0, 0, 16, 3, 9, 7, 0, 4, 1, 0, 0, 36, 0, 0, 0, 1, 0, 0, 0, 4, 2, 1, 0, 2, 0, 6, 0, 2, 1, 1, 3, 1, 2, 2, 1, 1, 0, 1, 0, 0, 0, 1, 1, 0, 0, 1, 2, 0, 0, 0, 0, 0, 0, 0, 0, 0, 0, 0, 0, 0, 0, 0, 0, 0, 0, 0, 0, 0, 1, 0, 0, 0, 0, 0, 0, 0, 0, 0, 0, 0, 0, 1, 0, 0, 0], "scoring-beta-escore": 0.9718495132859774, "sparsity": 1.0, "black_box": "data/adult"}}, {"scoring": "fidelity", "coverage": 1.0, "sparsity": 1.0, "alpha": 0.5, "beta": 50.0, "gamma": -1.0, "max_len": -1.0, "results": {"alpha": 0.5, "beta": 50.0, "gamma": 85, "max_len": Infinity, "scoring": "fidelity", "scoring-fidelities": 0.9452405322415558, "beta-scoring-fidelity": 0.94503582395087, "beta-scoring-rule_nr": 46, "mean_length": 2.3529411764705883, "std_length": 1.2338927625531195, "coverage": 1.0, "beta-scoring-coverage": 0.19119754350051177, "mean-beta-scoring-length": 2.9347826086956523, "std-beta-scoring-length": 1.2921531392794416, "mean_prediction": 0.4778846120374095, "std-scoring-prediction": 0.4778846120374095, "rule_reduction-alpha-scoring": 1.0, "rule_reduction-beta-scoring": 0.5411764705882353, "len_reduction-beta-scoring": 1.247282608695652, "simplicity-beta-scoring": 0.6749999999999999, "feature_frequency": [17, 18, 20, 8, 1, 1, 0, 3, 8, 1, 1, 0, 1, 1, 2, 1, 1, 1, 1, 0, 0, 16, 3, 9, 7, 0, 4, 1, 0, 0, 36, 0, 0, 0, 1, 0, 0, 0, 4, 2, 1, 0, 2, 0, 6, 0, 2, 1, 1, 3, 1, 2, 2, 1, 1, 0, 1, 0, 0, 0, 1, 1, 0, 0, 1, 2, 0, 0, 0, 0, 0, 0, 0, 0, 0, 0, 0, 0, 0, 0, 0, 0, 0, 0, 0, 0, 0, 1, 0, 0, 0, 0, 0, 0, 0, 0, 0, 0, 0, 0, 1, 0, 0, 0], "scoring-beta-feature_frequency": [13, 11, 10, 6, 1, 1, 0, 3, 3, 1, 1, 0, 0, 0, 1, 0, 0, 0, 0, 0, 0, 16, 3, 0, 6, 0, 4, 1, 0, 0, 33, 0, 0, 0, 0, 0, 0, 0, 4, 1, 0, 0, 0, 0, 6, 0, 2, 0, 1, 2, 1, 1, 0, 0, 0, 0, 0, 0, 0, 0, 0, 0, 0, 0, 1, 1, 0, 0, 0, 0, 0, 0, 0, 0, 0, 0, 0, 0, 0, 0, 0, 0, 0, 0, 0, 0, 0, 0, 0, 0, 0, 0, 0, 0, 0, 0, 0, 0, 0, 0, 1, 0, 0, 0], "scoring-beta-escore": 0.7875124385967683, "sparsity": 1.0, "black_box": "data/adult"}}, {"scoring": "fidelity", "coverage": 1.0, "sparsity": 1.0, "alpha": 0.5, "beta": 75.0, "gamma": -1.0, "max_len": -1.0, "results": {"alpha": 0.5, "beta": 75.0, "gamma": 85, "max_len": Infinity, "scoring": "fidelity", "scoring-fidelities": 0.9452405322415558, "beta-scoring-fidelity": 0.9500511770726714, "beta-scoring-rule_nr": 22, "mean_length": 2.3529411764705883, "std_length": 1.2338927625531195, "coverage": 1.0, "beta-scoring-coverage": 0.16796315250767657, "mean-beta-scoring-length": 2.9545454545454546, "std-beta-scoring-length": 1.3306619243913134, "mean_prediction": 0.4778846120374095, "std-scoring-prediction": 0.4778846120374095, "rule_reduction-alpha-scoring": 1.0, "rule_reduction-beta-scoring": 0.25882352941176473, "len_reduction-beta-scoring": 1.2556818181818181, "simplicity-beta-scoring": 0.325, "feature_frequency": [17, 18, 20, 8, 1, 1, 0, 3, 8, 1, 1, 0, 1, 1, 2, 1, 1, 1, 1, 0, 0, 16, 3, 9, 7, 0, 4, 1, 0, 0, 36, 0, 0, 0, 1, 0, 0, 0, 4, 2, 1, 0, 2, 0, 6, 0, 2, 1, 1, 3, 1, 2, 2, 1, 1, 0, 1, 0, 0, 0, 1, 1, 0, 0, 1, 2, 0, 0, 0, 0, 0, 0, 0, 0, 0, 0, 0, 0, 0, 0, 0, 0, 0, 0, 0, 0, 0, 1, 0, 0, 0, 0, 0, 0, 0, 0, 0, 0, 0, 0, 1, 0, 0, 0], "scoring-beta-feature_frequency": [7, 5, 3, 1, 0, 0, 0, 2, 0, 1, 1, 0, 0, 0, 1, 0, 0, 0, 0, 0, 0, 5, 3, 0, 4, 0, 3, 0, 0, 0, 17, 0, 0, 0, 0, 0, 0, 0, 3, 0, 0, 0, 0, 0, 4, 0, 0, 0, 0, 1, 1, 1, 0, 0, 0, 0, 0, 0, 0, 0, 0, 0, 0, 0, 1, 1, 0, 0, 0, 0, 0, 0, 0, 0, 0, 0, 0, 0, 0, 0, 0, 0, 0, 0, 0, 0, 0, 0, 0, 0, 0, 0, 0, 0, 0, 0, 0, 0, 0, 0, 0, 0, 0, 0], "scoring-beta-escore": 0.4843203756848422, "sparsity": 1.0, "black_box": "data/adult"}}, {"scoring": "fidelity", "coverage": 1.0, "sparsity": 1.0, "alpha": 0.5, "beta": 90.0, "gamma": -1.0, "max_len": -1.0, "results": {"alpha": 0.5, "beta": 90.0, "gamma": 85, "max_len": Infinity, "scoring": "fidelity", "scoring-fidelities": 0.9452405322415558, "beta-scoring-fidelity": 0.932446264073695, "beta-scoring-rule_nr": 9, "mean_length": 2.3529411764705883, "std_length": 1.2338927625531195, "coverage": 1.0, "beta-scoring-coverage": 0.14278403275332652, "mean-beta-scoring-length": 2.7777777777777777, "std-beta-scoring-length": 1.1331154474650633, "mean_prediction": 0.4778846120374095, "std-scoring-prediction": 0.4778846120374095, "rule_reduction-alpha-scoring": 1.0, "rule_reduction-beta-scoring": 0.10588235294117647, "len_reduction-beta-scoring": 1.1805555555555556, "simplicity-beta-scoring": 0.125, "feature_frequency": [17, 18, 20, 8, 1, 1, 0, 3, 8, 1, 1, 0, 1, 1, 2, 1, 1, 1, 1, 0, 0, 16, 3, 9, 7, 0, 4, 1, 0, 0, 36, 0, 0, 0, 1, 0, 0, 0, 4, 2, 1, 0, 2, 0, 6, 0, 2, 1, 1, 3, 1, 2, 2, 1, 1, 0, 1, 0, 0, 0, 1, 1, 0, 0, 1, 2, 0, 0, 0, 0, 0, 0, 0, 0, 0, 0, 0, 0, 0, 0, 0, 0, 0, 0, 0, 0, 0, 1, 0, 0, 0, 0, 0, 0, 0, 0, 0, 0, 0, 0, 1, 0, 0, 0], "scoring-beta-feature_frequency": [2, 3, 1, 1, 0, 0, 0, 0, 0, 1, 0, 0, 0, 0, 1, 0, 0, 0, 0, 0, 0, 4, 0, 0, 1, 0, 0, 0, 0, 0, 8, 0, 0, 0, 0, 0, 0, 0, 2, 0, 0, 0, 0, 0, 0, 0, 0, 0, 0, 0, 0, 1, 0, 0, 0, 0, 0, 0, 0, 0, 0, 0, 0, 0, 0, 0, 0, 0, 0, 0, 0, 0, 0, 0, 0, 0, 0, 0, 0, 0, 0, 0, 0, 0, 0, 0, 0, 0, 0, 0, 0, 0, 0, 0, 0, 0, 0, 0, 0, 0, 0, 0, 0, 0], "scoring-beta-escore": 0.22044767090139142, "sparsity": 1.0, "black_box": "data/adult"}}, {"scoring": "fidelity", "coverage": 1.0,