{"name": "adult.cpar.rf.r2", "runs": [{"scoring": "r2", "coverage": 1.0, "sparsity": 1.0, "alpha": 0.5, "beta": 0.0, "gamma": -1.0, "max_len": -1.0, "results": {"alpha": 0.5, "beta": 0.0, "gamma": 85, "max_len": Infinity, "scoring": "r2", "scoring-fidelities": 0.8299897645854657, "beta-scoring-fidelity": 0.9451381780962129, "beta-scoring-rule_nr": 85, "mean_length": 2.3529411764705883, "std_length": 1.2338927625531195, "coverage": 1.0, "beta-scoring-coverage": 0.9124872057318322, "mean-beta-scoring-length": 2.3529411764705883, "std-beta-scoring-length": 1.2338927625531195, "mean_prediction": 0.4778846120374095, "std-scoring-prediction": 0.0, "rule_reduction-alpha-scoring": 0.03529411764705882, "rule_reduction-beta-scoring": 1.0, "len_reduction-beta-scoring": 1.0, "simplicity-beta-scoring": 1.0, "feature_frequency": [17, 18, 20, 8, 1, 1, 0, 3, 8, 1, 1, 0, 1, 1, 2, 1, 1, 1, 1, 0, 0, 16, 3, 9, 7, 0, 4, 1, 0, 0, 36, 0, 0, 0, 1, 0, 0, 0, 4, 2, 1, 0, 2, 0, 6, 0, 2, 1, 1, 3, 1, 2, 2, 1, 1, 0, 1, 0, 0, 0, 1, 1, 0, 0, 1, 2, 0, 0, 0, 0, 0, 0, 0, 0, 0, 0, 0, 0, 0, 0, 0, 0, 0, 0, 0, 0, 0, 1, 0, 0, 0, 0, 0, 0, 0, 0, 0, 0, 0, 0, 1, 0, 0, 0], "scoring-beta-feature_frequency": [17, 18, 20, 8, 1, 1, 0, 3, 8, 1, 1, 0, 1, 1, 2, 1, 1, 1, 1, 0, 0, 16, 3, 9, 7, 0, 4, 1, 0, 0, 36, 0, 0, 0, 1, 0, 0, 0, 4, 2, 1, 0, 2, 0, 6, 0, 2, 1, 1, 3, 1, 2, 2, 1, 1, 0, 1, 0, 0, 0, 1, 1, 0, 0, 1, 2, 0, 0, 0, 0, 0, 0, 0, 0, 0, 0, 0, 0, 0, 0, 0, 0, 0, 0, 0, 0, 0, 1, 0, 0, 0, 0, 0, 0, 0, 0, 0, 0, 0, 0, 1, 0, 0, 0], "scoring-beta-escore": 0.9717954114923174, "sparsity": 1.0, "black_box": "data/adult"}}, {"scoring": "r2", "coverage": 1.0, "sparsity": 1.0, "alpha": 0.5, "beta": 25.0, "gamma": -1.0, "max_len": -1.0, "results": {"alpha": 0.5, "beta": 25.0, "gamma": 85, "max_len": Infinity, "scoring": "r2", "scoring-fidelities": 0.8299897645854657, "beta-scoring-fidelity": 0.9448311156601843, "beta-scoring-rule_nr": 64, "mean_length": 2.3529411764705883, "std_length": 1.2338927625531195, "coverage": 1.0, "beta-scoring-coverage": 0.9117707267144319, "mean-beta-scoring-length": 2.34375, "std-beta-scoring-length": 1.3488276159317023, "mean_prediction": 0.4778846120374095, "std-scoring-prediction": 0.0, "rule_reduction-alpha-scoring": 0.03529411764705882, "rule_reduction-beta-scoring": 0.7529411764705882, "len_reduction-beta-scoring": 0.99609375, "simplicity-beta-scoring": 0.75, "feature_frequency": [17, 18, 20, 8, 1, 1, 0, 3, 8, 1, 1, 0, 1, 1, 2, 1, 1, 1, 1, 0, 0, 16, 3, 9, 7, 0, 4, 1, 0, 0, 36, 0, 0, 0, 1, 0, 0, 0, 4, 2, 1, 0, 2, 0, 6, 0, 2, 1, 1, 3, 1, 2, 2, 1, 1, 0, 1, 0, 0, 0, 1, 1, 0, 0, 1, 2, 0, 0, 0, 0, 0, 0, 0, 0, 0, 0, 0, 0, 0, 0, 0, 0, 0, 0, 0, 0, 0, 1, 0, 0, 0, 0, 0, 0, 0, 0, 0, 0, 0, 0, 1, 0, 0, 0], "scoring-beta-feature_frequency": [15, 16, 8, 6, 0, 1, 0, 3, 2, 1, 1, 0, 1, 1, 2, 1, 1, 1, 1, 0, 0, 11, 3, 9, 7, 0, 3, 0, 0, 0, 28, 0, 0, 0, 1, 0, 0, 0, 4, 2, 1, 0, 2, 0, 5, 0, 2, 0, 0, 1, 1, 2, 2, 1, 0, 0, 1, 0, 0, 0, 0, 0, 0, 0, 1, 1, 0, 0, 0, 0, 0, 0, 0, 0, 0, 0, 0, 0, 0, 0, 0, 0, 0, 0, 0, 0, 0, 0, 0, 0, 0, 0, 0, 0, 0, 0, 0, 0, 0, 0, 1, 0, 0, 0], "scoring-beta-escore": 0.8362170486457107, "sparsity": 1.0, "black_box": "data/adult"}}, {"scoring": "r2", "coverage": 1.0, "sparsity": 1.0, "alpha": 0.5, "beta": 50.0, "gamma": -1.0, "max_len": -1.0, "results": {"alpha": 0.5, "beta": 50.0, "gamma": 85, "max_len": Infinity, "scoring": "r2", "scoring-fidelities": 0.8299897645854657, "beta-scoring-fidelity": 0.9428863868986694, "beta-scoring-rule_nr": 43, "mean_length": 2.3529411764705883, "std_length": 1.2338927625531195, "coverage": 1.0, "beta-scoring-coverage": 0.8946775844421699, "mean-beta-scoring-length": 2.2325581395348837, "std-beta-scoring-length": 1.2358446749382719, "mean_prediction": 0.4778846120374095, "std-scoring-prediction": 0.0, "rule_reduction-alpha-scoring": 0.03529411764705882, "rule_reduction-beta-scoring": 0.5058823529411764, "len_reduction-beta-scoring": 0.9488372093023255, "simplicity-beta-scoring": 0.4799999999999999, "feature_frequency": [17, 18, 20, 8, 1, 1, 0, 3, 8, 1, 1, 0, 1, 1, 2, 1, 1, 1, 1, 0, 0, 16, 3, 9, 7, 0, 4, 1, 0, 0, 36, 0, 0, 0, 1, 0, 0, 0, 4, 2, 1, 0, 2, 0, 6, 0, 2, 1, 1, 3, 1, 2, 2, 1, 1, 0, 1, 0, 0, 0, 1, 1, 0, 0, 1, 2, 0, 0, 0, 0, 0, 0, 0, 0, 0, 0, 0, 0, 0, 0, 0, 0, 0, 0, 0, 0, 0, 1, 0, 0, 0, 0, 0, 0, 0, 0, 0, 0, 0, 0, 1, 0, 0, 0], "scoring-beta-feature_frequency": [10, 10, 4, 3, 0, 0, 0, 2, 1, 1, 0, 0, 1, 1, 1, 0, 0, 1, 0, 0, 0, 6, 3, 6, 4, 0, 3, 0, 0, 0, 19, 0, 0, 0, 1, 0, 0, 0, 3, 1, 1, 0, 2, 0, 3, 0, 0, 0, 0, 1, 1, 2, 2, 1, 0, 0, 0, 0, 0, 0, 0, 0, 0, 0, 1, 1, 0, 0, 0, 0, 0, 0, 0, 0, 0, 0, 0, 0, 0, 0, 0, 0, 0, 0, 0, 0, 0, 0, 0, 0, 0, 0, 0, 0, 0, 0, 0, 0, 0, 0, 0, 0, 0, 0], "scoring-beta-escore": 0.636151234390286, "sparsity": 1.0, "black_box": "data/adult"}}, {"scoring": "r2", "coverage": 1.0, "sparsity": 1.0, "alpha": 0.5, "beta": 75.0, "gamma": -1.0, "max_len": -1.0, "results": {"alpha": 0.5, "beta": 75.0, "gamma": 85, "max_len": Infinity, "scoring": "r2", "scoring-fidelities": 0.8299897645854657, "beta-scoring-fidelity": 0.9335721596724668, "beta-scoring-rule_nr": 22, "mean_length": 2.3529411764705883, "std_length": 1.2338927625531195, "coverage": 1.0, "beta-scoring-coverage": 0.860388945752303, "mean-beta-scoring-length": 1.7727272727272727, "std-beta-scoring-length": 0.8491609860122458, "mean_prediction": 0.4778846120374095, "std-scoring-prediction": 0.0, "rule_reduction-alpha-scoring": 0.03529411764705882, "rule_reduction-beta-scoring": 0.25882352941176473, "len_reduction-beta-scoring": 0.7534090909090909, "simplicity-beta-scoring": 0.195, "feature_frequency": [17, 18, 20, 8, 1, 1, 0, 3, 8, 1, 1, 0, 1, 1, 2, 1, 1, 1, 1, 0, 0, 16, 3, 9, 7, 0, 4, 1, 0, 0, 36, 0, 0, 0, 1, 0, 0, 0, 4, 2, 1, 0, 2, 0, 6, 0, 2, 1, 1, 3, 1, 2, 2, 1, 1, 0, 1, 0, 0, 0, 1, 1, 0, 0, 1, 2, 0, 0, 0, 0, 0, 0, 0, 0, 0, 0, 0, 0, 0, 0, 0, 0, 0, 0, 0, 0, 0, 1, 0, 0, 0, 0, 0, 0, 0, 0, 0, 0, 0, 0, 1, 0, 0, 0], "scoring-beta-feature_frequency": [3, 8, 2, 0, 0, 0, 0, 1, 1, 0, 0, 0, 0, 1, 1, 0, 0, 0, 0, 0, 0, 1, 0, 4, 2, 0, 1, 0, 0, 0, 7, 0, 0, 0, 0, 0, 0, 0, 0, 0, 1, 0, 2, 0, 0, 0, 0, 0, 0, 0, 0, 1, 2, 1, 0, 0, 0, 0, 0, 0, 0, 0, 0, 0, 0, 0, 0, 0, 0, 0, 0, 0, 0, 0, 0, 0, 0, 0, 0, 0, 0, 0, 0, 0, 0, 0, 0, 0, 0, 0, 0, 0, 0, 0, 0, 0, 0, 0, 0, 0, 0, 0, 0, 0], "scoring-beta-escore": 0.32261396770404904, "sparsity": 1.0, "black_box": "data/adult"}}, {"scoring": "r2", "coverage": 1.0, "sparsity": 1.0, "alpha": 0.5, "beta": 90.0, "gamma": -1.0, "max_len": -1.0, "results": {"alpha": 0.5, "beta": 90.0, "gamma": 85, "max_len": Infinity, "scoring": "r2", "scoring-fidelities": 0.8299897645854657, "beta-scoring-fidelity": 0.9042988741044012, "beta-scoring-rule_nr": 9, "mean_length": 2.3529411764705883, "std_length": 1.2338927625531195, "coverage": 1.0, "beta-scoring-coverage": 0.788229273285568, "mean-beta-scoring-length": 1.8888888888888888, "std-beta-scoring-length": 1.0999438818457405, "mean_prediction": 0.4778846120374095, "std-scoring-prediction": 0.0, "rule_reduction-alpha-scoring": 0.03529411764705882, "rule_reduction-beta-scoring": 0.10588235294117647, "len_reduction-beta-scoring": 0.8027777777777777, "simplicity-beta-scoring": 0.08499999999999999, "feature_frequency": [17, 18, 20, 8, 1, 1, 0, 3, 8, 1, 1, 0, 1, 1, 2, 1, 1, 1, 1, 0, 0, 16, 3, 9, 7, 0, 4, 1, 0, 0, 36, 0, 0, 0, 1, 0, 0, 0, 4, 2, 1, 0, 2, 0, 6, 0, 2, 1, 1, 3, 1, 2, 2, 1, 1, 0, 1, 0, 0, 0, 1, 1, 0, 0, 1, 2, 0, 0, 0, 0, 0, 0, 0, 0, 0, 0, 0, 0, 0, 0, 0, 0, 0, 0, 0, 0, 0, 1, 0, 0, 0, 0, 0, 0, 0, 0, 0, 0, 0, 0, 1, 0, 0, 0], "scoring-beta-feature_frequency": [1, 5, 2, 0, 0, 0, 0, 0, 0, 0, 0, 0, 0, 0, 0, 0, 0, 0, 0, 0, 0, 1, 0, 1, 1, 0, 0, 0, 0, 0, 4, 0, 0, 0, 0, 0, 0, 0, 0, 0, 0, 0, 0, 0, 0, 0, 0, 0, 0, 0, 0, 1, 1, 0, 0, 0, 0, 0, 0, 0, 0, 0, 0, 0, 0, 0, 0, 0, 0, 0, 0, 0, 0, 0, 0, 0, 0, 0, 0, 0, 0, 0, 0, 0, 0, 0, 0, 0, 0, 0, 0, 0, 0, 0, 0, 0, 0, 0, 0, 0, 0, 0, 0, 0], "scoring-beta-escore": 0.15539369610313022, "sparsity": 1.0, "black_box": "data/adult"}}, {"scoring": "r2", "coverage": 1.0, "sparsity": 1.0, "alpha": 0.5, "beta": 99.0,