{"name": "adult.dnn.coverage", "runs": [{"scoring": "coverage", "coverage": 1.0, "sparsity": 1.0, "alpha": 0.5, "beta": 0.0, "gamma": -1.0, "max_len": -1.0, "results": {"alpha": 0.5, "beta": 0.0, "gamma": 1324, "max_len": Infinity, "scoring": "coverage", "scoring-fidelities": 0.8799385875127943, "beta-scoring-fidelity": 0.8802456499488229, "beta-scoring-rule_nr": 1324, "mean_length": 20.61404833836858, "std_length": 26.00409244315643, "coverage": 1.0, "beta-scoring-coverage": 1.0, "mean-beta-scoring-length": 20.61404833836858, "std-beta-scoring-length": 26.00409244315643, "mean_prediction": 0.4915769701668453, "std-scoring-prediction": 0.0, "rule_reduction-alpha-scoring": 0.03927492447129909, "rule_reduction-beta-scoring": 1.0, "len_reduction-beta-scoring": 1.0, "simplicity-beta-scoring": 1.0, "feature_frequency": [748, 790, 776, 541, 223, 194, 214, 210, 187, 327, 260, 216, 283, 290, 194, 231, 233, 346, 246, 193, 255, 395, 136, 640, 224, 175, 174, 250, 336, 172, 643, 170, 479, 221, 217, 255, 176, 458, 353, 457, 468, 437, 400, 165, 311, 182, 258, 233, 402, 667, 291, 260, 239, 233, 147, 174, 210, 301, 157, 206, 394, 349, 223, 161, 209, 184, 185, 192, 185, 126, 195, 203, 189, 187, 180, 190, 210, 225, 212, 183, 172, 142, 217, 196, 168, 207, 179, 305, 176, 186, 180, 200, 219, 207, 188, 215, 179, 184, 178, 220, 211, 179, 174, 0], "scoring-beta-feature_frequency": [748, 790, 776, 541, 223, 194, 214, 210, 187, 327, 260, 216, 283, 290, 194, 231, 233, 346, 246, 193, 255, 395, 136, 640, 224, 175, 174, 250, 336, 172, 643, 170, 479, 221, 217, 255, 176, 458, 353, 457, 468, 437, 400, 165, 311, 182, 258, 233, 402, 667, 291, 260, 239, 233, 147, 174, 210, 301, 157, 206, 394, 349, 223, 161, 209, 184, 185, 192, 185, 126, 195, 203, 189, 187, 180, 190, 210, 225, 212, 183, 172, 142, 217, 196, 168, 207, 179, 305, 176, 186, 180, 200, 219, 207, 188, 215, 179, 184, 178, 220, 211, 179, 174, 0], "scoring-beta-escore": 0.9363091997822537, "sparsity": 1.0, "black_box": "data/adult"}}, {"scoring": "coverage", "coverage": 1.0, "sparsity": 1.0, "alpha": 0.5, "beta": 25.0, "gamma": -1.0, "max_len": -1.0, "results": {"alpha": 0.5, "beta": 25.0, "gamma": 1324, "max_len": Infinity, "scoring": "coverage", "scoring-fidelities": 0.8799385875127943, "beta-scoring-fidelity": 0.8802456499488229, "beta-scoring-rule_nr": 1002, "mean_length": 20.61404833836858, "std_length": 26.00409244315643, "coverage": 1.0, "beta-scoring-coverage": 1.0, "mean-beta-scoring-length": 7.589820359281437, "std-beta-scoring-length": 7.65123084873691, "mean_prediction": 0.4915769701668453, "std-scoring-prediction": 0.0, "rule_reduction-alpha-scoring": 0.03927492447129909, "rule_reduction-beta-scoring": 0.756797583081571, "len_reduction-beta-scoring": 0.36818679352539563, "simplicity-beta-scoring": 0.2786428754625728, "feature_frequency": [748, 790, 776, 541, 223, 194, 214, 210, 187, 327, 260, 216, 283, 290, 194, 231, 233, 346, 246, 193, 255, 395, 136, 640, 224, 175, 174, 250, 336, 172, 643, 170, 479, 221, 217, 255, 176, 458, 353, 457, 468, 437, 400, 165, 311, 182, 258, 233, 402, 667, 291, 260, 239, 233, 147, 174, 210, 301, 157, 206, 394, 349, 223, 161, 209, 184, 185, 192, 185, 126, 195, 203, 189, 187, 180, 190, 210, 225, 212, 183, 172, 142, 217, 196, 168, 207, 179, 305, 176, 186, 180, 200, 219, 207, 188, 215, 179, 184, 178, 220, 211, 179, 174, 0], "scoring-beta-feature_frequency": [517, 485, 455, 349, 28, 45, 2, 6, 42, 114, 70, 2, 77, 96, 18, 11, 57, 107, 44, 22, 23, 269, 41, 347, 133, 6, 43, 135, 116, 2, 365, 6, 219, 15, 11, 63, 3, 205, 216, 216, 206, 219, 249, 2, 222, 23, 74, 35, 163, 387, 51, 37, 130, 37, 66, 11, 12, 131, 6, 1, 149, 102, 3, 5, 4, 6, 4, 12, 3, 3, 3, 6, 5, 4, 6, 4, 6, 5, 5, 5, 5, 5, 3, 6, 4, 5, 4, 113, 2, 8, 3, 9, 5, 4, 14, 3, 8, 4, 6, 3, 0, 4, 4, 0], "scoring-beta-escore": 0.42329210038228837, "sparsity": 1.0, "black_box": "data/adult"}}, {"scoring": "coverage", "coverage": 1.0, "sparsity": 1.0, "alpha": 0.5, "beta": 50.0, "gamma": -1.0, "max_len": -1.0, "results": {"alpha": 0.5, "beta": 50.0, "gamma": 1324, "max_len": Infinity, "scoring": "coverage", "scoring-fidelities": 0.8799385875127943, "beta-scoring-fidelity": 0.8803480040941658, "beta-scoring-rule_nr": 672, "mean_length": 20.61404833836858, "std_length": 26.00409244315643, "coverage": 1.0, "beta-scoring-coverage": 0.9998976458546571, "mean-beta-scoring-length": 5.334821428571429, "std-beta-scoring-length": 5.522635399320376, "mean_prediction": 0.4915769701668453, "std-scoring-prediction": 0.0, "rule_reduction-alpha-scoring": 0.03927492447129909, "rule_reduction-beta-scoring": 0.5075528700906344, "len_reduction-beta-scoring": 0.2587954263521259, "simplicity-beta-scoring": 0.1313523614113509, "feature_frequency": [748, 790, 776, 541, 223, 194, 214, 210, 187, 327, 260, 216, 283, 290, 194, 231, 233, 346, 246, 193, 255, 395, 136, 640, 224, 175, 174, 250, 336, 172, 643, 170, 479, 221, 217, 255, 176, 458, 353, 457, 468, 437, 400, 165, 311, 182, 258, 233, 402, 667, 291, 260, 239, 233, 147, 174, 210, 301, 157, 206, 394, 349, 223, 161, 209, 184, 185, 192, 185, 126, 195, 203, 189, 187, 180, 190, 210, 225, 212, 183, 172, 142, 217, 196, 168, 207, 179, 305, 176, 186, 180, 200, 219, 207, 188, 215, 179, 184, 178, 220, 211, 179, 174, 0], "scoring-beta-feature_frequency": [280, 260, 193, 188, 3, 17, 1, 3, 3, 60, 49, 1, 41, 41, 8, 1, 33, 44, 24, 10, 7, 191, 9, 191, 79, 0, 11, 95, 30, 0, 166, 2, 67, 7, 2, 33, 0, 110, 144, 101, 93, 95, 105, 0, 122, 7, 23, 3, 80, 173, 16, 15, 38, 8, 28, 3, 5, 85, 2, 0, 46, 35, 0, 0, 2, 0, 0, 3, 1, 0, 1, 2, 0, 1, 1, 3, 3, 1, 2, 1, 2, 0, 1, 2, 1, 1, 0, 53, 0, 2, 0, 4, 0, 1, 0, 2, 2, 1, 0, 2, 0, 3, 0, 0], "scoring-beta-escore": 0.22859691099104923, "sparsity": 1.0, "black_box": "data/adult"}}, {"scoring": "coverage", "coverage": 1.0, "sparsity": 1.0, "alpha": 0.5, "beta": 75.0, "gamma": -1.0, "max_len": -1.0, "results": {"alpha": 0.5, "beta": 75.0, "gamma": 1324, "max_len": Infinity, "scoring": "coverage", "scoring-fidelities": 0.8799385875127943, "beta-scoring-fidelity": 0.8799385875127943, "beta-scoring-rule_nr": 332, "mean_length": 20.61404833836858, "std_length": 26.00409244315643, "coverage": 1.0, "beta-scoring-coverage": 0.9961105424769703, "mean-beta-scoring-length": 2.6897590361445785, "std-beta-scoring-length": 1.5000453614856897, "mean_prediction": 0.4915769701668453, "std-scoring-prediction": 0.0, "rule_reduction-alpha-scoring": 0.03927492447129909, "rule_reduction-beta-scoring": 0.25075528700906347, "len_reduction-beta-scoring": 0.1304818438374463, "simplicity-beta-scoring": 0.032719012200930646, "feature_frequency": [748, 790, 776, 541, 223, 194, 214, 210, 187, 327, 260, 216, 283, 290, 194, 231, 233, 346, 246, 193, 255, 395, 136, 640, 224, 175, 174, 250, 336, 172, 643, 170, 479, 221, 217, 255, 176, 458, 353, 457, 468, 437, 400, 165, 311, 182, 258, 233, 402, 667, 291, 260, 239, 233, 147, 174, 210, 301, 157, 206, 394, 349, 223, 161, 209, 184, 185, 192, 185, 126, 195, 203, 189, 187, 180, 190, 210, 225, 212, 183, 172, 142, 217, 196, 168, 207, 179, 305, 176, 186, 180, 200, 219, 207, 188, 215, 179, 184, 178, 220, 211, 179, 174, 0], "scoring-beta-feature_frequency": [88, 77, 3, 90, 3, 4, 0, 1, 3, 9, 2, 0, 1, 5, 0, 1, 3, 1, 2, 3, 1, 69, 6, 55, 44, 0, 5, 48, 6, 0, 26, 0, 14, 0, 1, 12, 0, 34, 69, 0, 4, 11, 15, 0, 46, 4, 4, 2, 8, 11, 5, 0, 11, 5, 16, 2, 2, 10, 0, 0, 17, 5, 0, 0, 2, 0, 0, 0, 1, 0, 1, 1, 0, 0, 0, 2, 2, 0, 2, 1, 2, 0, 0, 1, 1, 1, 0, 1, 0, 0, 0, 3, 0, 0, 0, 2, 2, 1, 0, 1, 0, 2, 0, 0], "scoring-beta-escore": 0.06309205421602064, "sparsity": 1.0, "black_box": "data/adult"}}, {"scoring": "coverage", "coverage": 1.0, "sparsity": 1.0, "alpha": 0.5, "beta": 90.0, "gamma": -1.0, "max_len": -1.0, "results": {"alpha": 0.5, "beta": 90.0, "gamma": 1324, "max_len": Infinity, "scoring": "coverage", "scoring-fidelities": 0.8799385875127943, "beta-scoring-fidelity": 0.8799385875127943, "beta-scoring-rule_nr": 133, "mean_length": 20.61404833836858, "std_length": 26.00409244315643, "coverage": 1.0,