{"name": "adult.cpar.dnn.coverage", "runs": [{"scoring": "coverage", "coverage": 1.0, "sparsity": 1.0, "alpha": 0.5, "beta": 0.0, "gamma": -1.0, "max_len": -1.0, "results": {"alpha": 0.5, "beta": 0.0, "gamma": 299, "max_len": Infinity, "scoring": "coverage", "scoring-fidelities": 0.8799385875127943, "beta-scoring-fidelity": 0.8198567041965199, "beta-scoring-rule_nr": 299, "mean_length": 4.157190635451505, "std_length": 2.485820685820434, "coverage": 1.0, "beta-scoring-coverage": 1.0, "mean-beta-scoring-length": 4.157190635451505, "std-beta-scoring-length": 2.485820685820434, "mean_prediction": 8.8472987354292, "std-scoring-prediction": 0.0, "rule_reduction-alpha-scoring": 0.0033444816053511705, "rule_reduction-beta-scoring": 1.0, "len_reduction-beta-scoring": 1.0, "simplicity-beta-scoring": 1.0, "feature_frequency": [49, 55, 53, 103, 25, 39, 0, 0, 32, 33, 31, 0, 2, 0, 2, 1, 0, 3, 2, 24, 29, 66, 6, 23, 13, 1, 20, 53, 0, 1, 168, 0, 2, 1, 1, 28, 1, 13, 31, 5, 1, 4, 4, 0, 34, 17, 28, 22, 7, 63, 4, 2, 0, 2, 18, 3, 14, 19, 1, 0, 13, 0, 1, 6, 0, 0, 4, 1, 0, 1, 3, 4, 3, 1, 0, 0, 0, 0, 1, 0, 8, 2, 1, 1, 2, 7, 1, 7, 0, 0, 0, 5, 2, 0, 2, 1, 0, 5, 1, 0, 0, 0, 1, 0], "scoring-beta-feature_frequency": [49, 55, 53, 103, 25, 39, 0, 0, 32, 33, 31, 0, 2, 0, 2, 1, 0, 3, 2, 24, 29, 66, 6, 23, 13, 1, 20, 53, 0, 1, 168, 0, 2, 1, 1, 28, 1, 13, 31, 5, 1, 4, 4, 0, 34, 17, 28, 22, 7, 63, 4, 2, 0, 2, 18, 3, 14, 19, 1, 0, 13, 0, 1, 6, 0, 0, 4, 1, 0, 1, 3, 4, 3, 1, 0, 0, 0, 0, 1, 0, 8, 2, 1, 1, 2, 7, 1, 7, 0, 0, 0, 5, 2, 0, 2, 1, 0, 5, 1, 0, 0, 0, 1, 0], "scoring-beta-escore": 0.9010123734533183, "sparsity": 1.0, "black_box": "data/adult"}}, {"scoring": "coverage", "coverage": 1.0, "sparsity": 1.0, "alpha": 0.5, "beta": 25.0, "gamma": -1.0, "max_len": -1.0, "results": {"alpha": 0.5, "beta": 25.0, "gamma": 299, "max_len": Infinity, "scoring": "coverage", "scoring-fidelities": 0.8799385875127943, "beta-scoring-fidelity": 0.8198567041965199, "beta-scoring-rule_nr": 283, "mean_length": 4.157190635451505, "std_length": 2.485820685820434, "coverage": 1.0, "beta-scoring-coverage": 1.0, "mean-beta-scoring-length": 4.137809187279152, "std-beta-scoring-length": 2.5454354919049047, "mean_prediction": 8.8472987354292, "std-scoring-prediction": 0.0, "rule_reduction-alpha-scoring": 0.0033444816053511705, "rule_reduction-beta-scoring": 0.9464882943143813, "len_reduction-beta-scoring": 0.9953378495546794, "simplicity-beta-scoring": 0.9420756234915528, "feature_frequency": [49, 55, 53, 103, 25, 39, 0, 0, 32, 33, 31, 0, 2, 0, 2, 1, 0, 3, 2, 24, 29, 66, 6, 23, 13, 1, 20, 53, 0, 1, 168, 0, 2, 1, 1, 28, 1, 13, 31, 5, 1, 4, 4, 0, 34, 17, 28, 22, 7, 63, 4, 2, 0, 2, 18, 3, 14, 19, 1, 0, 13, 0, 1, 6, 0, 0, 4, 1, 0, 1, 3, 4, 3, 1, 0, 0, 0, 0, 1, 0, 8, 2, 1, 1, 2, 7, 1, 7, 0, 0, 0, 5, 2, 0, 2, 1, 0, 5, 1, 0, 0, 0, 1, 0], "scoring-beta-feature_frequency": [45, 55, 51, 96, 23, 38, 0, 0, 31, 32, 30, 0, 2, 0, 2, 1, 0, 3, 2, 23, 24, 62, 6, 22, 13, 1, 20, 50, 0, 1, 157, 0, 2, 1, 1, 26, 1, 13, 30, 5, 1, 4, 4, 0, 32, 16, 25, 20, 6, 58, 4, 2, 0, 2, 17, 3, 12, 19, 1, 0, 12, 0, 1, 6, 0, 0, 4, 1, 0, 1, 3, 4, 1, 1, 0, 0, 0, 0, 1, 0, 8, 2, 1, 1, 2, 6, 1, 6, 0, 0, 0, 3, 2, 0, 2, 1, 0, 4, 1, 0, 0, 0, 1, 0], "scoring-beta-escore": 0.8767272200438377, "sparsity": 1.0, "black_box": "data/adult"}}, {"scoring": "coverage", "coverage": 1.0, "sparsity": 1.0, "alpha": 0.5, "beta": 50.0, "gamma": -1.0, "max_len": -1.0, "results": {"alpha": 0.5, "beta": 50.0, "gamma": 299, "max_len": Infinity, "scoring": "coverage", "scoring-fidelities": 0.8799385875127943, "beta-scoring-fidelity": 0.819754350051177, "beta-scoring-rule_nr": 156, "mean_length": 4.157190635451505, "std_length": 2.485820685820434, "coverage": 1.0, "beta-scoring-coverage": 1.0, "mean-beta-scoring-length": 4.217948717948718, "std-beta-scoring-length": 3.0112925749134916, "mean_prediction": 8.8472987354292, "std-scoring-prediction": 0.0, "rule_reduction-alpha-scoring": 0.0033444816053511705, "rule_reduction-beta-scoring": 0.5217391304347826, "len_reduction-beta-scoring": 1.0146151783319926, "simplicity-beta-scoring": 0.5293644408688657, "feature_frequency": [49, 55, 53, 103, 25, 39, 0, 0, 32, 33, 31, 0, 2, 0, 2, 1, 0, 3, 2, 24, 29, 66, 6, 23, 13, 1, 20, 53, 0, 1, 168, 0, 2, 1, 1, 28, 1, 13, 31, 5, 1, 4, 4, 0, 34, 17, 28, 22, 7, 63, 4, 2, 0, 2, 18, 3, 14, 19, 1, 0, 13, 0, 1, 6, 0, 0, 4, 1, 0, 1, 3, 4, 3, 1, 0, 0, 0, 0, 1, 0, 8, 2, 1, 1, 2, 7, 1, 7, 0, 0, 0, 5, 2, 0, 2, 1, 0, 5, 1, 0, 0, 0, 1, 0], "scoring-beta-feature_frequency": [29, 40, 40, 63, 17, 20, 0, 0, 19, 18, 15, 0, 2, 0, 0, 1, 0, 1, 2, 4, 14, 35, 3, 16, 6, 0, 8, 38, 0, 0, 79, 0, 0, 0, 1, 15, 0, 4, 17, 3, 1, 3, 2, 0, 22, 6, 20, 11, 6, 31, 0, 1, 0, 1, 7, 1, 5, 13, 1, 0, 5, 0, 0, 0, 0, 0, 0, 1, 0, 1, 1, 1, 0, 0, 0, 0, 0, 0, 0, 0, 2, 0, 0, 0, 0, 0, 1, 5, 0, 0, 0, 0, 0, 0, 0, 0, 0, 0, 0, 0, 0, 0, 0, 0], "scoring-beta-escore": 0.6433070328354507, "sparsity": 1.0, "black_box": "data/adult"}}, {"scoring": "coverage", "coverage": 1.0, "sparsity": 1.0, "alpha": 0.5, "beta": 75.0, "gamma": -1.0, "max_len": -1.0, "results": {"alpha": 0.5, "beta": 75.0, "gamma": 299, "max_len": Infinity, "scoring": "coverage", "scoring-fidelities": 0.8799385875127943, "beta-scoring-fidelity": 0.819754350051177, "beta-scoring-rule_nr": 76, "mean_length": 4.157190635451505, "std_length": 2.485820685820434, "coverage": 1.0, "beta-scoring-coverage": 1.0, "mean-beta-scoring-length": 2.8552631578947367, "std-beta-scoring-length": 2.0242214056690973, "mean_prediction": 8.8472987354292, "std-scoring-prediction": 0.0, "rule_reduction-alpha-scoring": 0.0033444816053511705, "rule_reduction-beta-scoring": 0.25418060200668896, "len_reduction-beta-scoring": 0.6868251683109625, "simplicity-beta-scoring": 0.17457763475462593, "feature_frequency": [49, 55, 53, 103, 25, 39, 0, 0, 32, 33, 31, 0, 2, 0, 2, 1, 0, 3, 2, 24, 29, 66, 6, 23, 13, 1, 20, 53, 0, 1, 168, 0, 2, 1, 1, 28, 1, 13, 31, 5, 1, 4, 4, 0, 34, 17, 28, 22, 7, 63, 4, 2, 0, 2, 18, 3, 14, 19, 1, 0, 13, 0, 1, 6, 0, 0, 4, 1, 0, 1, 3, 4, 3, 1, 0, 0, 0, 0, 1, 0, 8, 2, 1, 1, 2, 7, 1, 7, 0, 0, 0, 5, 2, 0, 2, 1, 0, 5, 1, 0, 0, 0, 1, 0], "scoring-beta-feature_frequency": [5, 12, 21, 17, 1, 1, 0, 0, 3, 3, 2, 0, 1, 0, 0, 1, 0, 1, 1, 1, 4, 17, 2, 7, 3, 0, 4, 11, 0, 0, 28, 0, 0, 0, 1, 4, 0, 2, 7, 1, 1, 3, 2, 0, 9, 2, 7, 4, 3, 14, 0, 0, 0, 1, 2, 0, 2, 2, 0, 0, 0, 0, 0, 0, 0, 0, 0, 0, 0, 0, 1, 0, 0, 0, 0, 0, 0, 0, 0, 0, 1, 0, 0, 0, 0, 0, 0, 2, 0, 0, 0, 0, 0, 0, 0, 0, 0, 0, 0, 0, 0, 0, 0, 0], "scoring-beta-escore": 0.2878531068065768, "sparsity": 1.0, "black_box": "data/adult"}}, {"scoring": "coverage", "coverage": 1.0, "sparsity": 1.0, "alpha": 0.5, "beta": 90.0, "gamma": -1.0, "max_len": -1.0, "results": {"alpha": 0.5, "beta": 90.0, "gamma": 299, "max_len": Infinity, "scoring": "coverage", "scoring-fidelities": 0.8799385875127943, "beta-scoring-fidelity": 0.8250767656090072, "beta-scoring-rule_nr": 30, "mean_length": 4.157190635451505, "std_length": 2.485820685820434, "coverage": 1.0, "beta-scoring-coverage": 1.0, "mean-beta-scoring-length": 1.8333333333333333, "std-beta-scoring-length": 1.1571036638473187, "mean_prediction": 8.8472987354292, "std-scoring-prediction": 0.0, "rule_reduction-alpha-scoring": 0.0033444816053511705, "rule_reduction-beta-scoring": 0.10033444816053512, "len_reduction-beta-scoring": 0.4410029498525074, "simplicity-beta-scoring": 0.04424778761061947, "feature_frequency": [49, 55, 53, 103, 25, 39, 0, 0, 32, 33, 31, 0, 2, 0, 2, 1, 0, 3, 2, 24, 29, 66, 6, 23, 13, 1, 20, 53, 0, 1, 168, 0, 2, 1, 1, 28, 1, 13, 31, 5, 1, 4, 4, 0, 34, 17, 28, 22, 7, 63, 4, 2, 0, 2, 18, 3, 14, 19, 1, 0, 13, 0, 1, 6, 0, 0, 4, 1, 0, 1, 3, 4, 3, 1, 0, 0, 0, 0, 1, 0, 8, 2, 1, 1, 2, 7, 1, 7, 0, 0, 0, 5, 2, 0, 2, 1, 0, 5, 1, 0, 0, 0, 1, 0],