{"name": "adult.rf.r2", "runs": [{"scoring": "r2", "coverage": 1.0, "sparsity": 1.0, "alpha": 0.5, "beta": 0.0, "gamma": -1.0, "max_len": -1.0, "results": {"alpha": 0.5, "beta": 0.0, "gamma": 1441, "max_len": Infinity, "scoring": "r2", "scoring-fidelities": 0.8299897645854657, "beta-scoring-fidelity": 0.8678607983623337, "beta-scoring-rule_nr": 1441, "mean_length": 10.9500346981263, "std_length": 15.042581302893936, "coverage": 1.0, "beta-scoring-coverage": 1.0, "mean-beta-scoring-length": 10.9500346981263, "std-beta-scoring-length": 15.042581302893936, "mean_prediction": 0.49283946349714974, "std-scoring-prediction": 0.0, "rule_reduction-alpha-scoring": 0.021512838306731435, "rule_reduction-beta-scoring": 1.0, "len_reduction-beta-scoring": 1.0, "simplicity-beta-scoring": 1.0, "feature_frequency": [850, 591, 213, 521, 57, 46, 61, 252, 76, 260, 54, 66, 198, 254, 105, 69, 64, 203, 162, 153, 111, 508, 49, 655, 115, 71, 60, 275, 154, 64, 600, 79, 367, 102, 91, 213, 59, 482, 340, 368, 263, 289, 436, 72, 228, 140, 231, 109, 295, 628, 235, 141, 260, 159, 114, 65, 37, 149, 57, 73, 222, 222, 60, 62, 50, 60, 56, 54, 62, 62, 62, 31, 55, 56, 62, 56, 58, 62, 55, 63, 46, 33, 69, 57, 59, 35, 57, 102, 63, 64, 55, 55, 58, 54, 61, 60, 43, 44, 57, 58, 63, 58, 59, 0], "scoring-beta-feature_frequency": [850, 591, 213, 521, 57, 46, 61, 252, 76, 260, 54, 66, 198, 254, 105, 69, 64, 203, 162, 153, 111, 508, 49, 655, 115, 71, 60, 275, 154, 64, 600, 79, 367, 102, 91, 213, 59, 482, 340, 368, 263, 289, 436, 72, 228, 140, 231, 109, 295, 628, 235, 141, 260, 159, 114, 65, 37, 149, 57, 73, 222, 222, 60, 62, 50, 60, 56, 54, 62, 62, 62, 31, 55, 56, 62, 56, 58, 62, 55, 63, 46, 33, 69, 57, 59, 35, 57, 102, 63, 64, 55, 55, 58, 54, 61, 60, 43, 44, 57, 58, 63, 58, 59, 0], "scoring-beta-escore": 0.929256397610828, "sparsity": 1.0, "black_box": "data/adult"}}, {"scoring": "r2", "coverage": 1.0, "sparsity": 1.0, "alpha": 0.5, "beta": 25.0, "gamma": -1.0, "max_len": -1.0, "results": {"alpha": 0.5, "beta": 25.0, "gamma": 1441, "max_len": Infinity, "scoring": "r2", "scoring-fidelities": 0.8299897645854657, "beta-scoring-fidelity": 0.8678607983623337, "beta-scoring-rule_nr": 1081, "mean_length": 10.9500346981263, "std_length": 15.042581302893936, "coverage": 1.0, "beta-scoring-coverage": 1.0, "mean-beta-scoring-length": 6.723404255319149, "std-beta-scoring-length": 5.936161923608017, "mean_prediction": 0.49283946349714974, "std-scoring-prediction": 0.0, "rule_reduction-alpha-scoring": 0.021512838306731435, "rule_reduction-beta-scoring": 0.7501734906315058, "len_reduction-beta-scoring": 0.6140075753796118, "simplicity-beta-scoring": 0.46061220609671083, "feature_frequency": [850, 591, 213, 521, 57, 46, 61, 252, 76, 260, 54, 66, 198, 254, 105, 69, 64, 203, 162, 153, 111, 508, 49, 655, 115, 71, 60, 275, 154, 64, 600, 79, 367, 102, 91, 213, 59, 482, 340, 368, 263, 289, 436, 72, 228, 140, 231, 109, 295, 628, 235, 141, 260, 159, 114, 65, 37, 149, 57, 73, 222, 222, 60, 62, 50, 60, 56, 54, 62, 62, 62, 31, 55, 56, 62, 56, 58, 62, 55, 63, 46, 33, 69, 57, 59, 35, 57, 102, 63, 64, 55, 55, 58, 54, 61, 60, 43, 44, 57, 58, 63, 58, 59, 0], "scoring-beta-feature_frequency": [600, 493, 114, 400, 17, 16, 1, 136, 41, 150, 15, 0, 77, 121, 18, 8, 8, 77, 57, 56, 33, 420, 18, 444, 82, 7, 41, 181, 61, 2, 369, 8, 181, 23, 20, 98, 2, 294, 267, 190, 121, 132, 233, 9, 158, 61, 116, 25, 147, 387, 92, 37, 120, 60, 37, 7, 7, 60, 4, 1, 89, 91, 3, 6, 1, 7, 12, 1, 2, 2, 6, 3, 5, 1, 2, 2, 1, 3, 3, 1, 2, 3, 6, 3, 3, 3, 1, 18, 2, 2, 0, 11, 3, 2, 1, 1, 3, 0, 3, 0, 0, 0, 0, 0], "scoring-beta-escore": 0.6018146783213028, "sparsity": 1.0, "black_box": "data/adult"}}, {"scoring": "r2", "coverage": 1.0, "sparsity": 1.0, "alpha": 0.5, "beta": 50.0, "gamma": -1.0, "max_len": -1.0, "results": {"alpha": 0.5, "beta": 50.0, "gamma": 1441, "max_len": Infinity, "scoring": "r2", "scoring-fidelities": 0.8299897645854657, "beta-scoring-fidelity": 0.8678607983623337, "beta-scoring-rule_nr": 721, "mean_length": 10.9500346981263, "std_length": 15.042581302893936, "coverage": 1.0, "beta-scoring-coverage": 1.0, "mean-beta-scoring-length": 5.973647711511789, "std-beta-scoring-length": 5.763785176879271, "mean_prediction": 0.49283946349714974, "std-scoring-prediction": 0.0, "rule_reduction-alpha-scoring": 0.021512838306731435, "rule_reduction-beta-scoring": 0.5003469812630118, "len_reduction-beta-scoring": 0.5455368751054241, "simplicity-beta-scoring": 0.2729577286266557, "feature_frequency": [850, 591, 213, 521, 57, 46, 61, 252, 76, 260, 54, 66, 198, 254, 105, 69, 64, 203, 162, 153, 111, 508, 49, 655, 115, 71, 60, 275, 154, 64, 600, 79, 367, 102, 91, 213, 59, 482, 340, 368, 263, 289, 436, 72, 228, 140, 231, 109, 295, 628, 235, 141, 260, 159, 114, 65, 37, 149, 57, 73, 222, 222, 60, 62, 50, 60, 56, 54, 62, 62, 62, 31, 55, 56, 62, 56, 58, 62, 55, 63, 46, 33, 69, 57, 59, 35, 57, 102, 63, 64, 55, 55, 58, 54, 61, 60, 43, 44, 57, 58, 63, 58, 59, 0], "scoring-beta-feature_frequency": [359, 381, 56, 265, 6, 2, 1, 82, 9, 89, 4, 0, 46, 81, 14, 6, 3, 39, 30, 35, 19, 280, 2, 246, 32, 6, 23, 120, 36, 2, 196, 6, 92, 15, 11, 67, 1, 184, 179, 95, 74, 87, 121, 7, 72, 36, 51, 15, 83, 194, 50, 21, 72, 36, 16, 7, 4, 35, 4, 0, 57, 61, 1, 4, 0, 4, 10, 0, 2, 1, 3, 2, 4, 1, 2, 2, 1, 2, 2, 0, 2, 3, 5, 1, 2, 3, 1, 9, 1, 2, 0, 7, 1, 2, 0, 0, 2, 0, 2, 0, 0, 0, 0, 0], "scoring-beta-escore": 0.41529709884766797, "sparsity": 1.0, "black_box": "data/adult"}}, {"scoring": "r2", "coverage": 1.0, "sparsity": 1.0, "alpha": 0.5, "beta": 75.0, "gamma": -1.0, "max_len": -1.0, "results": {"alpha": 0.5, "beta": 75.0, "gamma": 1441, "max_len": Infinity, "scoring": "r2", "scoring-fidelities": 0.8299897645854657, "beta-scoring-fidelity": 0.8672466734902764, "beta-scoring-rule_nr": 361, "mean_length": 10.9500346981263, "std_length": 15.042581302893936, "coverage": 1.0, "beta-scoring-coverage": 0.9991811668372569, "mean-beta-scoring-length": 5.207756232686981, "std-beta-scoring-length": 5.747555974033617, "mean_prediction": 0.49283946349714974, "std-scoring-prediction": 0.0, "rule_reduction-alpha-scoring": 0.021512838306731435, "rule_reduction-beta-scoring": 0.2505204718945177, "len_reduction-beta-scoring": 0.47559266945319345, "simplicity-beta-scoring": 0.1191456999809874, "feature_frequency": [850, 591, 213, 521, 57, 46, 61, 252, 76, 260, 54, 66, 198, 254, 105, 69, 64, 203, 162, 153, 111, 508, 49, 655, 115, 71, 60, 275, 154, 64, 600, 79, 367, 102, 91, 213, 59, 482, 340, 368, 263, 289, 436, 72, 228, 140, 231, 109, 295, 628, 235, 141, 260, 159, 114, 65, 37, 149, 57, 73, 222, 222, 60, 62, 50, 60, 56, 54, 62, 62, 62, 31, 55, 56, 62, 56, 58, 62, 55, 63, 46, 33, 69, 57, 59, 35, 57, 102, 63, 64, 55, 55, 58, 54, 61, 60, 43, 44, 57, 58, 63, 58, 59, 0], "scoring-beta-feature_frequency": [131, 203, 41, 133, 4, 0, 0, 57, 5, 18, 0, 0, 15, 32, 10, 6, 3, 14, 21, 20, 12, 123, 2, 90, 19, 2, 2, 81, 14, 2, 59, 2, 31, 6, 6, 35, 0, 76, 70, 33, 27, 33, 45, 3, 32, 17, 20, 10, 29, 71, 20, 8, 27, 15, 16, 3, 2, 16, 3, 0, 27, 26, 1, 3, 0, 2, 6, 0, 1, 1, 3, 2, 2, 0, 2, 0, 0, 0, 2, 0, 2, 3, 4, 1, 1, 3, 1, 2, 0, 1, 0, 4, 1, 1, 0, 0, 2, 0, 1, 0, 0, 0, 0, 0], "scoring-beta-escore": 0.2095083351172971, "sparsity": 1.0, "black_box": "data/adult"}}, {"scoring": "r2", "coverage": 1.0, "sparsity": 1.0, "alpha": 0.5, "beta": 90.0, "gamma": -1.0, "max_len": -1.0, "results": {"alpha": 0.5, "beta": 90.0, "gamma": 1441, "max_len": Infinity, "scoring": "r2", "scoring-fidelities": 0.8299897645854657, "beta-scoring-fidelity": 0.8299897645854657, "beta-scoring-rule_nr": 146, "mean_length": 10.9500346981263, "std_length": 15.042581302893936, "coverage": 1.0, "beta-scoring-coverage": 0.9562947799385875, "mean-beta-scoring-length": 3.4726027397260273, "std-beta-scoring-length": 1.09916036123876, "mean_prediction": 0.49283946349714974, "std-scoring-prediction": 0.0, "rule_reduction-alpha-scoring": 0.021512838306731435, "rule_reduction-beta-scoring": 0.10131852879944483, "len_reduction-beta-scoring": 0.3171316653745615,