{"name": "adult.rf.coverage", "runs": [{"scoring": "coverage", "coverage": 1.0, "sparsity": 1.0, "alpha": 0.5, "beta": 0.0, "gamma": -1.0, "max_len": -1.0, "results": {"alpha": 0.5, "beta": 0.0, "gamma": 1441, "max_len": Infinity, "scoring": "coverage", "scoring-fidelities": 0.8299897645854657, "beta-scoring-fidelity": 0.8660184237461617, "beta-scoring-rule_nr": 1441, "mean_length": 10.9500346981263, "std_length": 15.042581302893936, "coverage": 1.0, "beta-scoring-coverage": 1.0, "mean-beta-scoring-length": 10.9500346981263, "std-beta-scoring-length": 15.042581302893936, "mean_prediction": 0.49283946349714974, "std-scoring-prediction": 0.0, "rule_reduction-alpha-scoring": 0.027064538514920196, "rule_reduction-beta-scoring": 1.0, "len_reduction-beta-scoring": 1.0, "simplicity-beta-scoring": 1.0, "feature_frequency": [850, 591, 213, 521, 57, 46, 61, 252, 76, 260, 54, 66, 198, 254, 105, 69, 64, 203, 162, 153, 111, 508, 49, 655, 115, 71, 60, 275, 154, 64, 600, 79, 367, 102, 91, 213, 59, 482, 340, 368, 263, 289, 436, 72, 228, 140, 231, 109, 295, 628, 235, 141, 260, 159, 114, 65, 37, 149, 57, 73, 222, 222, 60, 62, 50, 60, 56, 54, 62, 62, 62, 31, 55, 56, 62, 56, 58, 62, 55, 63, 46, 33, 69, 57, 59, 35, 57, 102, 63, 64, 55, 55, 58, 54, 61, 60, 43, 44, 57, 58, 63, 58, 59, 0], "scoring-beta-feature_frequency": [850, 591, 213, 521, 57, 46, 61, 252, 76, 260, 54, 66, 198, 254, 105, 69, 64, 203, 162, 153, 111, 508, 49, 655, 115, 71, 60, 275, 154, 64, 600, 79, 367, 102, 91, 213, 59, 482, 340, 368, 263, 289, 436, 72, 228, 140, 231, 109, 295, 628, 235, 141, 260, 159, 114, 65, 37, 149, 57, 73, 222, 222, 60, 62, 50, 60, 56, 54, 62, 62, 62, 31, 55, 56, 62, 56, 58, 62, 55, 63, 46, 33, 69, 57, 59, 35, 57, 102, 63, 64, 55, 55, 58, 54, 61, 60, 43, 44, 57, 58, 63, 58, 59, 0], "scoring-beta-escore": 0.9281992211069058, "sparsity": 1.0, "black_box": "data/adult"}}, {"scoring": "coverage", "coverage": 1.0, "sparsity": 1.0, "alpha": 0.5, "beta": 25.0, "gamma": -1.0, "max_len": -1.0, "results": {"alpha": 0.5, "beta": 25.0, "gamma": 1441, "max_len": Infinity, "scoring": "coverage", "scoring-fidelities": 0.8299897645854657, "beta-scoring-fidelity": 0.8660184237461617, "beta-scoring-rule_nr": 1102, "mean_length": 10.9500346981263, "std_length": 15.042581302893936, "coverage": 1.0, "beta-scoring-coverage": 1.0, "mean-beta-scoring-length": 6.4346642468239565, "std-beta-scoring-length": 5.776603086380294, "mean_prediction": 0.49283946349714974, "std-scoring-prediction": 0.0, "rule_reduction-alpha-scoring": 0.027064538514920196, "rule_reduction-beta-scoring": 0.7647467036780013, "len_reduction-beta-scoring": 0.5876387083892086, "simplicity-beta-scoring": 0.4493947651942456, "feature_frequency": [850, 591, 213, 521, 57, 46, 61, 252, 76, 260, 54, 66, 198, 254, 105, 69, 64, 203, 162, 153, 111, 508, 49, 655, 115, 71, 60, 275, 154, 64, 600, 79, 367, 102, 91, 213, 59, 482, 340, 368, 263, 289, 436, 72, 228, 140, 231, 109, 295, 628, 235, 141, 260, 159, 114, 65, 37, 149, 57, 73, 222, 222, 60, 62, 50, 60, 56, 54, 62, 62, 62, 31, 55, 56, 62, 56, 58, 62, 55, 63, 46, 33, 69, 57, 59, 35, 57, 102, 63, 64, 55, 55, 58, 54, 61, 60, 43, 44, 57, 58, 63, 58, 59, 0], "scoring-beta-feature_frequency": [580, 467, 131, 379, 17, 21, 1, 124, 35, 152, 17, 0, 79, 129, 15, 7, 9, 85, 58, 59, 33, 428, 18, 424, 75, 7, 20, 180, 61, 2, 356, 7, 164, 21, 15, 96, 2, 295, 274, 192, 122, 142, 228, 7, 145, 58, 106, 30, 152, 367, 92, 36, 108, 57, 41, 8, 7, 56, 4, 1, 87, 84, 2, 7, 0, 6, 12, 1, 2, 1, 5, 3, 4, 1, 2, 2, 1, 2, 3, 1, 2, 3, 6, 1, 2, 3, 1, 19, 2, 2, 0, 11, 3, 2, 1, 0, 3, 0, 2, 0, 0, 0, 0, 0], "scoring-beta-escore": 0.5917291227812501, "sparsity": 1.0, "black_box": "data/adult"}}, {"scoring": "coverage", "coverage": 1.0, "sparsity": 1.0, "alpha": 0.5, "beta": 50.0, "gamma": -1.0, "max_len": -1.0, "results": {"alpha": 0.5, "beta": 50.0, "gamma": 1441, "max_len": Infinity, "scoring": "coverage", "scoring-fidelities": 0.8299897645854657, "beta-scoring-fidelity": 0.8660184237461617, "beta-scoring-rule_nr": 724, "mean_length": 10.9500346981263, "std_length": 15.042581302893936, "coverage": 1.0, "beta-scoring-coverage": 1.0, "mean-beta-scoring-length": 5.198895027624309, "std-beta-scoring-length": 5.231829792522983, "mean_prediction": 0.49283946349714974, "std-scoring-prediction": 0.0, "rule_reduction-alpha-scoring": 0.027064538514920196, "rule_reduction-beta-scoring": 0.5024288688410826, "len_reduction-beta-scoring": 0.47478342954601876, "simplicity-beta-scoring": 0.23854490145129606, "feature_frequency": [850, 591, 213, 521, 57, 46, 61, 252, 76, 260, 54, 66, 198, 254, 105, 69, 64, 203, 162, 153, 111, 508, 49, 655, 115, 71, 60, 275, 154, 64, 600, 79, 367, 102, 91, 213, 59, 482, 340, 368, 263, 289, 436, 72, 228, 140, 231, 109, 295, 628, 235, 141, 260, 159, 114, 65, 37, 149, 57, 73, 222, 222, 60, 62, 50, 60, 56, 54, 62, 62, 62, 31, 55, 56, 62, 56, 58, 62, 55, 63, 46, 33, 69, 57, 59, 35, 57, 102, 63, 64, 55, 55, 58, 54, 61, 60, 43, 44, 57, 58, 63, 58, 59, 0], "scoring-beta-feature_frequency": [325, 327, 64, 240, 4, 0, 1, 82, 7, 67, 2, 0, 43, 72, 12, 6, 5, 38, 34, 33, 20, 268, 4, 222, 36, 4, 2, 121, 25, 2, 155, 5, 51, 9, 8, 60, 1, 154, 167, 96, 65, 77, 95, 5, 69, 36, 54, 15, 82, 158, 35, 15, 40, 30, 17, 6, 3, 26, 4, 1, 37, 46, 1, 4, 0, 2, 10, 0, 1, 1, 4, 3, 2, 0, 2, 1, 1, 1, 2, 0, 2, 3, 4, 1, 1, 3, 1, 11, 1, 2, 0, 5, 2, 1, 0, 0, 2, 0, 2, 0, 0, 0, 0, 0], "scoring-beta-escore": 0.3740560180388114, "sparsity": 1.0, "black_box": "data/adult"}}, {"scoring": "coverage", "coverage": 1.0, "sparsity": 1.0, "alpha": 0.5, "beta": 75.0, "gamma": -1.0, "max_len": -1.0, "results": {"alpha": 0.5, "beta": 75.0, "gamma": 1441, "max_len": Infinity, "scoring": "coverage", "scoring-fidelities": 0.8299897645854657, "beta-scoring-fidelity": 0.8513817809621289, "beta-scoring-rule_nr": 361, "mean_length": 10.9500346981263, "std_length": 15.042581302893936, "coverage": 1.0, "beta-scoring-coverage": 0.9844421699078812, "mean-beta-scoring-length": 3.335180055401662, "std-beta-scoring-length": 1.319408930555196, "mean_prediction": 0.49283946349714974, "std-scoring-prediction": 0.0, "rule_reduction-alpha-scoring": 0.027064538514920196, "rule_reduction-beta-scoring": 0.2505204718945177, "len_reduction-beta-scoring": 0.3045816883093856, "simplicity-beta-scoring": 0.07630394828569619, "feature_frequency": [850, 591, 213, 521, 57, 46, 61, 252, 76, 260, 54, 66, 198, 254, 105, 69, 64, 203, 162, 153, 111, 508, 49, 655, 115, 71, 60, 275, 154, 64, 600, 79, 367, 102, 91, 213, 59, 482, 340, 368, 263, 289, 436, 72, 228, 140, 231, 109, 295, 628, 235, 141, 260, 159, 114, 65, 37, 149, 57, 73, 222, 222, 60, 62, 50, 60, 56, 54, 62, 62, 62, 31, 55, 56, 62, 56, 58, 62, 55, 63, 46, 33, 69, 57, 59, 35, 57, 102, 63, 64, 55, 55, 58, 54, 61, 60, 43, 44, 57, 58, 63, 58, 59, 0], "scoring-beta-feature_frequency": [106, 184, 49, 128, 3, 0, 0, 58, 6, 2, 0, 0, 0, 3, 3, 0, 0, 0, 3, 1, 2, 140, 2, 64, 20, 0, 2, 54, 2, 1, 29, 0, 7, 0, 0, 19, 0, 54, 67, 5, 3, 12, 17, 1, 31, 0, 9, 3, 8, 36, 3, 0, 6, 4, 15, 1, 0, 9, 0, 0, 12, 10, 0, 0, 0, 0, 0, 0, 0, 1, 0, 0, 0, 0, 0, 0, 0, 0, 1, 0, 1, 0, 1, 0, 1, 1, 0, 1, 0, 1, 0, 1, 0, 1, 0, 0, 0, 0, 0, 0, 0, 0, 0, 0], "scoring-beta-escore": 0.14005560145587526, "sparsity": 1.0, "black_box": "data/adult"}}, {"scoring": "coverage", "coverage": 1.0, "sparsity": 1.0, "alpha": 0.5, "beta": 90.0, "gamma": -1.0, "max_len": -1.0, "results": {"alpha": 0.5, "beta": 90.0, "gamma": 1441, "max_len": Infinity, "scoring": "coverage", "scoring-fidelities": 0.8299897645854657, "beta-scoring-fidelity": 0.8299897645854657, "beta-scoring-rule_nr": 145, "mean_length": 10.9500346981263, "std_length": 15.042581302893936, "coverage": 1.0, "beta-scoring-coverage": 0.9567041965199591, "mean-beta-scoring-length": 3.4689655172413794, "std-beta-scoring-length": 1.114513485407766, "mean_prediction": 0.49283946349714974, "std-scoring-prediction": 0.0, "rule_reduction-alpha-scoring": 0.027064538514920196, "rule_reduction-beta-scoring": 0.10062456627342123,