{"name": "churn.cpar.rf.r2", "runs": [{"scoring": "r2", "coverage": 1.0, "sparsity": 1.0, "alpha": 0.5, "beta": 0.0, "gamma": -1.0, "max_len": -1.0, "results": {"alpha": 0.5, "beta": 0.0, "gamma": 130, "max_len": Infinity, "scoring": "r2", "scoring-fidelities": 0.8594084869267038, "beta-scoring-fidelity": 0.8958422631804543, "beta-scoring-rule_nr": 130, "mean_length": 2.853846153846154, "std_length": 1.1509964810581672, "coverage": 1.0, "beta-scoring-coverage": 0.7998285469352765, "mean-beta-scoring-length": 2.853846153846154, "std-beta-scoring-length": 1.1509964810581672, "mean_prediction": 0.3879852373205689, "std-scoring-prediction": 0.0, "rule_reduction-alpha-scoring": 0.09230769230769231, "rule_reduction-beta-scoring": 1.0, "len_reduction-beta-scoring": 1.0, "simplicity-beta-scoring": 1.0, "feature_frequency": [0, 0, 15, 27, 15, 27, 19, 11, 19, 33, 9, 11, 21, 9, 21, 35, 3, 2, 0, 0, 0, 0, 0, 0, 0, 0, 0, 0, 0, 0, 0, 0, 0, 1, 0, 0, 1, 0, 0, 0, 0, 12, 0, 0, 0, 0, 0, 0, 0, 0, 0, 0, 0, 0, 0, 1, 0, 0, 0, 0, 0, 1, 0, 0, 0, 0, 0, 22, 22, 17, 17, 0], "scoring-beta-feature_frequency": [0, 0, 15, 27, 15, 27, 19, 11, 19, 33, 9, 11, 21, 9, 21, 35, 3, 2, 0, 0, 0, 0, 0, 0, 0, 0, 0, 0, 0, 0, 0, 0, 0, 1, 0, 0, 1, 0, 0, 0, 0, 12, 0, 0, 0, 0, 0, 0, 0, 0, 0, 0, 0, 0, 0, 1, 0, 0, 0, 0, 0, 1, 0, 0, 0, 0, 0, 22, 22, 17, 17, 0], "scoring-beta-escore": 0.9450599140854623, "sparsity": 1.0, "black_box": "data/churn"}}, {"scoring": "r2", "coverage": 1.0, "sparsity": 1.0, "alpha": 0.5, "beta": 25.0, "gamma": -1.0, "max_len": -1.0, "results": {"alpha": 0.5, "beta": 25.0, "gamma": 130, "max_len": Infinity, "scoring": "r2", "scoring-fidelities": 0.8594084869267038, "beta-scoring-fidelity": 0.8945563651950279, "beta-scoring-rule_nr": 97, "mean_length": 2.853846153846154, "std_length": 1.1509964810581672, "coverage": 1.0, "beta-scoring-coverage": 0.7968281183026147, "mean-beta-scoring-length": 3.0309278350515463, "std-beta-scoring-length": 1.2222474503322829, "mean_prediction": 0.3879852373205689, "std-scoring-prediction": 0.0, "rule_reduction-alpha-scoring": 0.09230769230769231, "rule_reduction-beta-scoring": 0.7461538461538462, "len_reduction-beta-scoring": 1.0620501847889514, "simplicity-beta-scoring": 0.7924528301886792, "feature_frequency": [0, 0, 15, 27, 15, 27, 19, 11, 19, 33, 9, 11, 21, 9, 21, 35, 3, 2, 0, 0, 0, 0, 0, 0, 0, 0, 0, 0, 0, 0, 0, 0, 0, 1, 0, 0, 1, 0, 0, 0, 0, 12, 0, 0, 0, 0, 0, 0, 0, 0, 0, 0, 0, 0, 0, 1, 0, 0, 0, 0, 0, 1, 0, 0, 0, 0, 0, 22, 22, 17, 17, 0], "scoring-beta-feature_frequency": [0, 0, 14, 23, 11, 23, 17, 9, 17, 30, 4, 8, 18, 0, 18, 19, 0, 0, 0, 0, 0, 0, 0, 0, 0, 0, 0, 0, 0, 0, 0, 0, 0, 1, 0, 0, 0, 0, 0, 0, 0, 12, 0, 0, 0, 0, 0, 0, 0, 0, 0, 0, 0, 0, 0, 1, 0, 0, 0, 0, 0, 1, 0, 0, 0, 0, 0, 18, 18, 16, 16, 0], "scoring-beta-escore": 0.8404147710657391, "sparsity": 1.0, "black_box": "data/churn"}}, {"scoring": "r2", "coverage": 1.0, "sparsity": 1.0, "alpha": 0.5, "beta": 50.0, "gamma": -1.0, "max_len": -1.0, "results": {"alpha": 0.5, "beta": 50.0, "gamma": 130, "max_len": Infinity, "scoring": "r2", "scoring-fidelities": 0.8594084869267038, "beta-scoring-fidelity": 0.8889841405915131, "beta-scoring-rule_nr": 66, "mean_length": 2.853846153846154, "std_length": 1.1509964810581672, "coverage": 1.0, "beta-scoring-coverage": 0.7826832404629233, "mean-beta-scoring-length": 2.6666666666666665, "std-beta-scoring-length": 1.1191627462193567, "mean_prediction": 0.3879852373205689, "std-scoring-prediction": 0.0, "rule_reduction-alpha-scoring": 0.09230769230769231, "rule_reduction-beta-scoring": 0.5076923076923077, "len_reduction-beta-scoring": 0.9344115004492363, "simplicity-beta-scoring": 0.4743935309973045, "feature_frequency": [0, 0, 15, 27, 15, 27, 19, 11, 19, 33, 9, 11, 21, 9, 21, 35, 3, 2, 0, 0, 0, 0, 0, 0, 0, 0, 0, 0, 0, 0, 0, 0, 0, 1, 0, 0, 1, 0, 0, 0, 0, 12, 0, 0, 0, 0, 0, 0, 0, 0, 0, 0, 0, 0, 0, 1, 0, 0, 0, 0, 0, 1, 0, 0, 0, 0, 0, 22, 22, 17, 17, 0], "scoring-beta-feature_frequency": [0, 0, 10, 17, 7, 17, 9, 1, 9, 14, 4, 6, 11, 0, 11, 10, 0, 0, 0, 0, 0, 0, 0, 0, 0, 0, 0, 0, 0, 0, 0, 0, 0, 0, 0, 0, 0, 0, 0, 0, 0, 0, 0, 0, 0, 0, 0, 0, 0, 0, 0, 0, 0, 0, 0, 1, 0, 0, 0, 0, 0, 1, 0, 0, 0, 0, 0, 12, 12, 12, 12, 0], "scoring-beta-escore": 0.6186522403060177, "sparsity": 1.0, "black_box": "data/churn"}}, {"scoring": "r2", "coverage": 1.0, "sparsity": 1.0, "alpha": 0.5, "beta": 75.0, "gamma": -1.0, "max_len": -1.0, "results": {"alpha": 0.5, "beta": 75.0, "gamma": 130, "max_len": Infinity, "scoring": "r2", "scoring-fidelities": 0.8594084869267038, "beta-scoring-fidelity": 0.873981997428204, "beta-scoring-rule_nr": 35, "mean_length": 2.853846153846154, "std_length": 1.1509964810581672, "coverage": 1.0, "beta-scoring-coverage": 0.7578225460780111, "mean-beta-scoring-length": 2.4857142857142858, "std-beta-scoring-length": 1.250632493042245, "mean_prediction": 0.3879852373205689, "std-scoring-prediction": 0.0, "rule_reduction-alpha-scoring": 0.09230769230769231, "rule_reduction-beta-scoring": 0.2692307692307692, "len_reduction-beta-scoring": 0.8710050057758952, "simplicity-beta-scoring": 0.23450134770889486, "feature_frequency": [0, 0, 15, 27, 15, 27, 19, 11, 19, 33, 9, 11, 21, 9, 21, 35, 3, 2, 0, 0, 0, 0, 0, 0, 0, 0, 0, 0, 0, 0, 0, 0, 0, 1, 0, 0, 1, 0, 0, 0, 0, 12, 0, 0, 0, 0, 0, 0, 0, 0, 0, 0, 0, 0, 0, 1, 0, 0, 0, 0, 0, 1, 0, 0, 0, 0, 0, 22, 22, 17, 17, 0], "scoring-beta-feature_frequency": [0, 0, 4, 11, 0, 11, 7, 1, 7, 14, 0, 2, 2, 0, 2, 4, 0, 0, 0, 0, 0, 0, 0, 0, 0, 0, 0, 0, 0, 0, 0, 0, 0, 0, 0, 0, 0, 0, 0, 0, 0, 0, 0, 0, 0, 0, 0, 0, 0, 0, 0, 0, 0, 0, 0, 1, 0, 0, 0, 0, 0, 1, 0, 0, 0, 0, 0, 4, 4, 6, 6, 0], "scoring-beta-escore": 0.36978445760026685, "sparsity": 1.0, "black_box": "data/churn"}}, {"scoring": "r2", "coverage": 1.0, "sparsity": 1.0, "alpha": 0.5, "beta": 90.0, "gamma": -1.0, "max_len": -1.0, "results": {"alpha": 0.5, "beta": 90.0, "gamma": 130, "max_len": Infinity, "scoring": "r2", "scoring-fidelities": 0.8594084869267038, "beta-scoring-fidelity": 0.8594084869267038, "beta-scoring-rule_nr": 13, "mean_length": 2.853846153846154, "std_length": 1.1509964810581672, "coverage": 1.0, "beta-scoring-coverage": 0.6858122588941278, "mean-beta-scoring-length": 2.230769230769231, "std-beta-scoring-length": 0.5756395979652218, "mean_prediction": 0.3879852373205689, "std-scoring-prediction": 0.0, "rule_reduction-alpha-scoring": 0.09230769230769231, "rule_reduction-beta-scoring": 0.1, "len_reduction-beta-scoring": 0.7816711590296496, "simplicity-beta-scoring": 0.07816711590296496, "feature_frequency": [0, 0, 15, 27, 15, 27, 19, 11, 19, 33, 9, 11, 21, 9, 21, 35, 3, 2, 0, 0, 0, 0, 0, 0, 0, 0, 0, 0, 0, 0, 0, 0, 0, 1, 0, 0, 1, 0, 0, 0, 0, 12, 0, 0, 0, 0, 0, 0, 0, 0, 0, 0, 0, 0, 0, 1, 0, 0, 0, 0, 0, 1, 0, 0, 0, 0, 0, 22, 22, 17, 17, 0], "scoring-beta-feature_frequency": [0, 0, 0, 4, 0, 4, 0, 0, 1, 0, 0, 0, 2, 0, 2, 4, 0, 0, 0, 0, 0, 0, 0, 0, 0, 0, 0, 0, 0, 0, 0, 0, 0, 0, 0, 0, 0, 0, 0, 0, 0, 0, 0, 0, 0, 0, 0, 0, 0, 0, 0, 0, 0, 0, 0, 0, 0, 0, 0, 0, 0, 0, 0, 0, 0, 0, 0, 4, 4, 2, 2, 0], "scoring-beta-escore": 0.1433004071412376, "sparsity": 1.0, "black_box": "data/churn"}}, {"scoring": "r2", "coverage": 1.0, "sparsity": 1.0, "alpha": 0.5, "beta": 99.0, "gamma": -1.0, "max_len": -1.0, "results": {"alpha": 0.5, "beta": 99.0, "gamma": 130, "max_len": Infinity, "scoring": "r2", "scoring-fidelities": 0.8594084869267038, "beta-scoring-fidelity": 0.8594084869267038, "beta-scoring-rule_nr": 2, "mean_length": 2.853846153846154, "std_length": 1.1509964810581672, "coverage": 1.0, "beta-scoring-coverage": 0.28975567938276897, "mean-beta-scoring-length": 2.0, "std-beta-scoring-length": 0.0, "mean_prediction": 0.3879852373205689, "std-scoring-prediction": 0.0, "rule_reduction-alpha-scoring": 0.09230769230769231, "rule_reduction-beta-scoring": 0.015384615384615385, "len_reduction-beta-scoring": 0.7008086253369272, "simplicity-beta-scoring": 0.01078167115902965,