{"name": "churn.cpar.rf.fidelity", "runs": [{"scoring": "fidelity", "coverage": 1.0, "sparsity": 1.0, "alpha": 0.5, "beta": 0.0, "gamma": -1.0, "max_len": -1.0, "results": {"alpha": 0.5, "beta": 0.0, "gamma": 130, "max_len": Infinity, "scoring": "fidelity", "scoring-fidelities": 0.8842691813116159, "beta-scoring-fidelity": 0.8842691813116159, "beta-scoring-rule_nr": 130, "mean_length": 2.853846153846154, "std_length": 1.1509964810581672, "coverage": 1.0, "beta-scoring-coverage": 0.7998285469352765, "mean-beta-scoring-length": 2.853846153846154, "std-beta-scoring-length": 1.1509964810581672, "mean_prediction": 0.3879852373205689, "std-scoring-prediction": 0.3879852373205689, "rule_reduction-alpha-scoring": 1.0, "rule_reduction-beta-scoring": 1.0, "len_reduction-beta-scoring": 1.0, "simplicity-beta-scoring": 1.0, "feature_frequency": [0, 0, 15, 27, 15, 27, 19, 11, 19, 33, 9, 11, 21, 9, 21, 35, 3, 2, 0, 0, 0, 0, 0, 0, 0, 0, 0, 0, 0, 0, 0, 0, 0, 1, 0, 0, 1, 0, 0, 0, 0, 12, 0, 0, 0, 0, 0, 0, 0, 0, 0, 0, 0, 0, 0, 1, 0, 0, 0, 0, 0, 1, 0, 0, 0, 0, 0, 22, 22, 17, 17, 0], "scoring-beta-feature_frequency": [0, 0, 15, 27, 15, 27, 19, 11, 19, 33, 9, 11, 21, 9, 21, 35, 3, 2, 0, 0, 0, 0, 0, 0, 0, 0, 0, 0, 0, 0, 0, 0, 0, 1, 0, 0, 1, 0, 0, 0, 0, 12, 0, 0, 0, 0, 0, 0, 0, 0, 0, 0, 0, 0, 0, 1, 0, 0, 0, 0, 0, 1, 0, 0, 0, 0, 0, 22, 22, 17, 17, 0], "scoring-beta-escore": 0.9385805277525022, "sparsity": 1.0, "black_box": "data/churn"}}, {"scoring": "fidelity", "coverage": 1.0, "sparsity": 1.0, "alpha": 0.5, "beta": 25.0, "gamma": -1.0, "max_len": -1.0, "results": {"alpha": 0.5, "beta": 25.0, "gamma": 130, "max_len": Infinity, "scoring": "fidelity", "scoring-fidelities": 0.8842691813116159, "beta-scoring-fidelity": 0.8859837119588513, "beta-scoring-rule_nr": 116, "mean_length": 2.853846153846154, "std_length": 1.1509964810581672, "coverage": 1.0, "beta-scoring-coverage": 0.7955422203171881, "mean-beta-scoring-length": 2.8793103448275863, "std-beta-scoring-length": 1.1533696689879012, "mean_prediction": 0.3879852373205689, "std-scoring-prediction": 0.3879852373205689, "rule_reduction-alpha-scoring": 1.0, "rule_reduction-beta-scoring": 0.8923076923076924, "len_reduction-beta-scoring": 1.0089227623385073, "simplicity-beta-scoring": 0.9002695417789758, "feature_frequency": [0, 0, 15, 27, 15, 27, 19, 11, 19, 33, 9, 11, 21, 9, 21, 35, 3, 2, 0, 0, 0, 0, 0, 0, 0, 0, 0, 0, 0, 0, 0, 0, 0, 1, 0, 0, 1, 0, 0, 0, 0, 12, 0, 0, 0, 0, 0, 0, 0, 0, 0, 0, 0, 0, 0, 1, 0, 0, 0, 0, 0, 1, 0, 0, 0, 0, 0, 22, 22, 17, 17, 0], "scoring-beta-feature_frequency": [0, 0, 15, 25, 15, 25, 14, 7, 14, 31, 5, 9, 21, 8, 20, 31, 0, 2, 0, 0, 0, 0, 0, 0, 0, 0, 0, 0, 0, 0, 0, 0, 0, 1, 0, 0, 1, 0, 0, 0, 0, 12, 0, 0, 0, 0, 0, 0, 0, 0, 0, 0, 0, 0, 0, 1, 0, 0, 0, 0, 0, 1, 0, 0, 0, 0, 0, 21, 21, 17, 17, 0], "scoring-beta-escore": 0.8930695003295434, "sparsity": 1.0, "black_box": "data/churn"}}, {"scoring": "fidelity", "coverage": 1.0, "sparsity": 1.0, "alpha": 0.5, "beta": 50.0, "gamma": -1.0, "max_len": -1.0, "results": {"alpha": 0.5, "beta": 50.0, "gamma": 130, "max_len": Infinity, "scoring": "fidelity", "scoring-fidelities": 0.8842691813116159, "beta-scoring-fidelity": 0.8842691813116159, "beta-scoring-rule_nr": 65, "mean_length": 2.853846153846154, "std_length": 1.1509964810581672, "coverage": 1.0, "beta-scoring-coverage": 0.08315473639091299, "mean-beta-scoring-length": 3.476923076923077, "std-beta-scoring-length": 1.0393443540956637, "mean_prediction": 0.3879852373205689, "std-scoring-prediction": 0.3879852373205689, "rule_reduction-alpha-scoring": 1.0, "rule_reduction-beta-scoring": 0.5, "len_reduction-beta-scoring": 1.2183288409703503, "simplicity-beta-scoring": 0.6091644204851752, "feature_frequency": [0, 0, 15, 27, 15, 27, 19, 11, 19, 33, 9, 11, 21, 9, 21, 35, 3, 2, 0, 0, 0, 0, 0, 0, 0, 0, 0, 0, 0, 0, 0, 0, 0, 1, 0, 0, 1, 0, 0, 0, 0, 12, 0, 0, 0, 0, 0, 0, 0, 0, 0, 0, 0, 0, 0, 1, 0, 0, 0, 0, 0, 1, 0, 0, 0, 0, 0, 22, 22, 17, 17, 0], "scoring-beta-feature_frequency": [0, 0, 15, 17, 10, 17, 12, 4, 12, 24, 0, 4, 14, 0, 14, 13, 0, 0, 0, 0, 0, 0, 0, 0, 0, 0, 0, 0, 0, 0, 0, 0, 0, 0, 0, 0, 0, 0, 0, 0, 0, 12, 0, 0, 0, 0, 0, 0, 0, 0, 0, 0, 0, 0, 0, 0, 0, 0, 0, 0, 0, 0, 0, 0, 0, 0, 0, 14, 14, 15, 15, 0], "scoring-beta-escore": 0.7213783361222189, "sparsity": 1.0, "black_box": "data/churn"}}, {"scoring": "fidelity", "coverage": 1.0, "sparsity": 1.0, "alpha": 0.5, "beta": 75.0, "gamma": -1.0, "max_len": -1.0, "results": {"alpha": 0.5, "beta": 75.0, "gamma": 130, "max_len": Infinity, "scoring": "fidelity", "scoring-fidelities": 0.8842691813116159, "beta-scoring-fidelity": 0.8859837119588513, "beta-scoring-rule_nr": 34, "mean_length": 2.853846153846154, "std_length": 1.1509964810581672, "coverage": 1.0, "beta-scoring-coverage": 0.02657522503214745, "mean-beta-scoring-length": 3.235294117647059, "std-beta-scoring-length": 0.7299808027053445, "mean_prediction": 0.3879852373205689, "std-scoring-prediction": 0.3879852373205689, "rule_reduction-alpha-scoring": 1.0, "rule_reduction-beta-scoring": 0.26153846153846155, "len_reduction-beta-scoring": 1.133661011574441, "simplicity-beta-scoring": 0.29649595687331537, "feature_frequency": [0, 0, 15, 27, 15, 27, 19, 11, 19, 33, 9, 11, 21, 9, 21, 35, 3, 2, 0, 0, 0, 0, 0, 0, 0, 0, 0, 0, 0, 0, 0, 0, 0, 1, 0, 0, 1, 0, 0, 0, 0, 12, 0, 0, 0, 0, 0, 0, 0, 0, 0, 0, 0, 0, 0, 1, 0, 0, 0, 0, 0, 1, 0, 0, 0, 0, 0, 22, 22, 17, 17, 0], "scoring-beta-feature_frequency": [0, 0, 8, 7, 0, 7, 6, 4, 6, 12, 0, 4, 10, 0, 10, 0, 0, 0, 0, 0, 0, 0, 0, 0, 0, 0, 0, 0, 0, 0, 0, 0, 0, 0, 0, 0, 0, 0, 0, 0, 0, 0, 0, 0, 0, 0, 0, 0, 0, 0, 0, 0, 0, 0, 0, 0, 0, 0, 0, 0, 0, 0, 0, 0, 0, 0, 0, 10, 10, 8, 8, 0], "scoring-beta-escore": 0.444304617449953, "sparsity": 1.0, "black_box": "data/churn"}}, {"scoring": "fidelity", "coverage": 1.0, "sparsity": 1.0, "alpha": 0.5, "beta": 90.0, "gamma": -1.0, "max_len": -1.0, "results": {"alpha": 0.5, "beta": 90.0, "gamma": 130, "max_len": Infinity, "scoring": "fidelity", "scoring-fidelities": 0.8842691813116159, "beta-scoring-fidelity": 0.8855550792970425, "beta-scoring-rule_nr": 30, "mean_length": 2.853846153846154, "std_length": 1.1509964810581672, "coverage": 1.0, "beta-scoring-coverage": 0.02614659237033862, "mean-beta-scoring-length": 3.2666666666666666, "std-beta-scoring-length": 0.7717224601860151, "mean_prediction": 0.3879852373205689, "std-scoring-prediction": 0.3879852373205689, "rule_reduction-alpha-scoring": 1.0, "rule_reduction-beta-scoring": 0.23076923076923078, "len_reduction-beta-scoring": 1.1446540880503144, "simplicity-beta-scoring": 0.2641509433962264, "feature_frequency": [0, 0, 15, 27, 15, 27, 19, 11, 19, 33, 9, 11, 21, 9, 21, 35, 3, 2, 0, 0, 0, 0, 0, 0, 0, 0, 0, 0, 0, 0, 0, 0, 0, 1, 0, 0, 1, 0, 0, 0, 0, 12, 0, 0, 0, 0, 0, 0, 0, 0, 0, 0, 0, 0, 0, 1, 0, 0, 0, 0, 0, 1, 0, 0, 0, 0, 0, 22, 22, 17, 17, 0], "scoring-beta-feature_frequency": [0, 0, 8, 7, 0, 7, 6, 0, 6, 12, 0, 4, 8, 0, 8, 0, 0, 0, 0, 0, 0, 0, 0, 0, 0, 0, 0, 0, 0, 0, 0, 0, 0, 0, 0, 0, 0, 0, 0, 0, 0, 0, 0, 0, 0, 0, 0, 0, 0, 0, 0, 0, 0, 0, 0, 0, 0, 0, 0, 0, 0, 0, 0, 0, 0, 0, 0, 8, 8, 8, 8, 0], "scoring-beta-escore": 0.40692177827799664, "sparsity": 1.0, "black_box": "data/churn"}}, {"scoring": "fidelity", "coverage": 1.0, "sparsity": 1.0, "alpha": 0.5, "beta": 99.0, "gamma": -1.0, "max_len": -1.0, "results": {"alpha": 0.5, "beta": 99.0, "gamma": 130, "max_len": Infinity, "scoring": "fidelity", "scoring-fidelities": 0.8842691813116159, "beta-scoring-fidelity": 0.871410201457351, "beta-scoring-rule_nr": 12, "mean_length": 2.853846153846154, "std_length": 1.1509964810581672, "coverage": 1.0, "beta-scoring-coverage": 0.012001714530647235, "mean-beta-scoring-length": 4.0, "std-beta-scoring-length": 0.0, "mean_prediction": 0.3879852373205689, "std-scoring-prediction": 0.3879852373205689, "rule_reduction-alpha-scoring": 1.0, "rule_reduction-beta-scoring": 0.09230769230769231, "len_reduction-beta-scoring": 1.4016172506738545, "simplicity-beta-scoring": 0.1293800539083558,