{"name": "churn.rf.coverage", "runs": [{"scoring": "coverage", "coverage": 1.0, "sparsity": 1.0, "alpha": 0.5, "beta": 0.0, "gamma": -1.0, "max_len": -1.0, "results": {"alpha": 0.5, "beta": 0.0, "gamma": 221, "max_len": Infinity, "scoring": "coverage", "scoring-fidelities": 0.8594084869267038, "beta-scoring-fidelity": 0.8602657522503214, "beta-scoring-rule_nr": 221, "mean_length": 10.339366515837105, "std_length": 16.401570876001717, "coverage": 1.0, "beta-scoring-coverage": 1.0, "mean-beta-scoring-length": 10.339366515837105, "std-beta-scoring-length": 16.401570876001717, "mean_prediction": 0.4750053745524239, "std-scoring-prediction": 0.0, "rule_reduction-alpha-scoring": 0.06787330316742081, "rule_reduction-beta-scoring": 1.0, "len_reduction-beta-scoring": 1.0, "simplicity-beta-scoring": 1.0, "feature_frequency": [26, 14, 69, 83, 25, 88, 71, 29, 74, 54, 39, 56, 24, 55, 21, 102, 24, 17, 20, 29, 19, 19, 22, 27, 23, 19, 17, 24, 13, 25, 21, 32, 36, 33, 31, 31, 23, 31, 32, 25, 36, 8, 22, 35, 34, 30, 16, 25, 33, 24, 20, 20, 24, 27, 28, 28, 17, 30, 28, 22, 26, 38, 25, 24, 32, 36, 22, 15, 23, 57, 57, 0], "scoring-beta-feature_frequency": [26, 14, 69, 83, 25, 88, 71, 29, 74, 54, 39, 56, 24, 55, 21, 102, 24, 17, 20, 29, 19, 19, 22, 27, 23, 19, 17, 24, 13, 25, 21, 32, 36, 33, 31, 31, 23, 31, 32, 25, 36, 8, 22, 35, 34, 30, 16, 25, 33, 24, 20, 20, 24, 27, 28, 28, 17, 30, 28, 22, 26, 38, 25, 24, 32, 36, 22, 15, 23, 57, 57, 0], "scoring-beta-escore": 0.9248847926267281, "sparsity": 1.0, "black_box": "data/churn"}}, {"scoring": "coverage", "coverage": 1.0, "sparsity": 1.0, "alpha": 0.5, "beta": 25.0, "gamma": -1.0, "max_len": -1.0, "results": {"alpha": 0.5, "beta": 25.0, "gamma": 221, "max_len": Infinity, "scoring": "coverage", "scoring-fidelities": 0.8594084869267038, "beta-scoring-fidelity": 0.8602657522503214, "beta-scoring-rule_nr": 166, "mean_length": 10.339366515837105, "std_length": 16.401570876001717, "coverage": 1.0, "beta-scoring-coverage": 1.0, "mean-beta-scoring-length": 2.9216867469879517, "std-beta-scoring-length": 3.965196426036581, "mean_prediction": 0.4750053745524239, "std-scoring-prediction": 0.0, "rule_reduction-alpha-scoring": 0.06787330316742081, "rule_reduction-beta-scoring": 0.751131221719457, "len_reduction-beta-scoring": 0.2825788932535393, "simplicity-beta-scoring": 0.212253829321663, "feature_frequency": [26, 14, 69, 83, 25, 88, 71, 29, 74, 54, 39, 56, 24, 55, 21, 102, 24, 17, 20, 29, 19, 19, 22, 27, 23, 19, 17, 24, 13, 25, 21, 32, 36, 33, 31, 31, 23, 31, 32, 25, 36, 8, 22, 35, 34, 30, 16, 25, 33, 24, 20, 20, 24, 27, 28, 28, 17, 30, 28, 22, 26, 38, 25, 24, 32, 36, 22, 15, 23, 57, 57, 0], "scoring-beta-feature_frequency": [7, 3, 29, 41, 9, 47, 32, 9, 34, 24, 15, 25, 11, 16, 8, 63, 0, 0, 0, 4, 1, 0, 0, 1, 0, 0, 0, 0, 0, 0, 1, 1, 4, 3, 1, 1, 2, 5, 0, 1, 3, 1, 2, 2, 2, 2, 1, 0, 1, 3, 3, 0, 3, 1, 0, 2, 2, 2, 1, 1, 3, 6, 1, 3, 5, 0, 0, 0, 6, 16, 15, 0], "scoring-beta-escore": 0.3404967205946655, "sparsity": 1.0, "black_box": "data/churn"}}, {"scoring": "coverage", "coverage": 1.0, "sparsity": 1.0, "alpha": 0.5, "beta": 50.0, "gamma": -1.0, "max_len": -1.0, "results": {"alpha": 0.5, "beta": 50.0, "gamma": 221, "max_len": Infinity, "scoring": "coverage", "scoring-fidelities": 0.8594084869267038, "beta-scoring-fidelity": 0.8594084869267038, "beta-scoring-rule_nr": 112, "mean_length": 10.339366515837105, "std_length": 16.401570876001717, "coverage": 1.0, "beta-scoring-coverage": 0.9982854693527646, "mean-beta-scoring-length": 1.9464285714285714, "std-beta-scoring-length": 0.4191676640823394, "mean_prediction": 0.4750053745524239, "std-scoring-prediction": 0.0, "rule_reduction-alpha-scoring": 0.06787330316742081, "rule_reduction-beta-scoring": 0.5067873303167421, "len_reduction-beta-scoring": 0.18825414191934978, "simplicity-beta-scoring": 0.09540481400437635, "feature_frequency": [26, 14, 69, 83, 25, 88, 71, 29, 74, 54, 39, 56, 24, 55, 21, 102, 24, 17, 20, 29, 19, 19, 22, 27, 23, 19, 17, 24, 13, 25, 21, 32, 36, 33, 31, 31, 23, 31, 32, 25, 36, 8, 22, 35, 34, 30, 16, 25, 33, 24, 20, 20, 24, 27, 28, 28, 17, 30, 28, 22, 26, 38, 25, 24, 32, 36, 22, 15, 23, 57, 57, 0], "scoring-beta-feature_frequency": [3, 0, 16, 24, 5, 26, 15, 4, 17, 11, 4, 9, 6, 7, 4, 39, 0, 0, 0, 3, 1, 0, 0, 0, 0, 0, 0, 0, 0, 0, 0, 0, 0, 0, 0, 0, 0, 0, 0, 0, 0, 0, 0, 0, 0, 1, 0, 0, 0, 0, 1, 0, 0, 0, 0, 0, 1, 0, 0, 0, 1, 1, 0, 1, 0, 0, 0, 0, 3, 7, 8, 0], "scoring-beta-escore": 0.17174395616204965, "sparsity": 1.0, "black_box": "data/churn"}}, {"scoring": "coverage", "coverage": 1.0, "sparsity": 1.0, "alpha": 0.5, "beta": 75.0, "gamma": -1.0, "max_len": -1.0, "results": {"alpha": 0.5, "beta": 75.0, "gamma": 221, "max_len": Infinity, "scoring": "coverage", "scoring-fidelities": 0.8594084869267038, "beta-scoring-fidelity": 0.8594084869267038, "beta-scoring-rule_nr": 56, "mean_length": 10.339366515837105, "std_length": 16.401570876001717, "coverage": 1.0, "beta-scoring-coverage": 0.9969995713673382, "mean-beta-scoring-length": 1.9107142857142858, "std-beta-scoring-length": 0.47346691369867333, "mean_prediction": 0.4750053745524239, "std-scoring-prediction": 0.0, "rule_reduction-alpha-scoring": 0.06787330316742081, "rule_reduction-beta-scoring": 0.25339366515837103, "len_reduction-beta-scoring": 0.18479993748046264, "simplicity-beta-scoring": 0.04682713347921225, "feature_frequency": [26, 14, 69, 83, 25, 88, 71, 29, 74, 54, 39, 56, 24, 55, 21, 102, 24, 17, 20, 29, 19, 19, 22, 27, 23, 19, 17, 24, 13, 25, 21, 32, 36, 33, 31, 31, 23, 31, 32, 25, 36, 8, 22, 35, 34, 30, 16, 25, 33, 24, 20, 20, 24, 27, 28, 28, 17, 30, 28, 22, 26, 38, 25, 24, 32, 36, 22, 15, 23, 57, 57, 0], "scoring-beta-feature_frequency": [1, 0, 8, 10, 4, 12, 9, 3, 8, 4, 1, 3, 2, 4, 2, 19, 0, 0, 0, 3, 0, 0, 0, 0, 0, 0, 0, 0, 0, 0, 0, 0, 0, 0, 0, 0, 0, 0, 0, 0, 0, 0, 0, 0, 0, 1, 0, 0, 0, 0, 1, 0, 0, 0, 0, 0, 0, 0, 0, 0, 1, 1, 0, 0, 0, 0, 0, 0, 2, 3, 5, 0], "scoring-beta-escore": 0.08881495060293236, "sparsity": 1.0, "black_box": "data/churn"}}, {"scoring": "coverage", "coverage": 1.0, "sparsity": 1.0, "alpha": 0.5, "beta": 90.0, "gamma": -1.0, "max_len": -1.0, "results": {"alpha": 0.5, "beta": 90.0, "gamma": 221, "max_len": Infinity, "scoring": "coverage", "scoring-fidelities": 0.8594084869267038, "beta-scoring-fidelity": 0.8594084869267038, "beta-scoring-rule_nr": 24, "mean_length": 10.339366515837105, "std_length": 16.401570876001717, "coverage": 1.0, "beta-scoring-coverage": 0.9858551221603086, "mean-beta-scoring-length": 1.7916666666666667, "std-beta-scoring-length": 0.4982608642958916, "mean_prediction": 0.4750053745524239, "std-scoring-prediction": 0.0, "rule_reduction-alpha-scoring": 0.06787330316742081, "rule_reduction-beta-scoring": 0.1085972850678733, "len_reduction-beta-scoring": 0.17328592268417214, "simplicity-beta-scoring": 0.018818380743982496, "feature_frequency": [26, 14, 69, 83, 25, 88, 71, 29, 74, 54, 39, 56, 24, 55, 21, 102, 24, 17, 20, 29, 19, 19, 22, 27, 23, 19, 17, 24, 13, 25, 21, 32, 36, 33, 31, 31, 23, 31, 32, 25, 36, 8, 22, 35, 34, 30, 16, 25, 33, 24, 20, 20, 24, 27, 28, 28, 17, 30, 28, 22, 26, 38, 25, 24, 32, 36, 22, 15, 23, 57, 57, 0], "scoring-beta-feature_frequency": [1, 0, 0, 9, 2, 5, 2, 1, 2, 1, 0, 1, 0, 0, 1, 13, 0, 0, 0, 2, 0, 0, 0, 0, 0, 0, 0, 0, 0, 0, 0, 0, 0, 0, 0, 0, 0, 0, 0, 0, 0, 0, 0, 0, 0, 0, 0, 0, 0, 0, 0, 0, 0, 0, 0, 0, 0, 0, 0, 0, 0, 1, 0, 0, 0, 0, 0, 0, 2, 0, 0, 0], "scoring-beta-escore": 0.03683029230133045, "sparsity": 1.0, "black_box": "data/churn"}}, {"scoring": "coverage", "coverage": 1.0, "sparsity": 1.0, "alpha": 0.5, "beta": 99.0, "gamma": -1.0, "max_len": -1.0, "results": {"alpha": 0.5, "beta": 99.0, "gamma": 221, "max_len": Infinity, "scoring": "coverage", "scoring-fidelities": 0.8594084869267038, "beta-scoring-fidelity": 0.8594084869267038, "beta-scoring-rule_nr": 3, "mean_length": 10.339366515837105, "std_length": 16.401570876001717, "coverage": 1.0, "beta-scoring-coverage": 0.9459922846120874, "mean-beta-scoring-length": 1.0, "std-beta-scoring-length": 0.0,