{"name": "churn.dnn.fidelity", "runs": [{"scoring": "fidelity", "coverage": 1.0, "sparsity": 1.0, "alpha": 0.5, "beta": 0.0, "gamma": -1.0, "max_len": -1.0, "results": {"alpha": 0.5, "beta": 0.0, "gamma": 201, "max_len": Infinity, "scoring": "fidelity", "scoring-fidelities": 0.9982854693527646, "beta-scoring-fidelity": 0.9982854693527646, "beta-scoring-rule_nr": 201, "mean_length": 6.557213930348259, "std_length": 10.56126218330378, "coverage": 1.0, "beta-scoring-coverage": 1.0, "mean-beta-scoring-length": 6.557213930348259, "std-beta-scoring-length": 10.56126218330378, "mean_prediction": 0.49546843799098006, "std-scoring-prediction": 0.49546843799098006, "rule_reduction-alpha-scoring": 1.0, "rule_reduction-beta-scoring": 1.0, "len_reduction-beta-scoring": 1.0, "simplicity-beta-scoring": 1.0, "feature_frequency": [30, 59, 54, 89, 35, 64, 52, 36, 35, 34, 40, 16, 28, 59, 19, 69, 8, 14, 6, 13, 7, 11, 7, 10, 11, 10, 9, 8, 9, 11, 7, 11, 10, 9, 9, 8, 10, 6, 8, 6, 6, 9, 9, 10, 17, 12, 12, 6, 9, 7, 15, 12, 11, 13, 4, 14, 8, 9, 13, 6, 11, 12, 8, 7, 12, 14, 12, 9, 61, 15, 18, 0], "scoring-beta-feature_frequency": [30, 59, 54, 89, 35, 64, 52, 36, 35, 34, 40, 16, 28, 59, 19, 69, 8, 14, 6, 13, 7, 11, 7, 10, 11, 10, 9, 8, 9, 11, 7, 11, 10, 9, 9, 8, 10, 6, 8, 6, 6, 9, 9, 10, 17, 12, 12, 6, 9, 7, 15, 12, 11, 13, 4, 14, 8, 9, 13, 6, 11, 12, 8, 7, 12, 14, 12, 9, 61, 15, 18, 0], "scoring-beta-escore": 0.9991419991419991, "sparsity": 1.0, "black_box": "data/churn"}}, {"scoring": "fidelity", "coverage": 1.0, "sparsity": 1.0, "alpha": 0.5, "beta": 25.0, "gamma": -1.0, "max_len": -1.0, "results": {"alpha": 0.5, "beta": 25.0, "gamma": 201, "max_len": Infinity, "scoring": "fidelity", "scoring-fidelities": 0.9982854693527646, "beta-scoring-fidelity": 1.0, "beta-scoring-rule_nr": 153, "mean_length": 6.557213930348259, "std_length": 10.56126218330378, "coverage": 1.0, "beta-scoring-coverage": 0.9982854693527646, "mean-beta-scoring-length": 6.705882352941177, "std-beta-scoring-length": 11.828227207065993, "mean_prediction": 0.49546843799098006, "std-scoring-prediction": 0.49546843799098006, "rule_reduction-alpha-scoring": 1.0, "rule_reduction-beta-scoring": 0.7611940298507462, "len_reduction-beta-scoring": 1.0226724984379185, "simplicity-beta-scoring": 0.7784522003034902, "feature_frequency": [30, 59, 54, 89, 35, 64, 52, 36, 35, 34, 40, 16, 28, 59, 19, 69, 8, 14, 6, 13, 7, 11, 7, 10, 11, 10, 9, 8, 9, 11, 7, 11, 10, 9, 9, 8, 10, 6, 8, 6, 6, 9, 9, 10, 17, 12, 12, 6, 9, 7, 15, 12, 11, 13, 4, 14, 8, 9, 13, 6, 11, 12, 8, 7, 12, 14, 12, 9, 61, 15, 18, 0], "scoring-beta-feature_frequency": [22, 35, 38, 60, 26, 43, 35, 22, 24, 25, 31, 15, 20, 48, 14, 47, 7, 12, 5, 12, 5, 10, 7, 9, 10, 9, 8, 8, 8, 10, 7, 10, 10, 8, 8, 8, 8, 4, 6, 5, 6, 9, 9, 9, 15, 11, 11, 6, 8, 7, 15, 11, 10, 12, 4, 13, 8, 8, 12, 3, 10, 11, 5, 7, 12, 13, 11, 8, 42, 11, 10, 0], "scoring-beta-escore": 0.8754266211604096, "sparsity": 1.0, "black_box": "data/churn"}}, {"scoring": "fidelity", "coverage": 1.0, "sparsity": 1.0, "alpha": 0.5, "beta": 50.0, "gamma": -1.0, "max_len": -1.0, "results": {"alpha": 0.5, "beta": 50.0, "gamma": 201, "max_len": Infinity, "scoring": "fidelity", "scoring-fidelities": 0.9982854693527646, "beta-scoring-fidelity": 1.0, "beta-scoring-rule_nr": 141, "mean_length": 6.557213930348259, "std_length": 10.56126218330378, "coverage": 1.0, "beta-scoring-coverage": 0.9982854693527646, "mean-beta-scoring-length": 6.74468085106383, "std-beta-scoring-length": 12.289881818427297, "mean_prediction": 0.49546843799098006, "std-scoring-prediction": 0.49546843799098006, "rule_reduction-alpha-scoring": 1.0, "rule_reduction-beta-scoring": 0.7014925373134329, "len_reduction-beta-scoring": 1.0285894165886418, "simplicity-beta-scoring": 0.72154779969651, "feature_frequency": [30, 59, 54, 89, 35, 64, 52, 36, 35, 34, 40, 16, 28, 59, 19, 69, 8, 14, 6, 13, 7, 11, 7, 10, 11, 10, 9, 8, 9, 11, 7, 11, 10, 9, 9, 8, 10, 6, 8, 6, 6, 9, 9, 10, 17, 12, 12, 6, 9, 7, 15, 12, 11, 13, 4, 14, 8, 9, 13, 6, 11, 12, 8, 7, 12, 14, 12, 9, 61, 15, 18, 0], "scoring-beta-feature_frequency": [21, 29, 34, 53, 24, 38, 31, 19, 23, 25, 25, 14, 18, 45, 12, 38, 7, 12, 5, 12, 3, 10, 7, 9, 9, 8, 8, 8, 8, 10, 7, 9, 10, 8, 7, 8, 8, 4, 6, 4, 6, 9, 8, 9, 15, 11, 11, 6, 8, 7, 14, 11, 10, 11, 3, 13, 8, 8, 12, 3, 10, 11, 5, 7, 12, 13, 10, 8, 36, 10, 10, 0], "scoring-beta-escore": 0.8382547377699427, "sparsity": 1.0, "black_box": "data/churn"}}, {"scoring": "fidelity", "coverage": 1.0, "sparsity": 1.0, "alpha": 0.5, "beta": 75.0, "gamma": -1.0, "max_len": -1.0, "results": {"alpha": 0.5, "beta": 75.0, "gamma": 201, "max_len": Infinity, "scoring": "fidelity", "scoring-fidelities": 0.9982854693527646, "beta-scoring-fidelity": 1.0, "beta-scoring-rule_nr": 141, "mean_length": 6.557213930348259, "std_length": 10.56126218330378, "coverage": 1.0, "beta-scoring-coverage": 0.9982854693527646, "mean-beta-scoring-length": 6.74468085106383, "std-beta-scoring-length": 12.289881818427297, "mean_prediction": 0.49546843799098006, "std-scoring-prediction": 0.49546843799098006, "rule_reduction-alpha-scoring": 1.0, "rule_reduction-beta-scoring": 0.7014925373134329, "len_reduction-beta-scoring": 1.0285894165886418, "simplicity-beta-scoring": 0.72154779969651, "feature_frequency": [30, 59, 54, 89, 35, 64, 52, 36, 35, 34, 40, 16, 28, 59, 19, 69, 8, 14, 6, 13, 7, 11, 7, 10, 11, 10, 9, 8, 9, 11, 7, 11, 10, 9, 9, 8, 10, 6, 8, 6, 6, 9, 9, 10, 17, 12, 12, 6, 9, 7, 15, 12, 11, 13, 4, 14, 8, 9, 13, 6, 11, 12, 8, 7, 12, 14, 12, 9, 61, 15, 18, 0], "scoring-beta-feature_frequency": [21, 29, 34, 53, 24, 38, 31, 19, 23, 25, 25, 14, 18, 45, 12, 38, 7, 12, 5, 12, 3, 10, 7, 9, 9, 8, 8, 8, 8, 10, 7, 9, 10, 8, 7, 8, 8, 4, 6, 4, 6, 9, 8, 9, 15, 11, 11, 6, 8, 7, 14, 11, 10, 11, 3, 13, 8, 8, 12, 3, 10, 11, 5, 7, 12, 13, 10, 8, 36, 10, 10, 0], "scoring-beta-escore": 0.8382547377699427, "sparsity": 1.0, "black_box": "data/churn"}}, {"scoring": "fidelity", "coverage": 1.0, "sparsity": 1.0, "alpha": 0.5, "beta": 90.0, "gamma": -1.0, "max_len": -1.0, "results": {"alpha": 0.5, "beta": 90.0, "gamma": 201, "max_len": Infinity, "scoring": "fidelity", "scoring-fidelities": 0.9982854693527646, "beta-scoring-fidelity": 1.0, "beta-scoring-rule_nr": 141, "mean_length": 6.557213930348259, "std_length": 10.56126218330378, "coverage": 1.0, "beta-scoring-coverage": 0.9982854693527646, "mean-beta-scoring-length": 6.74468085106383, "std-beta-scoring-length": 12.289881818427297, "mean_prediction": 0.49546843799098006, "std-scoring-prediction": 0.49546843799098006, "rule_reduction-alpha-scoring": 1.0, "rule_reduction-beta-scoring": 0.7014925373134329, "len_reduction-beta-scoring": 1.0285894165886418, "simplicity-beta-scoring": 0.72154779969651, "feature_frequency": [30, 59, 54, 89, 35, 64, 52, 36, 35, 34, 40, 16, 28, 59, 19, 69, 8, 14, 6, 13, 7, 11, 7, 10, 11, 10, 9, 8, 9, 11, 7, 11, 10, 9, 9, 8, 10, 6, 8, 6, 6, 9, 9, 10, 17, 12, 12, 6, 9, 7, 15, 12, 11, 13, 4, 14, 8, 9, 13, 6, 11, 12, 8, 7, 12, 14, 12, 9, 61, 15, 18, 0], "scoring-beta-feature_frequency": [21, 29, 34, 53, 24, 38, 31, 19, 23, 25, 25, 14, 18, 45, 12, 38, 7, 12, 5, 12, 3, 10, 7, 9, 9, 8, 8, 8, 8, 10, 7, 9, 10, 8, 7, 8, 8, 4, 6, 4, 6, 9, 8, 9, 15, 11, 11, 6, 8, 7, 14, 11, 10, 11, 3, 13, 8, 8, 12, 3, 10, 11, 5, 7, 12, 13, 10, 8, 36, 10, 10, 0], "scoring-beta-escore": 0.8382547377699427, "sparsity": 1.0, "black_box": "data/churn"}}, {"scoring": "fidelity", "coverage": 1.0, "sparsity": 1.0, "alpha": 0.5, "beta": 99.0, "gamma": -1.0, "max_len": -1.0, "results": {"alpha": 0.5, "beta": 99.0, "gamma": 201, "max_len": Infinity, "scoring": "fidelity", "scoring-fidelities": 0.9982854693527646, "beta-scoring-fidelity": 1.0, "beta-scoring-rule_nr": 141, "mean_length": 6.557213930348259, "std_length": 10.56126218330378, "coverage": 1.0, "beta-scoring-coverage": 0.9982854693527646, "mean-beta-scoring-length": 6.74468085106383, "std-beta-scoring-length": 12.289881818427297, "mean_prediction": 0.49546843799098006, "std-scoring-prediction": 0.49546843799098006,