{"name": "churn.cpar.rf.coverage", "runs": [{"scoring": "coverage", "coverage": 1.0, "sparsity": 1.0, "alpha": 0.5, "beta": 0.0, "gamma": -1.0, "max_len": -1.0, "results": {"alpha": 0.5, "beta": 0.0, "gamma": 130, "max_len": Infinity, "scoring": "coverage", "scoring-fidelities": 0.8594084869267038, "beta-scoring-fidelity": 0.8958422631804543, "beta-scoring-rule_nr": 130, "mean_length": 2.853846153846154, "std_length": 1.1509964810581672, "coverage": 1.0, "beta-scoring-coverage": 0.7998285469352765, "mean-beta-scoring-length": 2.853846153846154, "std-beta-scoring-length": 1.1509964810581672, "mean_prediction": 0.3879852373205689, "std-scoring-prediction": NaN, "rule_reduction-alpha-scoring": 0.0, "rule_reduction-beta-scoring": 1.0, "len_reduction-beta-scoring": 1.0, "simplicity-beta-scoring": 1.0, "feature_frequency": [0, 0, 15, 27, 15, 27, 19, 11, 19, 33, 9, 11, 21, 9, 21, 35, 3, 2, 0, 0, 0, 0, 0, 0, 0, 0, 0, 0, 0, 0, 0, 0, 0, 1, 0, 0, 1, 0, 0, 0, 0, 12, 0, 0, 0, 0, 0, 0, 0, 0, 0, 0, 0, 0, 0, 1, 0, 0, 0, 0, 0, 1, 0, 0, 0, 0, 0, 22, 22, 17, 17, 0], "scoring-beta-feature_frequency": [0, 0, 15, 27, 15, 27, 19, 11, 19, 33, 9, 11, 21, 9, 21, 35, 3, 2, 0, 0, 0, 0, 0, 0, 0, 0, 0, 0, 0, 0, 0, 0, 0, 1, 0, 0, 1, 0, 0, 0, 0, 12, 0, 0, 0, 0, 0, 0, 0, 0, 0, 0, 0, 0, 0, 1, 0, 0, 0, 0, 0, 1, 0, 0, 0, 0, 0, 22, 22, 17, 17, 0], "scoring-beta-escore": 0.9450599140854623, "sparsity": 1.0, "black_box": "data/churn"}}, {"scoring": "coverage", "coverage": 1.0, "sparsity": 1.0, "alpha": 0.5, "beta": 25.0, "gamma": -1.0, "max_len": -1.0, "results": {"alpha": 0.5, "beta": 25.0, "gamma": 130, "max_len": Infinity, "scoring": "coverage", "scoring-fidelities": 0.8594084869267038, "beta-scoring-fidelity": 0.8945563651950279, "beta-scoring-rule_nr": 97, "mean_length": 2.853846153846154, "std_length": 1.1509964810581672, "coverage": 1.0, "beta-scoring-coverage": 0.7968281183026147, "mean-beta-scoring-length": 3.0309278350515463, "std-beta-scoring-length": 1.2222474503322829, "mean_prediction": 0.3879852373205689, "std-scoring-prediction": NaN, "rule_reduction-alpha-scoring": 0.0, "rule_reduction-beta-scoring": 0.7461538461538462, "len_reduction-beta-scoring": 1.0620501847889514, "simplicity-beta-scoring": 0.7924528301886792, "feature_frequency": [0, 0, 15, 27, 15, 27, 19, 11, 19, 33, 9, 11, 21, 9, 21, 35, 3, 2, 0, 0, 0, 0, 0, 0, 0, 0, 0, 0, 0, 0, 0, 0, 0, 1, 0, 0, 1, 0, 0, 0, 0, 12, 0, 0, 0, 0, 0, 0, 0, 0, 0, 0, 0, 0, 0, 1, 0, 0, 0, 0, 0, 1, 0, 0, 0, 0, 0, 22, 22, 17, 17, 0], "scoring-beta-feature_frequency": [0, 0, 14, 23, 11, 23, 17, 9, 17, 30, 4, 8, 18, 0, 18, 19, 0, 0, 0, 0, 0, 0, 0, 0, 0, 0, 0, 0, 0, 0, 0, 0, 0, 1, 0, 0, 0, 0, 0, 0, 0, 12, 0, 0, 0, 0, 0, 0, 0, 0, 0, 0, 0, 0, 0, 1, 0, 0, 0, 0, 0, 1, 0, 0, 0, 0, 0, 18, 18, 16, 16, 0], "scoring-beta-escore": 0.8404147710657391, "sparsity": 1.0, "black_box": "data/churn"}}, {"scoring": "coverage", "coverage": 1.0, "sparsity": 1.0, "alpha": 0.5, "beta": 50.0, "gamma": -1.0, "max_len": -1.0, "results": {"alpha": 0.5, "beta": 50.0, "gamma": 130, "max_len": Infinity, "scoring": "coverage", "scoring-fidelities": 0.8594084869267038, "beta-scoring-fidelity": 0.8911273039005572, "beta-scoring-rule_nr": 82, "mean_length": 2.853846153846154, "std_length": 1.1509964810581672, "coverage": 1.0, "beta-scoring-coverage": 0.7916845263609087, "mean-beta-scoring-length": 3.073170731707317, "std-beta-scoring-length": 1.3139076684054274, "mean_prediction": 0.3879852373205689, "std-scoring-prediction": NaN, "rule_reduction-alpha-scoring": 0.0, "rule_reduction-beta-scoring": 0.6307692307692307, "len_reduction-beta-scoring": 1.0768522779567418, "simplicity-beta-scoring": 0.6792452830188679, "feature_frequency": [0, 0, 15, 27, 15, 27, 19, 11, 19, 33, 9, 11, 21, 9, 21, 35, 3, 2, 0, 0, 0, 0, 0, 0, 0, 0, 0, 0, 0, 0, 0, 0, 0, 1, 0, 0, 1, 0, 0, 0, 0, 12, 0, 0, 0, 0, 0, 0, 0, 0, 0, 0, 0, 0, 0, 1, 0, 0, 0, 0, 0, 1, 0, 0, 0, 0, 0, 22, 22, 17, 17, 0], "scoring-beta-feature_frequency": [0, 0, 14, 23, 7, 23, 17, 5, 17, 28, 4, 8, 11, 0, 11, 14, 0, 0, 0, 0, 0, 0, 0, 0, 0, 0, 0, 0, 0, 0, 0, 0, 0, 0, 0, 0, 0, 0, 0, 0, 0, 12, 0, 0, 0, 0, 0, 0, 0, 0, 0, 0, 0, 0, 0, 1, 0, 0, 0, 0, 0, 1, 0, 0, 0, 0, 0, 12, 12, 16, 16, 0], "scoring-beta-escore": 0.7708922363847045, "sparsity": 1.0, "black_box": "data/churn"}}, {"scoring": "coverage", "coverage": 1.0, "sparsity": 1.0, "alpha": 0.5, "beta": 75.0, "gamma": -1.0, "max_len": -1.0, "results": {"alpha": 0.5, "beta": 75.0, "gamma": 130, "max_len": Infinity, "scoring": "coverage", "scoring-fidelities": 0.8594084869267038, "beta-scoring-fidelity": 0.873981997428204, "beta-scoring-rule_nr": 42, "mean_length": 2.853846153846154, "std_length": 1.1509964810581672, "coverage": 1.0, "beta-scoring-coverage": 0.7642520360051436, "mean-beta-scoring-length": 2.4285714285714284, "std-beta-scoring-length": 1.2177820811947069, "mean_prediction": 0.3879852373205689, "std-scoring-prediction": NaN, "rule_reduction-alpha-scoring": 0.0, "rule_reduction-beta-scoring": 0.3230769230769231, "len_reduction-beta-scoring": 0.8509819021948402, "simplicity-beta-scoring": 0.2749326145552561, "feature_frequency": [0, 0, 15, 27, 15, 27, 19, 11, 19, 33, 9, 11, 21, 9, 21, 35, 3, 2, 0, 0, 0, 0, 0, 0, 0, 0, 0, 0, 0, 0, 0, 0, 0, 1, 0, 0, 1, 0, 0, 0, 0, 12, 0, 0, 0, 0, 0, 0, 0, 0, 0, 0, 0, 0, 0, 1, 0, 0, 0, 0, 0, 1, 0, 0, 0, 0, 0, 22, 22, 17, 17, 0], "scoring-beta-feature_frequency": [0, 0, 4, 13, 1, 13, 9, 1, 9, 14, 4, 2, 3, 0, 3, 4, 0, 0, 0, 0, 0, 0, 0, 0, 0, 0, 0, 0, 0, 0, 0, 0, 0, 0, 0, 0, 0, 0, 0, 0, 0, 0, 0, 0, 0, 0, 0, 0, 0, 0, 0, 0, 0, 0, 0, 1, 0, 0, 0, 0, 0, 1, 0, 0, 0, 0, 0, 4, 4, 6, 6, 0], "scoring-beta-escore": 0.4182837490635386, "sparsity": 1.0, "black_box": "data/churn"}}, {"scoring": "coverage", "coverage": 1.0, "sparsity": 1.0, "alpha": 0.5, "beta": 90.0, "gamma": -1.0, "max_len": -1.0, "results": {"alpha": 0.5, "beta": 90.0, "gamma": 130, "max_len": Infinity, "scoring": "coverage", "scoring-fidelities": 0.8594084869267038, "beta-scoring-fidelity": 0.8594084869267038, "beta-scoring-rule_nr": 13, "mean_length": 2.853846153846154, "std_length": 1.1509964810581672, "coverage": 1.0, "beta-scoring-coverage": 0.6858122588941278, "mean-beta-scoring-length": 2.230769230769231, "std-beta-scoring-length": 0.5756395979652218, "mean_prediction": 0.3879852373205689, "std-scoring-prediction": NaN, "rule_reduction-alpha-scoring": 0.0, "rule_reduction-beta-scoring": 0.1, "len_reduction-beta-scoring": 0.7816711590296496, "simplicity-beta-scoring": 0.07816711590296496, "feature_frequency": [0, 0, 15, 27, 15, 27, 19, 11, 19, 33, 9, 11, 21, 9, 21, 35, 3, 2, 0, 0, 0, 0, 0, 0, 0, 0, 0, 0, 0, 0, 0, 0, 0, 1, 0, 0, 1, 0, 0, 0, 0, 12, 0, 0, 0, 0, 0, 0, 0, 0, 0, 0, 0, 0, 0, 1, 0, 0, 0, 0, 0, 1, 0, 0, 0, 0, 0, 22, 22, 17, 17, 0], "scoring-beta-feature_frequency": [0, 0, 0, 4, 0, 4, 0, 0, 1, 0, 0, 0, 2, 0, 2, 4, 0, 0, 0, 0, 0, 0, 0, 0, 0, 0, 0, 0, 0, 0, 0, 0, 0, 0, 0, 0, 0, 0, 0, 0, 0, 0, 0, 0, 0, 0, 0, 0, 0, 0, 0, 0, 0, 0, 0, 0, 0, 0, 0, 0, 0, 0, 0, 0, 0, 0, 0, 4, 4, 2, 2, 0], "scoring-beta-escore": 0.1433004071412376, "sparsity": 1.0, "black_box": "data/churn"}}, {"scoring": "coverage", "coverage": 1.0, "sparsity": 1.0, "alpha": 0.5, "beta": 99.0, "gamma": -1.0, "max_len": -1.0, "results": {"alpha": 0.5, "beta": 99.0, "gamma": 130, "max_len": Infinity, "scoring": "coverage", "scoring-fidelities": 0.8594084869267038, "beta-scoring-fidelity": 0.8594084869267038, "beta-scoring-rule_nr": 2, "mean_length": 2.853846153846154, "std_length": 1.1509964810581672, "coverage": 1.0, "beta-scoring-coverage": 0.28975567938276897, "mean-beta-scoring-length": 2.0, "std-beta-scoring-length": 0.0, "mean_prediction": 0.3879852373205689, "std-scoring-prediction": NaN, "rule_reduction-alpha-scoring": 0.0, "rule_reduction-beta-scoring": 0.015384615384615385, "len_reduction-beta-scoring": 0.7008086253369272, "simplicity-beta-scoring": 0.01078167115902965,