{"name": "churn.dnn.r2", "runs": [{"scoring": "r2", "coverage": 1.0, "sparsity": 1.0, "alpha": 0.5, "beta": 0.0, "gamma": -1.0, "max_len": -1.0, "results": {"alpha": 0.5, "beta": 0.0, "gamma": 201, "max_len": Infinity, "scoring": "r2", "scoring-fidelities": 1.0, "beta-scoring-fidelity": 0.9982854693527646, "beta-scoring-rule_nr": 201, "mean_length": 6.557213930348259, "std_length": 10.56126218330378, "coverage": 1.0, "beta-scoring-coverage": 1.0, "mean-beta-scoring-length": 6.557213930348259, "std-beta-scoring-length": 10.56126218330378, "mean_prediction": 0.49546843799098006, "std-scoring-prediction": NaN, "rule_reduction-alpha-scoring": 0.0, "rule_reduction-beta-scoring": 1.0, "len_reduction-beta-scoring": 1.0, "simplicity-beta-scoring": 1.0, "feature_frequency": [30, 59, 54, 89, 35, 64, 52, 36, 35, 34, 40, 16, 28, 59, 19, 69, 8, 14, 6, 13, 7, 11, 7, 10, 11, 10, 9, 8, 9, 11, 7, 11, 10, 9, 9, 8, 10, 6, 8, 6, 6, 9, 9, 10, 17, 12, 12, 6, 9, 7, 15, 12, 11, 13, 4, 14, 8, 9, 13, 6, 11, 12, 8, 7, 12, 14, 12, 9, 61, 15, 18, 0], "scoring-beta-feature_frequency": [30, 59, 54, 89, 35, 64, 52, 36, 35, 34, 40, 16, 28, 59, 19, 69, 8, 14, 6, 13, 7, 11, 7, 10, 11, 10, 9, 8, 9, 11, 7, 11, 10, 9, 9, 8, 10, 6, 8, 6, 6, 9, 9, 10, 17, 12, 12, 6, 9, 7, 15, 12, 11, 13, 4, 14, 8, 9, 13, 6, 11, 12, 8, 7, 12, 14, 12, 9, 61, 15, 18, 0], "scoring-beta-escore": 0.9991419991419991, "sparsity": 1.0, "black_box": "data/churn"}}, {"scoring": "r2", "coverage": 1.0, "sparsity": 1.0, "alpha": 0.5, "beta": 25.0, "gamma": -1.0, "max_len": -1.0, "results": {"alpha": 0.5, "beta": 25.0, "gamma": 201, "max_len": Infinity, "scoring": "r2", "scoring-fidelities": 1.0, "beta-scoring-fidelity": 0.9982854693527646, "beta-scoring-rule_nr": 151, "mean_length": 6.557213930348259, "std_length": 10.56126218330378, "coverage": 1.0, "beta-scoring-coverage": 1.0, "mean-beta-scoring-length": 2.966887417218543, "std-beta-scoring-length": 2.905617346818583, "mean_prediction": 0.49546843799098006, "std-scoring-prediction": NaN, "rule_reduction-alpha-scoring": 0.0, "rule_reduction-beta-scoring": 0.7512437810945274, "len_reduction-beta-scoring": 0.45246158638917083, "simplicity-beta-scoring": 0.33990895295902884, "feature_frequency": [30, 59, 54, 89, 35, 64, 52, 36, 35, 34, 40, 16, 28, 59, 19, 69, 8, 14, 6, 13, 7, 11, 7, 10, 11, 10, 9, 8, 9, 11, 7, 11, 10, 9, 9, 8, 10, 6, 8, 6, 6, 9, 9, 10, 17, 12, 12, 6, 9, 7, 15, 12, 11, 13, 4, 14, 8, 9, 13, 6, 11, 12, 8, 7, 12, 14, 12, 9, 61, 15, 18, 0], "scoring-beta-feature_frequency": [9, 29, 26, 51, 17, 35, 23, 13, 20, 11, 15, 2, 10, 34, 8, 46, 1, 3, 1, 2, 1, 2, 0, 1, 1, 1, 1, 0, 1, 1, 0, 1, 0, 1, 1, 0, 2, 3, 1, 0, 0, 0, 0, 0, 2, 1, 1, 0, 1, 0, 1, 2, 1, 1, 0, 2, 0, 1, 1, 3, 1, 1, 2, 0, 0, 1, 0, 1, 41, 4, 6, 0], "scoring-beta-escore": 0.5071403123257816, "sparsity": 1.0, "black_box": "data/churn"}}, {"scoring": "r2", "coverage": 1.0, "sparsity": 1.0, "alpha": 0.5, "beta": 50.0, "gamma": -1.0, "max_len": -1.0, "results": {"alpha": 0.5, "beta": 50.0, "gamma": 201, "max_len": Infinity, "scoring": "r2", "scoring-fidelities": 1.0, "beta-scoring-fidelity": 1.0, "beta-scoring-rule_nr": 101, "mean_length": 6.557213930348259, "std_length": 10.56126218330378, "coverage": 1.0, "beta-scoring-coverage": 0.9982854693527646, "mean-beta-scoring-length": 2.0, "std-beta-scoring-length": 0.4449941594899848, "mean_prediction": 0.49546843799098006, "std-scoring-prediction": NaN, "rule_reduction-alpha-scoring": 0.0, "rule_reduction-beta-scoring": 0.5024875621890548, "len_reduction-beta-scoring": 0.30500758725341426, "simplicity-beta-scoring": 0.15326251896813356, "feature_frequency": [30, 59, 54, 89, 35, 64, 52, 36, 35, 34, 40, 16, 28, 59, 19, 69, 8, 14, 6, 13, 7, 11, 7, 10, 11, 10, 9, 8, 9, 11, 7, 11, 10, 9, 9, 8, 10, 6, 8, 6, 6, 9, 9, 10, 17, 12, 12, 6, 9, 7, 15, 12, 11, 13, 4, 14, 8, 9, 13, 6, 11, 12, 8, 7, 12, 14, 12, 9, 61, 15, 18, 0], "scoring-beta-feature_frequency": [3, 8, 12, 26, 9, 17, 8, 2, 11, 4, 8, 2, 5, 26, 5, 26, 0, 0, 0, 0, 0, 0, 0, 0, 0, 0, 0, 0, 0, 0, 0, 0, 0, 0, 0, 0, 0, 1, 0, 0, 0, 0, 0, 0, 0, 0, 0, 0, 0, 0, 0, 0, 0, 0, 0, 0, 0, 0, 0, 0, 0, 0, 0, 0, 0, 0, 0, 0, 28, 1, 0, 0], "scoring-beta-escore": 0.2657894736842106, "sparsity": 1.0, "black_box": "data/churn"}}, {"scoring": "r2", "coverage": 1.0, "sparsity": 1.0, "alpha": 0.5, "beta": 75.0, "gamma": -1.0, "max_len": -1.0, "results": {"alpha": 0.5, "beta": 75.0, "gamma": 201, "max_len": Infinity, "scoring": "r2", "scoring-fidelities": 1.0, "beta-scoring-fidelity": 1.0, "beta-scoring-rule_nr": 51, "mean_length": 6.557213930348259, "std_length": 10.56126218330378, "coverage": 1.0, "beta-scoring-coverage": 0.9969995713673382, "mean-beta-scoring-length": 1.9019607843137254, "std-beta-scoring-length": 0.4952678800123564, "mean_prediction": 0.49546843799098006, "std-scoring-prediction": NaN, "rule_reduction-alpha-scoring": 0.0, "rule_reduction-beta-scoring": 0.2537313432835821, "len_reduction-beta-scoring": 0.2900562349370704, "simplicity-beta-scoring": 0.07359635811836114, "feature_frequency": [30, 59, 54, 89, 35, 64, 52, 36, 35, 34, 40, 16, 28, 59, 19, 69, 8, 14, 6, 13, 7, 11, 7, 10, 11, 10, 9, 8, 9, 11, 7, 11, 10, 9, 9, 8, 10, 6, 8, 6, 6, 9, 9, 10, 17, 12, 12, 6, 9, 7, 15, 12, 11, 13, 4, 14, 8, 9, 13, 6, 11, 12, 8, 7, 12, 14, 12, 9, 61, 15, 18, 0], "scoring-beta-feature_frequency": [1, 2, 4, 17, 1, 12, 2, 1, 3, 3, 5, 1, 1, 7, 0, 13, 0, 0, 0, 0, 0, 0, 0, 0, 0, 0, 0, 0, 0, 0, 0, 0, 0, 0, 0, 0, 0, 1, 0, 0, 0, 0, 0, 0, 0, 0, 0, 0, 0, 0, 0, 0, 0, 0, 0, 0, 0, 0, 0, 0, 0, 0, 0, 0, 0, 0, 0, 0, 23, 0, 0, 0], "scoring-beta-escore": 0.1371024734982332, "sparsity": 1.0, "black_box": "data/churn"}}, {"scoring": "r2", "coverage": 1.0, "sparsity": 1.0, "alpha": 0.5, "beta": 90.0, "gamma": -1.0, "max_len": -1.0, "results": {"alpha": 0.5, "beta": 90.0, "gamma": 201, "max_len": Infinity, "scoring": "r2", "scoring-fidelities": 1.0, "beta-scoring-fidelity": 1.0, "beta-scoring-rule_nr": 21, "mean_length": 6.557213930348259, "std_length": 10.56126218330378, "coverage": 1.0, "beta-scoring-coverage": 0.9892841834547793, "mean-beta-scoring-length": 1.7619047619047619, "std-beta-scoring-length": 0.5259695722470125, "mean_prediction": 0.49546843799098006, "std-scoring-prediction": NaN, "rule_reduction-alpha-scoring": 0.0, "rule_reduction-beta-scoring": 0.1044776119402985, "len_reduction-beta-scoring": 0.26869716019943635, "simplicity-beta-scoring": 0.02807283763277693, "feature_frequency": [30, 59, 54, 89, 35, 64, 52, 36, 35, 34, 40, 16, 28, 59, 19, 69, 8, 14, 6, 13, 7, 11, 7, 10, 11, 10, 9, 8, 9, 11, 7, 11, 10, 9, 9, 8, 10, 6, 8, 6, 6, 9, 9, 10, 17, 12, 12, 6, 9, 7, 15, 12, 11, 13, 4, 14, 8, 9, 13, 6, 11, 12, 8, 7, 12, 14, 12, 9, 61, 15, 18, 0], "scoring-beta-feature_frequency": [0, 0, 0, 7, 0, 6, 1, 0, 2, 1, 2, 1, 0, 1, 0, 5, 0, 0, 0, 0, 0, 0, 0, 0, 0, 0, 0, 0, 0, 0, 0, 0, 0, 0, 0, 0, 0, 0, 0, 0, 0, 0, 0, 0, 0, 0, 0, 0, 0, 0, 0, 0, 0, 0, 0, 0, 0, 0, 0, 0, 0, 0, 0, 0, 0, 0, 0, 0, 11, 0, 0, 0], "scoring-beta-escore": 0.054612546125461243, "sparsity": 1.0, "black_box": "data/churn"}}, {"scoring": "r2", "coverage": 1.0, "sparsity": 1.0, "alpha": 0.5, "beta": 99.0, "gamma": -1.0, "max_len": -1.0, "results": {"alpha": 0.5, "beta": 99.0, "gamma": 201, "max_len": Infinity, "scoring": "r2", "scoring-fidelities": 1.0, "beta-scoring-fidelity": 1.0, "beta-scoring-rule_nr": 4, "mean_length": 6.557213930348259, "std_length": 10.56126218330378, "coverage": 1.0, "beta-scoring-coverage": 0.9652807543934848, "mean-beta-scoring-length": 1.25, "std-beta-scoring-length": 0.4330127018922193, "mean_prediction": 0.49546843799098006, "std-scoring-prediction": NaN, "rule_reduction-alpha-scoring": 0.0, "rule_reduction-beta-scoring": 0.01990049751243781, "len_reduction-beta-scoring": 0.1906297420333839, "simplicity-beta-scoring": 0.003793626707132018,