{"name": "churn.rf.r2", "runs": [{"scoring": "r2", "coverage": 1.0, "sparsity": 1.0, "alpha": 0.5, "beta": 0.0, "gamma": -1.0, "max_len": -1.0, "results": {"alpha": 0.5, "beta": 0.0, "gamma": 221, "max_len": Infinity, "scoring": "r2", "scoring-fidelities": 0.8594084869267038, "beta-scoring-fidelity": 0.8602657522503214, "beta-scoring-rule_nr": 221, "mean_length": 10.339366515837105, "std_length": 16.401570876001717, "coverage": 1.0, "beta-scoring-coverage": 1.0, "mean-beta-scoring-length": 10.339366515837105, "std-beta-scoring-length": 16.401570876001717, "mean_prediction": 0.4750053745524239, "std-scoring-prediction": 0.0, "rule_reduction-alpha-scoring": 0.05429864253393665, "rule_reduction-beta-scoring": 1.0, "len_reduction-beta-scoring": 1.0, "simplicity-beta-scoring": 1.0, "feature_frequency": [26, 14, 69, 83, 25, 88, 71, 29, 74, 54, 39, 56, 24, 55, 21, 102, 24, 17, 20, 29, 19, 19, 22, 27, 23, 19, 17, 24, 13, 25, 21, 32, 36, 33, 31, 31, 23, 31, 32, 25, 36, 8, 22, 35, 34, 30, 16, 25, 33, 24, 20, 20, 24, 27, 28, 28, 17, 30, 28, 22, 26, 38, 25, 24, 32, 36, 22, 15, 23, 57, 57, 0], "scoring-beta-feature_frequency": [26, 14, 69, 83, 25, 88, 71, 29, 74, 54, 39, 56, 24, 55, 21, 102, 24, 17, 20, 29, 19, 19, 22, 27, 23, 19, 17, 24, 13, 25, 21, 32, 36, 33, 31, 31, 23, 31, 32, 25, 36, 8, 22, 35, 34, 30, 16, 25, 33, 24, 20, 20, 24, 27, 28, 28, 17, 30, 28, 22, 26, 38, 25, 24, 32, 36, 22, 15, 23, 57, 57, 0], "scoring-beta-escore": 0.9248847926267281, "sparsity": 1.0, "black_box": "data/churn"}}, {"scoring": "r2", "coverage": 1.0, "sparsity": 1.0, "alpha": 0.5, "beta": 25.0, "gamma": -1.0, "max_len": -1.0, "results": {"alpha": 0.5, "beta": 25.0, "gamma": 221, "max_len": Infinity, "scoring": "r2", "scoring-fidelities": 0.8594084869267038, "beta-scoring-fidelity": 0.8602657522503214, "beta-scoring-rule_nr": 166, "mean_length": 10.339366515837105, "std_length": 16.401570876001717, "coverage": 1.0, "beta-scoring-coverage": 1.0, "mean-beta-scoring-length": 3.0602409638554215, "std-beta-scoring-length": 4.348796807954607, "mean_prediction": 0.4750053745524239, "std-scoring-prediction": 0.0, "rule_reduction-alpha-scoring": 0.05429864253393665, "rule_reduction-beta-scoring": 0.751131221719457, "len_reduction-beta-scoring": 0.2959795417995834, "simplicity-beta-scoring": 0.22231947483588618, "feature_frequency": [26, 14, 69, 83, 25, 88, 71, 29, 74, 54, 39, 56, 24, 55, 21, 102, 24, 17, 20, 29, 19, 19, 22, 27, 23, 19, 17, 24, 13, 25, 21, 32, 36, 33, 31, 31, 23, 31, 32, 25, 36, 8, 22, 35, 34, 30, 16, 25, 33, 24, 20, 20, 24, 27, 28, 28, 17, 30, 28, 22, 26, 38, 25, 24, 32, 36, 22, 15, 23, 57, 57, 0], "scoring-beta-feature_frequency": [6, 2, 30, 43, 9, 48, 33, 9, 35, 25, 15, 27, 11, 17, 8, 61, 0, 0, 0, 4, 1, 0, 0, 1, 0, 0, 0, 0, 0, 0, 1, 1, 5, 4, 1, 2, 2, 6, 0, 1, 4, 1, 2, 3, 3, 2, 1, 0, 2, 4, 3, 0, 4, 2, 0, 3, 1, 2, 1, 1, 3, 7, 2, 3, 5, 0, 1, 0, 7, 17, 16, 0], "scoring-beta-escore": 0.353327988364209, "sparsity": 1.0, "black_box": "data/churn"}}, {"scoring": "r2", "coverage": 1.0, "sparsity": 1.0, "alpha": 0.5, "beta": 50.0, "gamma": -1.0, "max_len": -1.0, "results": {"alpha": 0.5, "beta": 50.0, "gamma": 221, "max_len": Infinity, "scoring": "r2", "scoring-fidelities": 0.8594084869267038, "beta-scoring-fidelity": 0.8594084869267038, "beta-scoring-rule_nr": 111, "mean_length": 10.339366515837105, "std_length": 16.401570876001717, "coverage": 1.0, "beta-scoring-coverage": 0.9982854693527646, "mean-beta-scoring-length": 1.945945945945946, "std-beta-scoring-length": 0.4210205926323576, "mean_prediction": 0.4750053745524239, "std-scoring-prediction": 0.0, "rule_reduction-alpha-scoring": 0.05429864253393665, "rule_reduction-beta-scoring": 0.502262443438914, "len_reduction-beta-scoring": 0.18820746348098646, "simplicity-beta-scoring": 0.09452954048140044, "feature_frequency": [26, 14, 69, 83, 25, 88, 71, 29, 74, 54, 39, 56, 24, 55, 21, 102, 24, 17, 20, 29, 19, 19, 22, 27, 23, 19, 17, 24, 13, 25, 21, 32, 36, 33, 31, 31, 23, 31, 32, 25, 36, 8, 22, 35, 34, 30, 16, 25, 33, 24, 20, 20, 24, 27, 28, 28, 17, 30, 28, 22, 26, 38, 25, 24, 32, 36, 22, 15, 23, 57, 57, 0], "scoring-beta-feature_frequency": [3, 0, 16, 24, 5, 26, 14, 4, 16, 11, 5, 7, 6, 7, 5, 39, 0, 0, 0, 3, 1, 0, 0, 0, 0, 0, 0, 0, 0, 0, 0, 0, 0, 0, 0, 0, 0, 0, 0, 0, 0, 0, 0, 0, 0, 1, 0, 0, 0, 0, 1, 0, 0, 0, 0, 0, 1, 0, 0, 0, 1, 1, 0, 1, 0, 0, 0, 0, 3, 7, 8, 0], "scoring-beta-escore": 0.17032445928532397, "sparsity": 1.0, "black_box": "data/churn"}}, {"scoring": "r2", "coverage": 1.0, "sparsity": 1.0, "alpha": 0.5, "beta": 75.0, "gamma": -1.0, "max_len": -1.0, "results": {"alpha": 0.5, "beta": 75.0, "gamma": 221, "max_len": Infinity, "scoring": "r2", "scoring-fidelities": 0.8594084869267038, "beta-scoring-fidelity": 0.8594084869267038, "beta-scoring-rule_nr": 56, "mean_length": 10.339366515837105, "std_length": 16.401570876001717, "coverage": 1.0, "beta-scoring-coverage": 0.9969995713673382, "mean-beta-scoring-length": 1.9107142857142858, "std-beta-scoring-length": 0.47346691369867333, "mean_prediction": 0.4750053745524239, "std-scoring-prediction": 0.0, "rule_reduction-alpha-scoring": 0.05429864253393665, "rule_reduction-beta-scoring": 0.25339366515837103, "len_reduction-beta-scoring": 0.18479993748046264, "simplicity-beta-scoring": 0.04682713347921225, "feature_frequency": [26, 14, 69, 83, 25, 88, 71, 29, 74, 54, 39, 56, 24, 55, 21, 102, 24, 17, 20, 29, 19, 19, 22, 27, 23, 19, 17, 24, 13, 25, 21, 32, 36, 33, 31, 31, 23, 31, 32, 25, 36, 8, 22, 35, 34, 30, 16, 25, 33, 24, 20, 20, 24, 27, 28, 28, 17, 30, 28, 22, 26, 38, 25, 24, 32, 36, 22, 15, 23, 57, 57, 0], "scoring-beta-feature_frequency": [1, 0, 8, 10, 4, 12, 9, 3, 8, 4, 1, 3, 2, 4, 2, 19, 0, 0, 0, 3, 0, 0, 0, 0, 0, 0, 0, 0, 0, 0, 0, 0, 0, 0, 0, 0, 0, 0, 0, 0, 0, 0, 0, 0, 0, 1, 0, 0, 0, 0, 1, 0, 0, 0, 0, 0, 0, 0, 0, 0, 1, 1, 0, 0, 0, 0, 0, 0, 2, 3, 5, 0], "scoring-beta-escore": 0.08881495060293236, "sparsity": 1.0, "black_box": "data/churn"}}, {"scoring": "r2", "coverage": 1.0, "sparsity": 1.0, "alpha": 0.5, "beta": 90.0, "gamma": -1.0, "max_len": -1.0, "results": {"alpha": 0.5, "beta": 90.0, "gamma": 221, "max_len": Infinity, "scoring": "r2", "scoring-fidelities": 0.8594084869267038, "beta-scoring-fidelity": 0.8594084869267038, "beta-scoring-rule_nr": 23, "mean_length": 10.339366515837105, "std_length": 16.401570876001717, "coverage": 1.0, "beta-scoring-coverage": 0.9858551221603086, "mean-beta-scoring-length": 1.7826086956521738, "std-beta-scoring-length": 0.5070392952039391, "mean_prediction": 0.4750053745524239, "std-scoring-prediction": 0.0, "rule_reduction-alpha-scoring": 0.05429864253393665, "rule_reduction-beta-scoring": 0.10407239819004525, "len_reduction-beta-scoring": 0.1724098563409761, "simplicity-beta-scoring": 0.017943107221006564, "feature_frequency": [26, 14, 69, 83, 25, 88, 71, 29, 74, 54, 39, 56, 24, 55, 21, 102, 24, 17, 20, 29, 19, 19, 22, 27, 23, 19, 17, 24, 13, 25, 21, 32, 36, 33, 31, 31, 23, 31, 32, 25, 36, 8, 22, 35, 34, 30, 16, 25, 33, 24, 20, 20, 24, 27, 28, 28, 17, 30, 28, 22, 26, 38, 25, 24, 32, 36, 22, 15, 23, 57, 57, 0], "scoring-beta-feature_frequency": [1, 0, 0, 9, 2, 5, 1, 2, 1, 1, 0, 1, 0, 0, 1, 12, 0, 0, 0, 2, 0, 0, 0, 0, 0, 0, 0, 0, 0, 0, 0, 0, 0, 0, 0, 0, 0, 0, 0, 0, 0, 0, 0, 0, 0, 0, 0, 0, 0, 0, 0, 0, 0, 0, 0, 0, 0, 0, 0, 0, 0, 1, 0, 0, 0, 0, 0, 0, 2, 0, 0, 0], "scoring-beta-escore": 0.03515228952777781, "sparsity": 1.0, "black_box": "data/churn"}}, {"scoring": "r2", "coverage": 1.0, "sparsity": 1.0, "alpha": 0.5, "beta": 99.0, "gamma": -1.0, "max_len": -1.0, "results": {"alpha": 0.5, "beta": 99.0, "gamma": 221, "max_len": Infinity, "scoring": "r2", "scoring-fidelities": 0.8594084869267038, "beta-scoring-fidelity": 0.8594084869267038, "beta-scoring-rule_nr": 3, "mean_length": 10.339366515837105, "std_length": 16.401570876001717, "coverage": 1.0, "beta-scoring-coverage": 0.9459922846120874, "mean-beta-scoring-length": 1.0, "std-beta-scoring-length": 0.0, "mean_prediction": 0.4750053745524239, "std-scoring-prediction": 0.0,