{"name": "churn.cpar.dnn.fidelity", "runs": [{"scoring": "fidelity", "coverage": 1.0, "sparsity": 1.0, "alpha": 0.5, "beta": 0.0, "gamma": -1.0, "max_len": -1.0, "results": {"alpha": 0.5, "beta": 0.0, "gamma": 94, "max_len": Infinity, "scoring": "fidelity", "scoring-fidelities": 0.9082726103729104, "beta-scoring-fidelity": 0.9082726103729104, "beta-scoring-rule_nr": 94, "mean_length": 2.372340425531915, "std_length": 1.1848695282621096, "coverage": 1.0, "beta-scoring-coverage": 0.7856836690955851, "mean-beta-scoring-length": 2.372340425531915, "std-beta-scoring-length": 1.1848695282621096, "mean_prediction": 0.477302856897331, "std-scoring-prediction": 0.477302856897331, "rule_reduction-alpha-scoring": 1.0, "rule_reduction-beta-scoring": 1.0, "len_reduction-beta-scoring": 1.0, "simplicity-beta-scoring": 1.0, "feature_frequency": [1, 16, 7, 27, 5, 27, 12, 4, 12, 9, 4, 9, 2, 7, 2, 17, 0, 0, 0, 0, 0, 0, 0, 0, 0, 0, 0, 2, 0, 3, 0, 0, 0, 1, 0, 2, 0, 1, 0, 0, 0, 0, 1, 0, 0, 1, 0, 0, 0, 0, 1, 2, 2, 0, 0, 1, 0, 2, 1, 0, 0, 0, 8, 0, 0, 0, 0, 13, 13, 4, 4, 0], "scoring-beta-feature_frequency": [1, 16, 7, 27, 5, 27, 12, 4, 12, 9, 4, 9, 2, 7, 2, 17, 0, 0, 0, 0, 0, 0, 0, 0, 0, 0, 0, 2, 0, 3, 0, 0, 0, 1, 0, 2, 0, 1, 0, 0, 0, 0, 1, 0, 0, 1, 0, 0, 0, 0, 1, 2, 2, 0, 0, 1, 0, 2, 1, 0, 0, 0, 8, 0, 0, 0, 0, 13, 13, 4, 4, 0], "scoring-beta-escore": 0.9519317160826595, "sparsity": 1.0, "black_box": "data/churn"}}, {"scoring": "fidelity", "coverage": 1.0, "sparsity": 1.0, "alpha": 0.5, "beta": 25.0, "gamma": -1.0, "max_len": -1.0, "results": {"alpha": 0.5, "beta": 25.0, "gamma": 94, "max_len": Infinity, "scoring": "fidelity", "scoring-fidelities": 0.9082726103729104, "beta-scoring-fidelity": 0.9699957136733819, "beta-scoring-rule_nr": 73, "mean_length": 2.372340425531915, "std_length": 1.1848695282621096, "coverage": 1.0, "beta-scoring-coverage": 0.7239605657951136, "mean-beta-scoring-length": 2.191780821917808, "std-beta-scoring-length": 1.0936621181486066, "mean_prediction": 0.477302856897331, "std-scoring-prediction": 0.477302856897331, "rule_reduction-alpha-scoring": 1.0, "rule_reduction-beta-scoring": 0.776595744680851, "len_reduction-beta-scoring": 0.9238896738128877, "simplicity-beta-scoring": 0.717488789237668, "feature_frequency": [1, 16, 7, 27, 5, 27, 12, 4, 12, 9, 4, 9, 2, 7, 2, 17, 0, 0, 0, 0, 0, 0, 0, 0, 0, 0, 0, 2, 0, 3, 0, 0, 0, 1, 0, 2, 0, 1, 0, 0, 0, 0, 1, 0, 0, 1, 0, 0, 0, 0, 1, 2, 2, 0, 0, 1, 0, 2, 1, 0, 0, 0, 8, 0, 0, 0, 0, 13, 13, 4, 4, 0], "scoring-beta-feature_frequency": [1, 4, 3, 18, 5, 18, 12, 4, 12, 3, 4, 3, 2, 5, 2, 14, 0, 0, 0, 0, 0, 0, 0, 0, 0, 0, 0, 0, 0, 3, 0, 0, 0, 1, 0, 2, 0, 1, 0, 0, 0, 0, 1, 0, 0, 1, 0, 0, 0, 0, 1, 2, 2, 0, 0, 1, 0, 2, 1, 0, 0, 0, 8, 0, 0, 0, 0, 12, 12, 0, 0, 0], "scoring-beta-escore": 0.8248503011063536, "sparsity": 1.0, "black_box": "data/churn"}}, {"scoring": "fidelity", "coverage": 1.0, "sparsity": 1.0, "alpha": 0.5, "beta": 50.0, "gamma": -1.0, "max_len": -1.0, "results": {"alpha": 0.5, "beta": 50.0, "gamma": 94, "max_len": Infinity, "scoring": "fidelity", "scoring-fidelities": 0.9082726103729104, "beta-scoring-fidelity": 0.9952850407201028, "beta-scoring-rule_nr": 51, "mean_length": 2.372340425531915, "std_length": 1.1848695282621096, "coverage": 1.0, "beta-scoring-coverage": 0.6986712387483927, "mean-beta-scoring-length": 2.2745098039215685, "std-beta-scoring-length": 1.1728703081363279, "mean_prediction": 0.477302856897331, "std-scoring-prediction": 0.477302856897331, "rule_reduction-alpha-scoring": 1.0, "rule_reduction-beta-scoring": 0.5425531914893617, "len_reduction-beta-scoring": 0.9587619801283742, "simplicity-beta-scoring": 0.5201793721973094, "feature_frequency": [1, 16, 7, 27, 5, 27, 12, 4, 12, 9, 4, 9, 2, 7, 2, 17, 0, 0, 0, 0, 0, 0, 0, 0, 0, 0, 0, 2, 0, 3, 0, 0, 0, 1, 0, 2, 0, 1, 0, 0, 0, 0, 1, 0, 0, 1, 0, 0, 0, 0, 1, 2, 2, 0, 0, 1, 0, 2, 1, 0, 0, 0, 8, 0, 0, 0, 0, 13, 13, 4, 4, 0], "scoring-beta-feature_frequency": [1, 0, 3, 15, 5, 15, 9, 1, 11, 1, 4, 1, 0, 0, 0, 10, 0, 0, 0, 0, 0, 0, 0, 0, 0, 0, 0, 0, 0, 1, 0, 0, 0, 1, 0, 2, 0, 1, 0, 0, 0, 0, 1, 0, 0, 1, 0, 0, 0, 0, 1, 2, 2, 0, 0, 1, 0, 2, 1, 0, 0, 0, 8, 0, 0, 0, 0, 8, 8, 0, 0, 0], "scoring-beta-escore": 0.6832582055061045, "sparsity": 1.0, "black_box": "data/churn"}}, {"scoring": "fidelity", "coverage": 1.0, "sparsity": 1.0, "alpha": 0.5, "beta": 75.0, "gamma": -1.0, "max_len": -1.0, "results": {"alpha": 0.5, "beta": 75.0, "gamma": 94, "max_len": Infinity, "scoring": "fidelity", "scoring-fidelities": 0.9082726103729104, "beta-scoring-fidelity": 1.0, "beta-scoring-rule_nr": 33, "mean_length": 2.372340425531915, "std_length": 1.1848695282621096, "coverage": 1.0, "beta-scoring-coverage": 0.6939562794684955, "mean-beta-scoring-length": 2.4545454545454546, "std-beta-scoring-length": 1.3278122606185845, "mean_prediction": 0.477302856897331, "std-scoring-prediction": 0.477302856897331, "rule_reduction-alpha-scoring": 1.0, "rule_reduction-beta-scoring": 0.35106382978723405, "len_reduction-beta-scoring": 1.034651447207501, "simplicity-beta-scoring": 0.3632286995515695, "feature_frequency": [1, 16, 7, 27, 5, 27, 12, 4, 12, 9, 4, 9, 2, 7, 2, 17, 0, 0, 0, 0, 0, 0, 0, 0, 0, 0, 0, 2, 0, 3, 0, 0, 0, 1, 0, 2, 0, 1, 0, 0, 0, 0, 1, 0, 0, 1, 0, 0, 0, 0, 1, 2, 2, 0, 0, 1, 0, 2, 1, 0, 0, 0, 8, 0, 0, 0, 0, 13, 13, 4, 4, 0], "scoring-beta-feature_frequency": [0, 0, 3, 11, 4, 11, 7, 1, 7, 0, 4, 0, 0, 0, 0, 2, 0, 0, 0, 0, 0, 0, 0, 0, 0, 0, 0, 0, 0, 1, 0, 0, 0, 1, 0, 0, 0, 0, 0, 0, 0, 0, 0, 0, 0, 1, 0, 0, 0, 0, 0, 2, 0, 0, 0, 1, 0, 2, 1, 0, 0, 0, 8, 0, 0, 0, 0, 7, 7, 0, 0, 0], "scoring-beta-escore": 0.5328947368421052, "sparsity": 1.0, "black_box": "data/churn"}}, {"scoring": "fidelity", "coverage": 1.0, "sparsity": 1.0, "alpha": 0.5, "beta": 90.0, "gamma": -1.0, "max_len": -1.0, "results": {"alpha": 0.5, "beta": 90.0, "gamma": 94, "max_len": Infinity, "scoring": "fidelity", "scoring-fidelities": 0.9082726103729104, "beta-scoring-fidelity": 1.0, "beta-scoring-rule_nr": 33, "mean_length": 2.372340425531915, "std_length": 1.1848695282621096, "coverage": 1.0, "beta-scoring-coverage": 0.6939562794684955, "mean-beta-scoring-length": 2.4545454545454546, "std-beta-scoring-length": 1.3278122606185845, "mean_prediction": 0.477302856897331, "std-scoring-prediction": 0.477302856897331, "rule_reduction-alpha-scoring": 1.0, "rule_reduction-beta-scoring": 0.35106382978723405, "len_reduction-beta-scoring": 1.034651447207501, "simplicity-beta-scoring": 0.3632286995515695, "feature_frequency": [1, 16, 7, 27, 5, 27, 12, 4, 12, 9, 4, 9, 2, 7, 2, 17, 0, 0, 0, 0, 0, 0, 0, 0, 0, 0, 0, 2, 0, 3, 0, 0, 0, 1, 0, 2, 0, 1, 0, 0, 0, 0, 1, 0, 0, 1, 0, 0, 0, 0, 1, 2, 2, 0, 0, 1, 0, 2, 1, 0, 0, 0, 8, 0, 0, 0, 0, 13, 13, 4, 4, 0], "scoring-beta-feature_frequency": [0, 0, 3, 11, 4, 11, 7, 1, 7, 0, 4, 0, 0, 0, 0, 2, 0, 0, 0, 0, 0, 0, 0, 0, 0, 0, 0, 0, 0, 1, 0, 0, 0, 1, 0, 0, 0, 0, 0, 0, 0, 0, 0, 0, 0, 1, 0, 0, 0, 0, 0, 2, 0, 0, 0, 1, 0, 2, 1, 0, 0, 0, 8, 0, 0, 0, 0, 7, 7, 0, 0, 0], "scoring-beta-escore": 0.5328947368421052, "sparsity": 1.0, "black_box": "data/churn"}}, {"scoring": "fidelity", "coverage": 1.0, "sparsity": 1.0, "alpha": 0.5, "beta": 99.0, "gamma": -1.0, "max_len": -1.0, "results": {"alpha": 0.5, "beta": 99.0, "gamma": 94, "max_len": Infinity, "scoring": "fidelity", "scoring-fidelities": 0.9082726103729104, "beta-scoring-fidelity": 1.0, "beta-scoring-rule_nr": 33, "mean_length": 2.372340425531915, "std_length": 1.1848695282621096, "coverage": 1.0, "beta-scoring-coverage": 0.6939562794684955, "mean-beta-scoring-length": 2.4545454545454546, "std-beta-scoring-length": 1.3278122606185845, "mean_prediction": 0.477302856897331, "std-scoring-prediction": 0.477302856897331, "rule_reduction-alpha-scoring": 1.0, "rule_reduction-beta-scoring": 0.35106382978723405, "len_reduction-beta-scoring": 1.034651447207501, "simplicity-beta-scoring": 0.3632286995515695,