{"name": "churn.cpar.dnn.r2", "runs": [{"scoring": "r2", "coverage": 1.0, "sparsity": 1.0, "alpha": 0.5, "beta": 0.0, "gamma": -1.0, "max_len": -1.0, "results": {"alpha": 0.5, "beta": 0.0, "gamma": 94, "max_len": Infinity, "scoring": "r2", "scoring-fidelities": 1.0, "beta-scoring-fidelity": 0.9001285897985427, "beta-scoring-rule_nr": 94, "mean_length": 2.372340425531915, "std_length": 1.1848695282621096, "coverage": 1.0, "beta-scoring-coverage": 0.7856836690955851, "mean-beta-scoring-length": 2.372340425531915, "std-beta-scoring-length": 1.1848695282621096, "mean_prediction": 0.477302856897331, "std-scoring-prediction": NaN, "rule_reduction-alpha-scoring": 0.0, "rule_reduction-beta-scoring": 1.0, "len_reduction-beta-scoring": 1.0, "simplicity-beta-scoring": 1.0, "feature_frequency": [1, 16, 7, 27, 5, 27, 12, 4, 12, 9, 4, 9, 2, 7, 2, 17, 0, 0, 0, 0, 0, 0, 0, 0, 0, 0, 0, 2, 0, 3, 0, 0, 0, 1, 0, 2, 0, 1, 0, 0, 0, 0, 1, 0, 0, 1, 0, 0, 0, 0, 1, 2, 2, 0, 0, 1, 0, 2, 1, 0, 0, 0, 8, 0, 0, 0, 0, 13, 13, 4, 4, 0], "scoring-beta-feature_frequency": [1, 16, 7, 27, 5, 27, 12, 4, 12, 9, 4, 9, 2, 7, 2, 17, 0, 0, 0, 0, 0, 0, 0, 0, 0, 0, 0, 2, 0, 3, 0, 0, 0, 1, 0, 2, 0, 1, 0, 0, 0, 0, 1, 0, 0, 1, 0, 0, 0, 0, 1, 2, 2, 0, 0, 1, 0, 2, 1, 0, 0, 0, 8, 0, 0, 0, 0, 13, 13, 4, 4, 0], "scoring-beta-escore": 0.9474396571170765, "sparsity": 1.0, "black_box": "data/churn"}}, {"scoring": "r2", "coverage": 1.0, "sparsity": 1.0, "alpha": 0.5, "beta": 25.0, "gamma": -1.0, "max_len": -1.0, "results": {"alpha": 0.5, "beta": 25.0, "gamma": 94, "max_len": Infinity, "scoring": "r2", "scoring-fidelities": 1.0, "beta-scoring-fidelity": 0.9014144877839692, "beta-scoring-rule_nr": 71, "mean_length": 2.372340425531915, "std_length": 1.1848695282621096, "coverage": 1.0, "beta-scoring-coverage": 0.7843977711101586, "mean-beta-scoring-length": 2.5211267605633805, "std-beta-scoring-length": 1.2766500499858775, "mean_prediction": 0.477302856897331, "std-scoring-prediction": NaN, "rule_reduction-alpha-scoring": 0.0, "rule_reduction-beta-scoring": 0.7553191489361702, "len_reduction-beta-scoring": 1.0627171098338912, "simplicity-beta-scoring": 0.8026905829596412, "feature_frequency": [1, 16, 7, 27, 5, 27, 12, 4, 12, 9, 4, 9, 2, 7, 2, 17, 0, 0, 0, 0, 0, 0, 0, 0, 0, 0, 0, 2, 0, 3, 0, 0, 0, 1, 0, 2, 0, 1, 0, 0, 0, 0, 1, 0, 0, 1, 0, 0, 0, 0, 1, 2, 2, 0, 0, 1, 0, 2, 1, 0, 0, 0, 8, 0, 0, 0, 0, 13, 13, 4, 4, 0], "scoring-beta-feature_frequency": [0, 16, 7, 23, 4, 23, 7, 2, 7, 8, 4, 8, 2, 6, 2, 9, 0, 0, 0, 0, 0, 0, 0, 0, 0, 0, 0, 2, 0, 3, 0, 0, 0, 1, 0, 0, 0, 0, 0, 0, 0, 0, 0, 0, 0, 1, 0, 0, 0, 0, 0, 2, 0, 0, 0, 1, 0, 2, 1, 0, 0, 0, 8, 0, 0, 0, 0, 11, 11, 4, 4, 0], "scoring-beta-escore": 0.8491928497951671, "sparsity": 1.0, "black_box": "data/churn"}}, {"scoring": "r2", "coverage": 1.0, "sparsity": 1.0, "alpha": 0.5, "beta": 50.0, "gamma": -1.0, "max_len": -1.0, "results": {"alpha": 0.5, "beta": 50.0, "gamma": 94, "max_len": Infinity, "scoring": "r2", "scoring-fidelities": 1.0, "beta-scoring-fidelity": 0.9237033861980283, "beta-scoring-rule_nr": 48, "mean_length": 2.372340425531915, "std_length": 1.1848695282621096, "coverage": 1.0, "beta-scoring-coverage": 0.7621088726960994, "mean-beta-scoring-length": 2.5, "std-beta-scoring-length": 1.3228756555322954, "mean_prediction": 0.477302856897331, "std-scoring-prediction": NaN, "rule_reduction-alpha-scoring": 0.0, "rule_reduction-beta-scoring": 0.5106382978723404, "len_reduction-beta-scoring": 1.053811659192825, "simplicity-beta-scoring": 0.538116591928251, "feature_frequency": [1, 16, 7, 27, 5, 27, 12, 4, 12, 9, 4, 9, 2, 7, 2, 17, 0, 0, 0, 0, 0, 0, 0, 0, 0, 0, 0, 2, 0, 3, 0, 0, 0, 1, 0, 2, 0, 1, 0, 0, 0, 0, 1, 0, 0, 1, 0, 0, 0, 0, 1, 2, 2, 0, 0, 1, 0, 2, 1, 0, 0, 0, 8, 0, 0, 0, 0, 13, 13, 4, 4, 0], "scoring-beta-feature_frequency": [0, 6, 5, 17, 4, 17, 7, 1, 7, 6, 4, 0, 0, 2, 0, 5, 0, 0, 0, 0, 0, 0, 0, 0, 0, 0, 0, 2, 0, 1, 0, 0, 0, 1, 0, 0, 0, 0, 0, 0, 0, 0, 0, 0, 0, 1, 0, 0, 0, 0, 0, 2, 0, 0, 0, 1, 0, 2, 1, 0, 0, 0, 8, 0, 0, 0, 0, 8, 8, 2, 2, 0], "scoring-beta-escore": 0.6800565398902073, "sparsity": 1.0, "black_box": "data/churn"}}, {"scoring": "r2", "coverage": 1.0, "sparsity": 1.0, "alpha": 0.5, "beta": 75.0, "gamma": -1.0, "max_len": -1.0, "results": {"alpha": 0.5, "beta": 75.0, "gamma": 94, "max_len": Infinity, "scoring": "r2", "scoring-fidelities": 1.0, "beta-scoring-fidelity": 0.9335619374196313, "beta-scoring-rule_nr": 24, "mean_length": 2.372340425531915, "std_length": 1.1848695282621096, "coverage": 1.0, "beta-scoring-coverage": 0.7196742391770253, "mean-beta-scoring-length": 2.75, "std-beta-scoring-length": 1.4215601757693317, "mean_prediction": 0.477302856897331, "std-scoring-prediction": NaN, "rule_reduction-alpha-scoring": 0.0, "rule_reduction-beta-scoring": 0.2553191489361702, "len_reduction-beta-scoring": 1.1591928251121075, "simplicity-beta-scoring": 0.2959641255605381, "feature_frequency": [1, 16, 7, 27, 5, 27, 12, 4, 12, 9, 4, 9, 2, 7, 2, 17, 0, 0, 0, 0, 0, 0, 0, 0, 0, 0, 0, 2, 0, 3, 0, 0, 0, 1, 0, 2, 0, 1, 0, 0, 0, 0, 1, 0, 0, 1, 0, 0, 0, 0, 1, 2, 2, 0, 0, 1, 0, 2, 1, 0, 0, 0, 8, 0, 0, 0, 0, 13, 13, 4, 4, 0], "scoring-beta-feature_frequency": [0, 0, 2, 9, 4, 9, 5, 0, 5, 0, 2, 0, 0, 0, 0, 3, 0, 0, 0, 0, 0, 0, 0, 0, 0, 0, 0, 0, 0, 1, 0, 0, 0, 0, 0, 0, 0, 0, 0, 0, 0, 0, 0, 0, 0, 0, 0, 0, 0, 0, 0, 2, 0, 0, 0, 0, 0, 2, 0, 0, 0, 0, 8, 0, 0, 0, 0, 7, 7, 0, 0, 0], "scoring-beta-escore": 0.44944283945522073, "sparsity": 1.0, "black_box": "data/churn"}}, {"scoring": "r2", "coverage": 1.0, "sparsity": 1.0, "alpha": 0.5, "beta": 90.0, "gamma": -1.0, "max_len": -1.0, "results": {"alpha": 0.5, "beta": 90.0, "gamma": 94, "max_len": Infinity, "scoring": "r2", "scoring-fidelities": 1.0, "beta-scoring-fidelity": 1.0, "beta-scoring-rule_nr": 12, "mean_length": 2.372340425531915, "std_length": 1.1848695282621096, "coverage": 1.0, "beta-scoring-coverage": 0.6039434204886412, "mean-beta-scoring-length": 3.6666666666666665, "std-beta-scoring-length": 1.247219128924647, "mean_prediction": 0.477302856897331, "std-scoring-prediction": NaN, "rule_reduction-alpha-scoring": 0.0, "rule_reduction-beta-scoring": 0.1276595744680851, "len_reduction-beta-scoring": 1.54559043348281, "simplicity-beta-scoring": 0.19730941704035873, "feature_frequency": [1, 16, 7, 27, 5, 27, 12, 4, 12, 9, 4, 9, 2, 7, 2, 17, 0, 0, 0, 0, 0, 0, 0, 0, 0, 0, 0, 2, 0, 3, 0, 0, 0, 1, 0, 2, 0, 1, 0, 0, 0, 0, 1, 0, 0, 1, 0, 0, 0, 0, 1, 2, 2, 0, 0, 1, 0, 2, 1, 0, 0, 0, 8, 0, 0, 0, 0, 13, 13, 4, 4, 0], "scoring-beta-feature_frequency": [0, 0, 0, 6, 0, 6, 4, 0, 4, 0, 2, 0, 0, 0, 0, 2, 0, 0, 0, 0, 0, 0, 0, 0, 0, 0, 0, 0, 0, 0, 0, 0, 0, 0, 0, 0, 0, 0, 0, 0, 0, 0, 0, 0, 0, 0, 0, 0, 0, 0, 0, 2, 0, 0, 0, 0, 0, 2, 0, 0, 0, 0, 8, 0, 0, 0, 0, 4, 4, 0, 0, 0], "scoring-beta-escore": 0.3295880149812734, "sparsity": 1.0, "black_box": "data/churn"}}, {"scoring": "r2", "coverage": 1.0, "sparsity": 1.0, "alpha": 0.5, "beta": 99.0, "gamma": -1.0, "max_len": -1.0, "results": {"alpha": 0.5, "beta": 99.0, "gamma": 94, "max_len": Infinity, "scoring": "r2", "scoring-fidelities": 1.0, "beta-scoring-fidelity": 1.0, "beta-scoring-rule_nr": 2, "mean_length": 2.372340425531915, "std_length": 1.1848695282621096, "coverage": 1.0, "beta-scoring-coverage": 0.4384912130304329, "mean-beta-scoring-length": 1.0, "std-beta-scoring-length": 0.0, "mean_prediction": 0.477302856897331, "std-scoring-prediction": NaN, "rule_reduction-alpha-scoring": 0.0, "rule_reduction-beta-scoring": 0.02127659574468085, "len_reduction-beta-scoring": 0.42152466367713004, "simplicity-beta-scoring": 0.008968609865470852, "feature_frequency": [1, 16, 7, 27, 5, 27, 12, 4, 12, 9, 4, 9, 2, 7, 2, 17, 0, 0, 0, 0, 0, 0, 0, 0, 0, 0, 0, 2, 0, 3, 0, 0, 0, 1, 0, 2, 0, 1, 0, 0, 0, 0, 1, 0, 0, 1, 0, 0, 0, 0, 1, 2, 2, 0, 0, 1, 0, 2, 1, 0, 0, 0, 8, 0, 0, 0, 0, 13, 13, 4, 4, 0],