{"name": "churn.rf.fidelity", "runs": [{"scoring": "fidelity", "coverage": 1.0, "sparsity": 1.0, "alpha": 0.5, "beta": 0.0, "gamma": -1.0, "max_len": -1.0, "results": {"alpha": 0.5, "beta": 0.0, "gamma": 221, "max_len": Infinity, "scoring": "fidelity", "scoring-fidelities": 0.8726960994427775, "beta-scoring-fidelity": 0.8726960994427775, "beta-scoring-rule_nr": 221, "mean_length": 10.339366515837105, "std_length": 16.401570876001717, "coverage": 1.0, "beta-scoring-coverage": 1.0, "mean-beta-scoring-length": 10.339366515837105, "std-beta-scoring-length": 16.401570876001717, "mean_prediction": 0.4750053745524239, "std-scoring-prediction": 0.4750053745524239, "rule_reduction-alpha-scoring": 1.0, "rule_reduction-beta-scoring": 1.0, "len_reduction-beta-scoring": 1.0, "simplicity-beta-scoring": 1.0, "feature_frequency": [26, 14, 69, 83, 25, 88, 71, 29, 74, 54, 39, 56, 24, 55, 21, 102, 24, 17, 20, 29, 19, 19, 22, 27, 23, 19, 17, 24, 13, 25, 21, 32, 36, 33, 31, 31, 23, 31, 32, 25, 36, 8, 22, 35, 34, 30, 16, 25, 33, 24, 20, 20, 24, 27, 28, 28, 17, 30, 28, 22, 26, 38, 25, 24, 32, 36, 22, 15, 23, 57, 57, 0], "scoring-beta-feature_frequency": [26, 14, 69, 83, 25, 88, 71, 29, 74, 54, 39, 56, 24, 55, 21, 102, 24, 17, 20, 29, 19, 19, 22, 27, 23, 19, 17, 24, 13, 25, 21, 32, 36, 33, 31, 31, 23, 31, 32, 25, 36, 8, 22, 35, 34, 30, 16, 25, 33, 24, 20, 20, 24, 27, 28, 28, 17, 30, 28, 22, 26, 38, 25, 24, 32, 36, 22, 15, 23, 57, 57, 0], "scoring-beta-escore": 0.9320210574502173, "sparsity": 1.0, "black_box": "data/churn"}}, {"scoring": "fidelity", "coverage": 1.0, "sparsity": 1.0, "alpha": 0.5, "beta": 25.0, "gamma": -1.0, "max_len": -1.0, "results": {"alpha": 0.5, "beta": 25.0, "gamma": 221, "max_len": Infinity, "scoring": "fidelity", "scoring-fidelities": 0.8726960994427775, "beta-scoring-fidelity": 0.8726960994427775, "beta-scoring-rule_nr": 202, "mean_length": 10.339366515837105, "std_length": 16.401570876001717, "coverage": 1.0, "beta-scoring-coverage": 1.0, "mean-beta-scoring-length": 10.470297029702971, "std-beta-scoring-length": 16.751580652798676, "mean_prediction": 0.4750053745524239, "std-scoring-prediction": 0.4750053745524239, "rule_reduction-alpha-scoring": 1.0, "rule_reduction-beta-scoring": 0.9140271493212669, "len_reduction-beta-scoring": 1.012663301341075, "simplicity-beta-scoring": 0.925601750547046, "feature_frequency": [26, 14, 69, 83, 25, 88, 71, 29, 74, 54, 39, 56, 24, 55, 21, 102, 24, 17, 20, 29, 19, 19, 22, 27, 23, 19, 17, 24, 13, 25, 21, 32, 36, 33, 31, 31, 23, 31, 32, 25, 36, 8, 22, 35, 34, 30, 16, 25, 33, 24, 20, 20, 24, 27, 28, 28, 17, 30, 28, 22, 26, 38, 25, 24, 32, 36, 22, 15, 23, 57, 57, 0], "scoring-beta-feature_frequency": [22, 9, 65, 77, 20, 79, 67, 27, 70, 50, 36, 50, 22, 47, 20, 91, 23, 17, 19, 25, 17, 19, 22, 27, 21, 17, 15, 23, 13, 24, 18, 30, 33, 31, 29, 29, 22, 30, 30, 24, 34, 5, 18, 33, 34, 28, 14, 24, 32, 23, 18, 17, 22, 26, 28, 26, 16, 27, 25, 21, 24, 35, 25, 22, 29, 34, 21, 15, 20, 55, 54, 0], "scoring-beta-escore": 0.8983706868630076, "sparsity": 1.0, "black_box": "data/churn"}}, {"scoring": "fidelity", "coverage": 1.0, "sparsity": 1.0, "alpha": 0.5, "beta": 50.0, "gamma": -1.0, "max_len": -1.0, "results": {"alpha": 0.5, "beta": 50.0, "gamma": 221, "max_len": Infinity, "scoring": "fidelity", "scoring-fidelities": 0.8726960994427775, "beta-scoring-fidelity": 0.8726960994427775, "beta-scoring-rule_nr": 202, "mean_length": 10.339366515837105, "std_length": 16.401570876001717, "coverage": 1.0, "beta-scoring-coverage": 1.0, "mean-beta-scoring-length": 10.470297029702971, "std-beta-scoring-length": 16.751580652798676, "mean_prediction": 0.4750053745524239, "std-scoring-prediction": 0.4750053745524239, "rule_reduction-alpha-scoring": 1.0, "rule_reduction-beta-scoring": 0.9140271493212669, "len_reduction-beta-scoring": 1.012663301341075, "simplicity-beta-scoring": 0.925601750547046, "feature_frequency": [26, 14, 69, 83, 25, 88, 71, 29, 74, 54, 39, 56, 24, 55, 21, 102, 24, 17, 20, 29, 19, 19, 22, 27, 23, 19, 17, 24, 13, 25, 21, 32, 36, 33, 31, 31, 23, 31, 32, 25, 36, 8, 22, 35, 34, 30, 16, 25, 33, 24, 20, 20, 24, 27, 28, 28, 17, 30, 28, 22, 26, 38, 25, 24, 32, 36, 22, 15, 23, 57, 57, 0], "scoring-beta-feature_frequency": [22, 9, 65, 77, 20, 79, 67, 27, 70, 50, 36, 50, 22, 47, 20, 91, 23, 17, 19, 25, 17, 19, 22, 27, 21, 17, 15, 23, 13, 24, 18, 30, 33, 31, 29, 29, 22, 30, 30, 24, 34, 5, 18, 33, 34, 28, 14, 24, 32, 23, 18, 17, 22, 26, 28, 26, 16, 27, 25, 21, 24, 35, 25, 22, 29, 34, 21, 15, 20, 55, 54, 0], "scoring-beta-escore": 0.8983706868630076, "sparsity": 1.0, "black_box": "data/churn"}}, {"scoring": "fidelity", "coverage": 1.0, "sparsity": 1.0, "alpha": 0.5, "beta": 75.0, "gamma": -1.0, "max_len": -1.0, "results": {"alpha": 0.5, "beta": 75.0, "gamma": 221, "max_len": Infinity, "scoring": "fidelity", "scoring-fidelities": 0.8726960994427775, "beta-scoring-fidelity": 0.8726960994427775, "beta-scoring-rule_nr": 202, "mean_length": 10.339366515837105, "std_length": 16.401570876001717, "coverage": 1.0, "beta-scoring-coverage": 1.0, "mean-beta-scoring-length": 10.470297029702971, "std-beta-scoring-length": 16.751580652798676, "mean_prediction": 0.4750053745524239, "std-scoring-prediction": 0.4750053745524239, "rule_reduction-alpha-scoring": 1.0, "rule_reduction-beta-scoring": 0.9140271493212669, "len_reduction-beta-scoring": 1.012663301341075, "simplicity-beta-scoring": 0.925601750547046, "feature_frequency": [26, 14, 69, 83, 25, 88, 71, 29, 74, 54, 39, 56, 24, 55, 21, 102, 24, 17, 20, 29, 19, 19, 22, 27, 23, 19, 17, 24, 13, 25, 21, 32, 36, 33, 31, 31, 23, 31, 32, 25, 36, 8, 22, 35, 34, 30, 16, 25, 33, 24, 20, 20, 24, 27, 28, 28, 17, 30, 28, 22, 26, 38, 25, 24, 32, 36, 22, 15, 23, 57, 57, 0], "scoring-beta-feature_frequency": [22, 9, 65, 77, 20, 79, 67, 27, 70, 50, 36, 50, 22, 47, 20, 91, 23, 17, 19, 25, 17, 19, 22, 27, 21, 17, 15, 23, 13, 24, 18, 30, 33, 31, 29, 29, 22, 30, 30, 24, 34, 5, 18, 33, 34, 28, 14, 24, 32, 23, 18, 17, 22, 26, 28, 26, 16, 27, 25, 21, 24, 35, 25, 22, 29, 34, 21, 15, 20, 55, 54, 0], "scoring-beta-escore": 0.8983706868630076, "sparsity": 1.0, "black_box": "data/churn"}}, {"scoring": "fidelity", "coverage": 1.0, "sparsity": 1.0, "alpha": 0.5, "beta": 90.0, "gamma": -1.0, "max_len": -1.0, "results": {"alpha": 0.5, "beta": 90.0, "gamma": 221, "max_len": Infinity, "scoring": "fidelity", "scoring-fidelities": 0.8726960994427775, "beta-scoring-fidelity": 0.8726960994427775, "beta-scoring-rule_nr": 202, "mean_length": 10.339366515837105, "std_length": 16.401570876001717, "coverage": 1.0, "beta-scoring-coverage": 1.0, "mean-beta-scoring-length": 10.470297029702971, "std-beta-scoring-length": 16.751580652798676, "mean_prediction": 0.4750053745524239, "std-scoring-prediction": 0.4750053745524239, "rule_reduction-alpha-scoring": 1.0, "rule_reduction-beta-scoring": 0.9140271493212669, "len_reduction-beta-scoring": 1.012663301341075, "simplicity-beta-scoring": 0.925601750547046, "feature_frequency": [26, 14, 69, 83, 25, 88, 71, 29, 74, 54, 39, 56, 24, 55, 21, 102, 24, 17, 20, 29, 19, 19, 22, 27, 23, 19, 17, 24, 13, 25, 21, 32, 36, 33, 31, 31, 23, 31, 32, 25, 36, 8, 22, 35, 34, 30, 16, 25, 33, 24, 20, 20, 24, 27, 28, 28, 17, 30, 28, 22, 26, 38, 25, 24, 32, 36, 22, 15, 23, 57, 57, 0], "scoring-beta-feature_frequency": [22, 9, 65, 77, 20, 79, 67, 27, 70, 50, 36, 50, 22, 47, 20, 91, 23, 17, 19, 25, 17, 19, 22, 27, 21, 17, 15, 23, 13, 24, 18, 30, 33, 31, 29, 29, 22, 30, 30, 24, 34, 5, 18, 33, 34, 28, 14, 24, 32, 23, 18, 17, 22, 26, 28, 26, 16, 27, 25, 21, 24, 35, 25, 22, 29, 34, 21, 15, 20, 55, 54, 0], "scoring-beta-escore": 0.8983706868630076, "sparsity": 1.0, "black_box": "data/churn"}}, {"scoring": "fidelity", "coverage": 1.0, "sparsity": 1.0, "alpha": 0.5, "beta": 99.0, "gamma": -1.0, "max_len": -1.0, "results": {"alpha": 0.5, "beta": 99.0, "gamma": 221, "max_len": Infinity, "scoring": "fidelity", "scoring-fidelities": 0.8726960994427775, "beta-scoring-fidelity": 0.8778396913844835, "beta-scoring-rule_nr": 3,