{"name": "compas.rf.fidelity", "runs": [{"scoring": "fidelity", "coverage": 1.0, "sparsity": 1.0, "alpha": 0.5, "beta": 0.0, "gamma": -1.0, "max_len": -1.0, "results": {"alpha": 0.5, "beta": 0.0, "gamma": 320, "max_len": Infinity, "scoring": "fidelity", "scoring-fidelities": 0.8697029702970297, "beta-scoring-fidelity": 0.8697029702970297, "beta-scoring-rule_nr": 320, "mean_length": 6.659375, "std_length": 3.7707226905959286, "coverage": 1.0, "beta-scoring-coverage": 1.0, "mean-beta-scoring-length": 6.659375, "std-beta-scoring-length": 3.7707226905959286, "mean_prediction": 0.4496092053105675, "std-scoring-prediction": 0.4496092053105675, "rule_reduction-alpha-scoring": 1.0, "rule_reduction-beta-scoring": 1.0, "len_reduction-beta-scoring": 1.0, "simplicity-beta-scoring": 1.0, "feature_frequency": [234, 227, 53, 155, 53, 171, 211, 44, 99, 59, 90, 41, 202, 24, 108, 70, 26, 68, 103, 93, 0], "scoring-beta-feature_frequency": [234, 227, 53, 155, 53, 171, 211, 44, 99, 59, 90, 41, 202, 24, 108, 70, 26, 68, 103, 93, 0], "scoring-beta-escore": 0.9303113747087481, "sparsity": 1.0, "black_box": "data/compas"}}, {"scoring": "fidelity", "coverage": 1.0, "sparsity": 1.0, "alpha": 0.5, "beta": 25.0, "gamma": -1.0, "max_len": -1.0, "results": {"alpha": 0.5, "beta": 25.0, "gamma": 320, "max_len": Infinity, "scoring": "fidelity", "scoring-fidelities": 0.8697029702970297, "beta-scoring-fidelity": 0.8697029702970297, "beta-scoring-rule_nr": 315, "mean_length": 6.659375, "std_length": 3.7707226905959286, "coverage": 1.0, "beta-scoring-coverage": 1.0, "mean-beta-scoring-length": 6.609523809523809, "std-beta-scoring-length": 3.7716450154341112, "mean_prediction": 0.4496092053105675, "std-scoring-prediction": 0.4496092053105675, "rule_reduction-alpha-scoring": 1.0, "rule_reduction-beta-scoring": 0.984375, "len_reduction-beta-scoring": 0.992514133762374, "simplicity-beta-scoring": 0.9770061004223368, "feature_frequency": [234, 227, 53, 155, 53, 171, 211, 44, 99, 59, 90, 41, 202, 24, 108, 70, 26, 68, 103, 93, 0], "scoring-beta-feature_frequency": [230, 222, 52, 150, 53, 166, 207, 43, 95, 59, 86, 41, 199, 24, 106, 67, 26, 64, 102, 90, 0], "scoring-beta-escore": 0.920237108278924, "sparsity": 1.0, "black_box": "data/compas"}}, {"scoring": "fidelity", "coverage": 1.0, "sparsity": 1.0, "alpha": 0.5, "beta": 50.0, "gamma": -1.0, "max_len": -1.0, "results": {"alpha": 0.5, "beta": 50.0, "gamma": 320, "max_len": Infinity, "scoring": "fidelity", "scoring-fidelities": 0.8697029702970297, "beta-scoring-fidelity": 0.8699009900990099, "beta-scoring-rule_nr": 160, "mean_length": 6.659375, "std_length": 3.7707226905959286, "coverage": 1.0, "beta-scoring-coverage": 0.27702970297029705, "mean-beta-scoring-length": 6.23125, "std-beta-scoring-length": 2.074312762699974, "mean_prediction": 0.4496092053105675, "std-scoring-prediction": 0.4496092053105675, "rule_reduction-alpha-scoring": 1.0, "rule_reduction-beta-scoring": 0.5, "len_reduction-beta-scoring": 0.9357109338338808, "simplicity-beta-scoring": 0.4678554669169404, "feature_frequency": [234, 227, 53, 155, 53, 171, 211, 44, 99, 59, 90, 41, 202, 24, 108, 70, 26, 68, 103, 93, 0], "scoring-beta-feature_frequency": [126, 143, 20, 78, 30, 95, 128, 7, 45, 41, 34, 0, 108, 1, 37, 17, 3, 12, 34, 38, 0], "scoring-beta-escore": 0.6084634191220778, "sparsity": 1.0, "black_box": "data/compas"}}, {"scoring": "fidelity", "coverage": 1.0, "sparsity": 1.0, "alpha": 0.5, "beta": 75.0, "gamma": -1.0, "max_len": -1.0, "results": {"alpha": 0.5, "beta": 75.0, "gamma": 320, "max_len": Infinity, "scoring": "fidelity", "scoring-fidelities": 0.8697029702970297, "beta-scoring-fidelity": 0.8778217821782178, "beta-scoring-rule_nr": 81, "mean_length": 6.659375, "std_length": 3.7707226905959286, "coverage": 1.0, "beta-scoring-coverage": 0.2623762376237624, "mean-beta-scoring-length": 6.333333333333333, "std-beta-scoring-length": 1.8392161508052056, "mean_prediction": 0.4496092053105675, "std-scoring-prediction": 0.4496092053105675, "rule_reduction-alpha-scoring": 1.0, "rule_reduction-beta-scoring": 0.253125, "len_reduction-beta-scoring": 0.9510402002189895, "simplicity-beta-scoring": 0.24073205068043171, "feature_frequency": [234, 227, 53, 155, 53, 171, 211, 44, 99, 59, 90, 41, 202, 24, 108, 70, 26, 68, 103, 93, 0], "scoring-beta-feature_frequency": [61, 69, 5, 39, 7, 57, 64, 2, 27, 13, 22, 0, 59, 1, 21, 8, 1, 6, 24, 27, 0], "scoring-beta-escore": 0.37784473406282254, "sparsity": 1.0, "black_box": "data/compas"}}, {"scoring": "fidelity", "coverage": 1.0, "sparsity": 1.0, "alpha": 0.5, "beta": 90.0, "gamma": -1.0, "max_len": -1.0, "results": {"alpha": 0.5, "beta": 90.0, "gamma": 320, "max_len": Infinity, "scoring": "fidelity", "scoring-fidelities": 0.8697029702970297, "beta-scoring-fidelity": 0.8869306930693069, "beta-scoring-rule_nr": 32, "mean_length": 6.659375, "std_length": 3.7707226905959286, "coverage": 1.0, "beta-scoring-coverage": 0.2025742574257426, "mean-beta-scoring-length": 6.21875, "std-beta-scoring-length": 1.6342883581241103, "mean_prediction": 0.4496092053105675, "std-scoring-prediction": 0.4496092053105675, "rule_reduction-alpha-scoring": 1.0, "rule_reduction-beta-scoring": 0.1, "len_reduction-beta-scoring": 0.9338338808071328, "simplicity-beta-scoring": 0.09338338808071328, "feature_frequency": [234, 227, 53, 155, 53, 171, 211, 44, 99, 59, 90, 41, 202, 24, 108, 70, 26, 68, 103, 93, 0], "scoring-beta-feature_frequency": [22, 32, 1, 10, 0, 24, 22, 0, 13, 0, 11, 0, 28, 0, 7, 3, 0, 1, 11, 14, 0], "scoring-beta-escore": 0.168975626697975, "sparsity": 1.0, "black_box": "data/compas"}}, {"scoring": "fidelity", "coverage": 1.0, "sparsity": 1.0, "alpha": 0.5, "beta": 99.0, "gamma": -1.0, "max_len": -1.0, "results": {"alpha": 0.5, "beta": 99.0, "gamma": 320, "max_len": Infinity, "scoring": "fidelity", "scoring-fidelities": 0.8697029702970297, "beta-scoring-fidelity": 0.8756435643564356, "beta-scoring-rule_nr": 4, "mean_length": 6.659375, "std_length": 3.7707226905959286, "coverage": 1.0, "beta-scoring-coverage": 0.1607920792079208, "mean-beta-scoring-length": 8.0, "std-beta-scoring-length": 2.5495097567963922, "mean_prediction": 0.4496092053105675, "std-scoring-prediction": 0.4496092053105675, "rule_reduction-alpha-scoring": 1.0, "rule_reduction-beta-scoring": 0.0125, "len_reduction-beta-scoring": 1.2013139371187236, "simplicity-beta-scoring": 0.015016424213984046, "feature_frequency": [234, 227, 53, 155, 53, 171, 211, 44, 99, 59, 90, 41, 202, 24, 108, 70, 26, 68, 103, 93, 0], "scoring-beta-feature_frequency": [2, 4, 0, 2, 0, 3, 2, 0, 4, 0, 4, 0, 3, 0, 3, 1, 0, 0, 2, 2, 0], "scoring-beta-escore": 0.02952649808312716, "sparsity": 1.0, "black_box": "data/compas"}}]}