{"name": "compas.cpar.rf.r2", "runs": [{"scoring": "r2", "coverage": 1.0, "sparsity": 1.0, "alpha": 0.5, "beta": 0.0, "gamma": -1.0, "max_len": -1.0, "results": {"alpha": 0.5, "beta": 0.0, "gamma": 44, "max_len": Infinity, "scoring": "r2", "scoring-fidelities": 0.8166336633663367, "beta-scoring-fidelity": 0.9087128712871287, "beta-scoring-rule_nr": 44, "mean_length": 2.772727272727273, "std_length": 1.0630923239569545, "coverage": 1.0, "beta-scoring-coverage": 0.7801980198019802, "mean-beta-scoring-length": 2.772727272727273, "std-beta-scoring-length": 1.0630923239569545, "mean_prediction": 0.4657704893617999, "std-scoring-prediction": 0.0, "rule_reduction-alpha-scoring": 0.045454545454545456, "rule_reduction-beta-scoring": 1.0, "len_reduction-beta-scoring": 1.0, "simplicity-beta-scoring": 1.0, "feature_frequency": [18, 31, 1, 5, 3, 14, 8, 5, 3, 8, 2, 2, 13, 1, 3, 1, 0, 0, 2, 2, 0], "scoring-beta-feature_frequency": [18, 31, 1, 5, 3, 14, 8, 5, 3, 8, 2, 2, 13, 1, 3, 1, 0, 0, 2, 2, 0], "scoring-beta-escore": 0.9521734619773835, "sparsity": 1.0, "black_box": "data/compas"}}, {"scoring": "r2", "coverage": 1.0, "sparsity": 1.0, "alpha": 0.5, "beta": 25.0, "gamma": -1.0, "max_len": -1.0, "results": {"alpha": 0.5, "beta": 25.0, "gamma": 44, "max_len": Infinity, "scoring": "r2", "scoring-fidelities": 0.8166336633663367, "beta-scoring-fidelity": 0.8978217821782178, "beta-scoring-rule_nr": 33, "mean_length": 2.772727272727273, "std_length": 1.0630923239569545, "coverage": 1.0, "beta-scoring-coverage": 0.766930693069307, "mean-beta-scoring-length": 2.5757575757575757, "std-beta-scoring-length": 1.0739421301011727, "mean_prediction": 0.4657704893617999, "std-scoring-prediction": 0.0, "rule_reduction-alpha-scoring": 0.045454545454545456, "rule_reduction-beta-scoring": 0.75, "len_reduction-beta-scoring": 0.9289617486338797, "simplicity-beta-scoring": 0.6967213114754098, "feature_frequency": [18, 31, 1, 5, 3, 14, 8, 5, 3, 8, 2, 2, 13, 1, 3, 1, 0, 0, 2, 2, 0], "scoring-beta-feature_frequency": [11, 20, 1, 4, 2, 12, 5, 3, 3, 5, 2, 2, 9, 0, 1, 1, 0, 0, 2, 2, 0], "scoring-beta-escore": 0.7845903595080609, "sparsity": 1.0, "black_box": "data/compas"}}, {"scoring": "r2", "coverage": 1.0, "sparsity": 1.0, "alpha": 0.5, "beta": 50.0, "gamma": -1.0, "max_len": -1.0, "results": {"alpha": 0.5, "beta": 50.0, "gamma": 44, "max_len": Infinity, "scoring": "r2", "scoring-fidelities": 0.8166336633663367, "beta-scoring-fidelity": 0.8916831683168317, "beta-scoring-rule_nr": 22, "mean_length": 2.772727272727273, "std_length": 1.0630923239569545, "coverage": 1.0, "beta-scoring-coverage": 0.743960396039604, "mean-beta-scoring-length": 2.5454545454545454, "std-beta-scoring-length": 1.0756508696544758, "mean_prediction": 0.4657704893617999, "std-scoring-prediction": 0.0, "rule_reduction-alpha-scoring": 0.045454545454545456, "rule_reduction-beta-scoring": 0.5, "len_reduction-beta-scoring": 0.9180327868852458, "simplicity-beta-scoring": 0.4590163934426229, "feature_frequency": [18, 31, 1, 5, 3, 14, 8, 5, 3, 8, 2, 2, 13, 1, 3, 1, 0, 0, 2, 2, 0], "scoring-beta-feature_frequency": [3, 15, 0, 4, 0, 7, 3, 3, 3, 4, 1, 1, 9, 0, 1, 0, 0, 0, 1, 1, 0], "scoring-beta-escore": 0.606052157862734, "sparsity": 1.0, "black_box": "data/compas"}}, {"scoring": "r2", "coverage": 1.0, "sparsity": 1.0, "alpha": 0.5, "beta": 75.0, "gamma": -1.0, "max_len": -1.0, "results": {"alpha": 0.5, "beta": 75.0, "gamma": 44, "max_len": Infinity, "scoring": "r2", "scoring-fidelities": 0.8166336633663367, "beta-scoring-fidelity": 0.8166336633663367, "beta-scoring-rule_nr": 11, "mean_length": 2.772727272727273, "std_length": 1.0630923239569545, "coverage": 1.0, "beta-scoring-coverage": 0.6213861386138614, "mean-beta-scoring-length": 2.6363636363636362, "std-beta-scoring-length": 0.642824346533225, "mean_prediction": 0.4657704893617999, "std-scoring-prediction": 0.0, "rule_reduction-alpha-scoring": 0.045454545454545456, "rule_reduction-beta-scoring": 0.25, "len_reduction-beta-scoring": 0.9508196721311474, "simplicity-beta-scoring": 0.23770491803278684, "feature_frequency": [18, 31, 1, 5, 3, 14, 8, 5, 3, 8, 2, 2, 13, 1, 3, 1, 0, 0, 2, 2, 0], "scoring-beta-feature_frequency": [0, 6, 0, 4, 0, 4, 0, 2, 1, 4, 0, 0, 6, 0, 0, 0, 0, 0, 1, 1, 0], "scoring-beta-escore": 0.3682267564480324, "sparsity": 1.0, "black_box": "data/compas"}}, {"scoring": "r2", "coverage": 1.0, "sparsity": 1.0, "alpha": 0.5, "beta": 90.0, "gamma": -1.0, "max_len": -1.0, "results": {"alpha": 0.5, "beta": 90.0, "gamma": 44, "max_len": Infinity, "scoring": "r2", "scoring-fidelities": 0.8166336633663367, "beta-scoring-fidelity": 0.8166336633663367, "beta-scoring-rule_nr": 5, "mean_length": 2.772727272727273, "std_length": 1.0630923239569545, "coverage": 1.0, "beta-scoring-coverage": 0.5968316831683168, "mean-beta-scoring-length": 2.2, "std-beta-scoring-length": 0.7483314773547882, "mean_prediction": 0.4657704893617999, "std-scoring-prediction": 0.0, "rule_reduction-alpha-scoring": 0.045454545454545456, "rule_reduction-beta-scoring": 0.11363636363636363, "len_reduction-beta-scoring": 0.7934426229508197, "simplicity-beta-scoring": 0.09016393442622951, "feature_frequency": [18, 31, 1, 5, 3, 14, 8, 5, 3, 8, 2, 2, 13, 1, 3, 1, 0, 0, 2, 2, 0], "scoring-beta-feature_frequency": [0, 4, 0, 2, 0, 0, 0, 0, 1, 3, 0, 0, 1, 0, 0, 0, 0, 0, 0, 0, 0], "scoring-beta-escore": 0.1623976601906644, "sparsity": 1.0, "black_box": "data/compas"}}, {"scoring": "r2", "coverage": 1.0, "sparsity": 1.0, "alpha": 0.5, "beta": 99.0, "gamma": -1.0, "max_len": -1.0, "results": {"alpha": 0.5, "beta": 99.0, "gamma": 44, "max_len": Infinity, "scoring": "r2", "scoring-fidelities": 0.8166336633663367, "beta-scoring-fidelity": 0.8166336633663367, "beta-scoring-rule_nr": 1, "mean_length": 2.772727272727273, "std_length": 1.0630923239569545, "coverage": 1.0, "beta-scoring-coverage": 0.2958415841584158, "mean-beta-scoring-length": 1.0, "std-beta-scoring-length": 0.0, "mean_prediction": 0.4657704893617999, "std-scoring-prediction": 0.0, "rule_reduction-alpha-scoring": 0.045454545454545456, "rule_reduction-beta-scoring": 0.022727272727272728, "len_reduction-beta-scoring": 0.360655737704918, "simplicity-beta-scoring": 0.008196721311475409, "feature_frequency": [18, 31, 1, 5, 3, 14, 8, 5, 3, 8, 2, 2, 13, 1, 3, 1, 0, 0, 2, 2, 0], "scoring-beta-feature_frequency": [0, 1, 0, 0, 0, 0, 0, 0, 0, 0, 0, 0, 0, 0, 0, 0, 0, 0, 0, 0, 0], "scoring-beta-escore": 0.016230533395778644, "sparsity": 1.0, "black_box": "data/compas"}}]}