{"name": "compas.cpar.dnn.r2", "runs": [{"scoring": "r2", "coverage": 1.0, "sparsity": 1.0, "alpha": 0.5, "beta": 0.0, "gamma": -1.0, "max_len": -1.0, "results": {"alpha": 0.5, "beta": 0.0, "gamma": 2247, "max_len": Infinity, "scoring": "r2", "scoring-fidelities": 0.6376237623762376, "beta-scoring-fidelity": 0.6362376237623762, "beta-scoring-rule_nr": 2247, "mean_length": 3.088117489986649, "std_length": 1.3178708565572024, "coverage": 1.0, "beta-scoring-coverage": 1.0, "mean-beta-scoring-length": 3.088117489986649, "std-beta-scoring-length": 1.3178708565572024, "mean_prediction": 611.9349890797196, "std-scoring-prediction": NaN, "rule_reduction-alpha-scoring": 0.0, "rule_reduction-beta-scoring": 1.0, "len_reduction-beta-scoring": 1.0, "simplicity-beta-scoring": 1.0, "feature_frequency": [145, 866, 495, 451, 277, 451, 858, 0, 524, 460, 472, 0, 0, 14, 750, 224, 11, 119, 0, 822, 0], "scoring-beta-feature_frequency": [145, 866, 495, 451, 277, 451, 858, 0, 524, 460, 472, 0, 0, 14, 750, 224, 11, 119, 0, 822, 0], "scoring-beta-escore": 0.7776836500060511, "sparsity": 1.0, "black_box": "data/compas"}}, {"scoring": "r2", "coverage": 1.0, "sparsity": 1.0, "alpha": 0.5, "beta": 25.0, "gamma": -1.0, "max_len": -1.0, "results": {"alpha": 0.5, "beta": 25.0, "gamma": 2247, "max_len": Infinity, "scoring": "r2", "scoring-fidelities": 0.6376237623762376, "beta-scoring-fidelity": 0.6376237623762376, "beta-scoring-rule_nr": 1686, "mean_length": 3.088117489986649, "std_length": 1.3178708565572024, "coverage": 1.0, "beta-scoring-coverage": 1.0, "mean-beta-scoring-length": 2.666073546856465, "std-beta-scoring-length": 1.1342294814261762, "mean_prediction": 611.9349890797196, "std-scoring-prediction": NaN, "rule_reduction-alpha-scoring": 0.0, "rule_reduction-beta-scoring": 0.7503337783711616, "len_reduction-beta-scoring": 0.8633329384329841, "simplicity-beta-scoring": 0.6477878656866983, "feature_frequency": [145, 866, 495, 451, 277, 451, 858, 0, 524, 460, 472, 0, 0, 14, 750, 224, 11, 119, 0, 822, 0], "scoring-beta-feature_frequency": [97, 599, 288, 317, 144, 296, 616, 0, 315, 307, 242, 0, 0, 0, 557, 113, 0, 44, 0, 560, 0], "scoring-beta-escore": 0.6426656288511529, "sparsity": 1.0, "black_box": "data/compas"}}, {"scoring": "r2", "coverage": 1.0, "sparsity": 1.0, "alpha": 0.5, "beta": 50.0, "gamma": -1.0, "max_len": -1.0, "results": {"alpha": 0.5, "beta": 50.0, "gamma": 2247, "max_len": Infinity, "scoring": "r2", "scoring-fidelities": 0.6376237623762376, "beta-scoring-fidelity": 0.6376237623762376, "beta-scoring-rule_nr": 1124, "mean_length": 3.088117489986649, "std_length": 1.3178708565572024, "coverage": 1.0, "beta-scoring-coverage": 0.9992079207920792, "mean-beta-scoring-length": 2.1654804270462633, "std-beta-scoring-length": 0.8864442949509367, "mean_prediction": 611.9349890797196, "std-scoring-prediction": NaN, "rule_reduction-alpha-scoring": 0.0, "rule_reduction-beta-scoring": 0.5002225189141077, "len_reduction-beta-scoring": 0.701229935087614, "simplicity-beta-scoring": 0.35077100446750253, "feature_frequency": [145, 866, 495, 451, 277, 451, 858, 0, 524, 460, 472, 0, 0, 14, 750, 224, 11, 119, 0, 822, 0], "scoring-beta-feature_frequency": [41, 383, 114, 186, 49, 154, 383, 0, 152, 159, 114, 0, 0, 0, 342, 47, 0, 11, 0, 299, 0], "scoring-beta-escore": 0.45257205947230683, "sparsity": 1.0, "black_box": "data/compas"}}, {"scoring": "r2", "coverage": 1.0, "sparsity": 1.0, "alpha": 0.5, "beta": 75.0, "gamma": -1.0, "max_len": -1.0, "results": {"alpha": 0.5, "beta": 75.0, "gamma": 2247, "max_len": Infinity, "scoring": "r2", "scoring-fidelities": 0.6376237623762376, "beta-scoring-fidelity": 0.6376237623762376, "beta-scoring-rule_nr": 562, "mean_length": 3.088117489986649, "std_length": 1.3178708565572024, "coverage": 1.0, "beta-scoring-coverage": 0.9992079207920792, "mean-beta-scoring-length": 1.5587188612099645, "std-beta-scoring-length": 0.5573230973501675, "mean_prediction": 611.9349890797196, "std-scoring-prediction": NaN, "rule_reduction-alpha-scoring": 0.0, "rule_reduction-beta-scoring": 0.25011125945705387, "len_reduction-beta-scoring": 0.5047472663407969, "simplicity-beta-scoring": 0.12624297449200172, "feature_frequency": [145, 866, 495, 451, 277, 451, 858, 0, 524, 460, 472, 0, 0, 14, 750, 224, 11, 119, 0, 822, 0], "scoring-beta-feature_frequency": [22, 185, 25, 49, 14, 45, 191, 0, 39, 45, 13, 0, 0, 0, 139, 9, 0, 0, 0, 100, 0], "scoring-beta-escore": 0.21075801964928953, "sparsity": 1.0, "black_box": "data/compas"}}, {"scoring": "r2", "coverage": 1.0, "sparsity": 1.0, "alpha": 0.5, "beta": 90.0, "gamma": -1.0, "max_len": -1.0, "results": {"alpha": 0.5, "beta": 90.0, "gamma": 2247, "max_len": Infinity, "scoring": "r2", "scoring-fidelities": 0.6376237623762376, "beta-scoring-fidelity": 0.6376237623762376, "beta-scoring-rule_nr": 227, "mean_length": 3.088117489986649, "std_length": 1.3178708565572024, "coverage": 1.0, "beta-scoring-coverage": 0.9659405940594059, "mean-beta-scoring-length": 1.0, "std-beta-scoring-length": 0.0, "mean_prediction": 611.9349890797196, "std-scoring-prediction": NaN, "rule_reduction-alpha-scoring": 0.0, "rule_reduction-beta-scoring": 0.10102358700489542, "len_reduction-beta-scoring": 0.3238218763510592, "simplicity-beta-scoring": 0.03271364749963971, "feature_frequency": [145, 866, 495, 451, 277, 451, 858, 0, 524, 460, 472, 0, 0, 14, 750, 224, 11, 119, 0, 822, 0], "scoring-beta-feature_frequency": [22, 50, 8, 0, 0, 0, 50, 0, 12, 24, 0, 0, 0, 0, 33, 0, 0, 0, 0, 28, 0], "scoring-beta-escore": 0.06223432764593167, "sparsity": 1.0, "black_box": "data/compas"}}, {"scoring": "r2", "coverage": 1.0, "sparsity": 1.0, "alpha": 0.5, "beta": 99.0, "gamma": -1.0, "max_len": -1.0, "results": {"alpha": 0.5, "beta": 99.0, "gamma": 2247, "max_len": Infinity, "scoring": "r2", "scoring-fidelities": 0.6376237623762376, "beta-scoring-fidelity": 0.6376237623762376, "beta-scoring-rule_nr": 72, "mean_length": 3.088117489986649, "std_length": 1.3178708565572024, "coverage": 1.0, "beta-scoring-coverage": 0.7047524752475247, "mean-beta-scoring-length": 1.0, "std-beta-scoring-length": 0.0, "mean_prediction": 611.9349890797196, "std-scoring-prediction": NaN, "rule_reduction-alpha-scoring": 0.0, "rule_reduction-beta-scoring": 0.03204272363150868, "len_reduction-beta-scoring": 0.3238218763510592, "simplicity-beta-scoring": 0.010376134889753566, "feature_frequency": [145, 866, 495, 451, 277, 451, 858, 0, 524, 460, 472, 0, 0, 14, 750, 224, 11, 119, 0, 822, 0], "scoring-beta-feature_frequency": [22, 0, 0, 0, 0, 0, 50, 0, 0, 0, 0, 0, 0, 0, 0, 0, 0, 0, 0, 0, 0], "scoring-beta-escore": 0.020419972889632265, "sparsity": 1.0, "black_box": "data/compas"}}]}