{"name": "compas.rf.r2", "runs": [{"scoring": "r2", "coverage": 1.0, "sparsity": 1.0, "alpha": 0.5, "beta": 0.0, "gamma": -1.0, "max_len": -1.0, "results": {"alpha": 0.5, "beta": 0.0, "gamma": 320, "max_len": Infinity, "scoring": "r2", "scoring-fidelities": 0.8166336633663367, "beta-scoring-fidelity": 0.8407920792079208, "beta-scoring-rule_nr": 320, "mean_length": 6.659375, "std_length": 3.7707226905959286, "coverage": 1.0, "beta-scoring-coverage": 1.0, "mean-beta-scoring-length": 6.659375, "std-beta-scoring-length": 3.7707226905959286, "mean_prediction": 0.4496092053105675, "std-scoring-prediction": 0.0, "rule_reduction-alpha-scoring": 0.009375, "rule_reduction-beta-scoring": 1.0, "len_reduction-beta-scoring": 1.0, "simplicity-beta-scoring": 1.0, "feature_frequency": [234, 227, 53, 155, 53, 171, 211, 44, 99, 59, 90, 41, 202, 24, 108, 70, 26, 68, 103, 93, 0], "scoring-beta-feature_frequency": [234, 227, 53, 155, 53, 171, 211, 44, 99, 59, 90, 41, 202, 24, 108, 70, 26, 68, 103, 93, 0], "scoring-beta-escore": 0.9135111876075731, "sparsity": 1.0, "black_box": "data/compas"}}, {"scoring": "r2", "coverage": 1.0, "sparsity": 1.0, "alpha": 0.5, "beta": 25.0, "gamma": -1.0, "max_len": -1.0, "results": {"alpha": 0.5, "beta": 25.0, "gamma": 320, "max_len": Infinity, "scoring": "r2", "scoring-fidelities": 0.8166336633663367, "beta-scoring-fidelity": 0.8407920792079208, "beta-scoring-rule_nr": 240, "mean_length": 6.659375, "std_length": 3.7707226905959286, "coverage": 1.0, "beta-scoring-coverage": 1.0, "mean-beta-scoring-length": 5.0625, "std-beta-scoring-length": 2.658369252630893, "mean_prediction": 0.4496092053105675, "std-scoring-prediction": 0.0, "rule_reduction-alpha-scoring": 0.009375, "rule_reduction-beta-scoring": 0.75, "len_reduction-beta-scoring": 0.7602064758329423, "simplicity-beta-scoring": 0.5701548568747068, "feature_frequency": [234, 227, 53, 155, 53, 171, 211, 44, 99, 59, 90, 41, 202, 24, 108, 70, 26, 68, 103, 93, 0], "scoring-beta-feature_frequency": [165, 162, 30, 94, 34, 109, 162, 9, 47, 47, 42, 4, 133, 3, 46, 21, 3, 17, 40, 47, 0], "scoring-beta-escore": 0.6795176704705014, "sparsity": 1.0, "black_box": "data/compas"}}, {"scoring": "r2", "coverage": 1.0, "sparsity": 1.0, "alpha": 0.5, "beta": 50.0, "gamma": -1.0, "max_len": -1.0, "results": {"alpha": 0.5, "beta": 50.0, "gamma": 320, "max_len": Infinity, "scoring": "r2", "scoring-fidelities": 0.8166336633663367, "beta-scoring-fidelity": 0.8407920792079208, "beta-scoring-rule_nr": 160, "mean_length": 6.659375, "std_length": 3.7707226905959286, "coverage": 1.0, "beta-scoring-coverage": 1.0, "mean-beta-scoring-length": 4.4125, "std-beta-scoring-length": 2.518401030415926, "mean_prediction": 0.4496092053105675, "std-scoring-prediction": 0.0, "rule_reduction-alpha-scoring": 0.009375, "rule_reduction-beta-scoring": 0.5, "len_reduction-beta-scoring": 0.6625997184420459, "simplicity-beta-scoring": 0.33129985922102295, "feature_frequency": [234, 227, 53, 155, 53, 171, 211, 44, 99, 59, 90, 41, 202, 24, 108, 70, 26, 68, 103, 93, 0], "scoring-beta-feature_frequency": [99, 91, 14, 52, 8, 71, 98, 4, 27, 19, 28, 0, 85, 1, 27, 10, 1, 7, 31, 33, 0], "scoring-beta-escore": 0.47531134434574435, "sparsity": 1.0, "black_box": "data/compas"}}, {"scoring": "r2", "coverage": 1.0, "sparsity": 1.0, "alpha": 0.5, "beta": 75.0, "gamma": -1.0, "max_len": -1.0, "results": {"alpha": 0.5, "beta": 75.0, "gamma": 320, "max_len": Infinity, "scoring": "r2", "scoring-fidelities": 0.8166336633663367, "beta-scoring-fidelity": 0.8407920792079208, "beta-scoring-rule_nr": 82, "mean_length": 6.659375, "std_length": 3.7707226905959286, "coverage": 1.0, "beta-scoring-coverage": 1.0, "mean-beta-scoring-length": 2.8536585365853657, "std-beta-scoring-length": 1.8153945430174048, "mean_prediction": 0.4496092053105675, "std-scoring-prediction": 0.0, "rule_reduction-alpha-scoring": 0.009375, "rule_reduction-beta-scoring": 0.25625, "len_reduction-beta-scoring": 0.42851747147222763, "simplicity-beta-scoring": 0.10980760206475831, "feature_frequency": [234, 227, 53, 155, 53, 171, 211, 44, 99, 59, 90, 41, 202, 24, 108, 70, 26, 68, 103, 93, 0], "scoring-beta-feature_frequency": [40, 31, 6, 16, 1, 19, 31, 2, 6, 4, 12, 0, 31, 0, 11, 3, 0, 0, 8, 13, 0], "scoring-beta-escore": 0.19424656639744997, "sparsity": 1.0, "black_box": "data/compas"}}, {"scoring": "r2", "coverage": 1.0, "sparsity": 1.0, "alpha": 0.5, "beta": 90.0, "gamma": -1.0, "max_len": -1.0, "results": {"alpha": 0.5, "beta": 90.0, "gamma": 320, "max_len": Infinity, "scoring": "r2", "scoring-fidelities": 0.8166336633663367, "beta-scoring-fidelity": 0.8166336633663367, "beta-scoring-rule_nr": 32, "mean_length": 6.659375, "std_length": 3.7707226905959286, "coverage": 1.0, "beta-scoring-coverage": 0.9417821782178217, "mean-beta-scoring-length": 1.90625, "std-beta-scoring-length": 0.2914805954090255, "mean_prediction": 0.4496092053105675, "std-scoring-prediction": 0.0, "rule_reduction-alpha-scoring": 0.009375, "rule_reduction-beta-scoring": 0.1, "len_reduction-beta-scoring": 0.2862505865790709, "simplicity-beta-scoring": 0.02862505865790709, "feature_frequency": [234, 227, 53, 155, 53, 171, 211, 44, 99, 59, 90, 41, 202, 24, 108, 70, 26, 68, 103, 93, 0], "scoring-beta-feature_frequency": [7, 12, 1, 9, 0, 7, 9, 0, 0, 2, 0, 0, 9, 0, 1, 0, 0, 0, 2, 2, 0], "scoring-beta-escore": 0.05531131689455069, "sparsity": 1.0, "black_box": "data/compas"}}, {"scoring": "r2", "coverage": 1.0, "sparsity": 1.0, "alpha": 0.5, "beta": 99.0, "gamma": -1.0, "max_len": -1.0, "results": {"alpha": 0.5, "beta": 99.0, "gamma": 320, "max_len": Infinity, "scoring": "r2", "scoring-fidelities": 0.8166336633663367, "beta-scoring-fidelity": 0.8166336633663367, "beta-scoring-rule_nr": 5, "mean_length": 6.659375, "std_length": 3.7707226905959286, "coverage": 1.0, "beta-scoring-coverage": 0.8196039603960396, "mean-beta-scoring-length": 1.6, "std-beta-scoring-length": 0.4898979485566356, "mean_prediction": 0.4496092053105675, "std-scoring-prediction": 0.0, "rule_reduction-alpha-scoring": 0.009375, "rule_reduction-beta-scoring": 0.015625, "len_reduction-beta-scoring": 0.24026278742374474, "simplicity-beta-scoring": 0.0037541060534960115, "feature_frequency": [234, 227, 53, 155, 53, 171, 211, 44, 99, 59, 90, 41, 202, 24, 108, 70, 26, 68, 103, 93, 0], "scoring-beta-feature_frequency": [0, 3, 0, 2, 0, 2, 0, 0, 0, 1, 0, 0, 0, 0, 0, 0, 0, 0, 0, 0, 0], "scoring-beta-escore": 0.007473854422038084, "sparsity": 1.0, "black_box": "data/compas"}}]}