{"name": "compas.rf.coverage", "runs": [{"scoring": "coverage", "coverage": 1.0, "sparsity": 1.0, "alpha": 0.5, "beta": 0.0, "gamma": -1.0, "max_len": -1.0, "results": {"alpha": 0.5, "beta": 0.0, "gamma": 320, "max_len": Infinity, "scoring": "coverage", "scoring-fidelities": 0.8166336633663367, "beta-scoring-fidelity": 0.8407920792079208, "beta-scoring-rule_nr": 320, "mean_length": 6.659375, "std_length": 3.7707226905959286, "coverage": 1.0, "beta-scoring-coverage": 1.0, "mean-beta-scoring-length": 6.659375, "std-beta-scoring-length": 3.7707226905959286, "mean_prediction": 0.4496092053105675, "std-scoring-prediction": 0.0, "rule_reduction-alpha-scoring": 0.015625, "rule_reduction-beta-scoring": 1.0, "len_reduction-beta-scoring": 1.0, "simplicity-beta-scoring": 1.0, "feature_frequency": [234, 227, 53, 155, 53, 171, 211, 44, 99, 59, 90, 41, 202, 24, 108, 70, 26, 68, 103, 93, 0], "scoring-beta-feature_frequency": [234, 227, 53, 155, 53, 171, 211, 44, 99, 59, 90, 41, 202, 24, 108, 70, 26, 68, 103, 93, 0], "scoring-beta-escore": 0.9135111876075731, "sparsity": 1.0, "black_box": "data/compas"}}, {"scoring": "coverage", "coverage": 1.0, "sparsity": 1.0, "alpha": 0.5, "beta": 25.0, "gamma": -1.0, "max_len": -1.0, "results": {"alpha": 0.5, "beta": 25.0, "gamma": 320, "max_len": Infinity, "scoring": "coverage", "scoring-fidelities": 0.8166336633663367, "beta-scoring-fidelity": 0.8407920792079208, "beta-scoring-rule_nr": 240, "mean_length": 6.659375, "std_length": 3.7707226905959286, "coverage": 1.0, "beta-scoring-coverage": 1.0, "mean-beta-scoring-length": 5.083333333333333, "std-beta-scoring-length": 2.6679684322636867, "mean_prediction": 0.4496092053105675, "std-scoring-prediction": 0.0, "rule_reduction-alpha-scoring": 0.015625, "rule_reduction-beta-scoring": 0.75, "len_reduction-beta-scoring": 0.7633348975441889, "simplicity-beta-scoring": 0.5725011731581418, "feature_frequency": [234, 227, 53, 155, 53, 171, 211, 44, 99, 59, 90, 41, 202, 24, 108, 70, 26, 68, 103, 93, 0], "scoring-beta-feature_frequency": [165, 160, 31, 96, 36, 109, 162, 10, 47, 45, 42, 6, 133, 3, 46, 20, 3, 17, 42, 47, 0], "scoring-beta-escore": 0.6811812777323448, "sparsity": 1.0, "black_box": "data/compas"}}, {"scoring": "coverage", "coverage": 1.0, "sparsity": 1.0, "alpha": 0.5, "beta": 50.0, "gamma": -1.0, "max_len": -1.0, "results": {"alpha": 0.5, "beta": 50.0, "gamma": 320, "max_len": Infinity, "scoring": "coverage", "scoring-fidelities": 0.8166336633663367, "beta-scoring-fidelity": 0.8407920792079208, "beta-scoring-rule_nr": 163, "mean_length": 6.659375, "std_length": 3.7707226905959286, "coverage": 1.0, "beta-scoring-coverage": 1.0, "mean-beta-scoring-length": 4.54601226993865, "std-beta-scoring-length": 2.6473796605953805, "mean_prediction": 0.4496092053105675, "std-scoring-prediction": 0.0, "rule_reduction-alpha-scoring": 0.015625, "rule_reduction-beta-scoring": 0.509375, "len_reduction-beta-scoring": 0.6826484872737533, "simplicity-beta-scoring": 0.3477240732050681, "feature_frequency": [234, 227, 53, 155, 53, 171, 211, 44, 99, 59, 90, 41, 202, 24, 108, 70, 26, 68, 103, 93, 0], "scoring-beta-feature_frequency": [102, 92, 15, 53, 10, 73, 101, 5, 30, 19, 30, 1, 87, 2, 29, 13, 2, 10, 33, 34, 0], "scoring-beta-escore": 0.4919809392698016, "sparsity": 1.0, "black_box": "data/compas"}}, {"scoring": "coverage", "coverage": 1.0, "sparsity": 1.0, "alpha": 0.5, "beta": 75.0, "gamma": -1.0, "max_len": -1.0, "results": {"alpha": 0.5, "beta": 75.0, "gamma": 320, "max_len": Infinity, "scoring": "coverage", "scoring-fidelities": 0.8166336633663367, "beta-scoring-fidelity": 0.8407920792079208, "beta-scoring-rule_nr": 81, "mean_length": 6.659375, "std_length": 3.7707226905959286, "coverage": 1.0, "beta-scoring-coverage": 1.0, "mean-beta-scoring-length": 2.6296296296296298, "std-beta-scoring-length": 1.66625509321511, "mean_prediction": 0.4496092053105675, "std-scoring-prediction": 0.0, "rule_reduction-alpha-scoring": 0.015625, "rule_reduction-beta-scoring": 0.253125, "len_reduction-beta-scoring": 0.3948763404418027, "simplicity-beta-scoring": 0.0999530736743313, "feature_frequency": [234, 227, 53, 155, 53, 171, 211, 44, 99, 59, 90, 41, 202, 24, 108, 70, 26, 68, 103, 93, 0], "scoring-beta-feature_frequency": [39, 25, 6, 15, 2, 15, 32, 2, 5, 4, 11, 0, 25, 0, 11, 4, 0, 2, 7, 8, 0], "scoring-beta-escore": 0.1786663526894245, "sparsity": 1.0, "black_box": "data/compas"}}, {"scoring": "coverage", "coverage": 1.0, "sparsity": 1.0, "alpha": 0.5, "beta": 90.0, "gamma": -1.0, "max_len": -1.0, "results": {"alpha": 0.5, "beta": 90.0, "gamma": 320, "max_len": Infinity, "scoring": "coverage", "scoring-fidelities": 0.8166336633663367, "beta-scoring-fidelity": 0.8166336633663367, "beta-scoring-rule_nr": 32, "mean_length": 6.659375, "std_length": 3.7707226905959286, "coverage": 1.0, "beta-scoring-coverage": 0.9358415841584159, "mean-beta-scoring-length": 1.90625, "std-beta-scoring-length": 0.2914805954090255, "mean_prediction": 0.4496092053105675, "std-scoring-prediction": 0.0, "rule_reduction-alpha-scoring": 0.015625, "rule_reduction-beta-scoring": 0.1, "len_reduction-beta-scoring": 0.2862505865790709, "simplicity-beta-scoring": 0.02862505865790709, "feature_frequency": [234, 227, 53, 155, 53, 171, 211, 44, 99, 59, 90, 41, 202, 24, 108, 70, 26, 68, 103, 93, 0], "scoring-beta-feature_frequency": [8, 12, 1, 9, 0, 7, 10, 0, 0, 2, 0, 0, 8, 0, 0, 0, 0, 0, 2, 2, 0], "scoring-beta-escore": 0.05531131689455069, "sparsity": 1.0, "black_box": "data/compas"}}, {"scoring": "coverage", "coverage": 1.0, "sparsity": 1.0, "alpha": 0.5, "beta": 99.0, "gamma": -1.0, "max_len": -1.0, "results": {"alpha": 0.5, "beta": 99.0, "gamma": 320, "max_len": Infinity, "scoring": "coverage", "scoring-fidelities": 0.8166336633663367, "beta-scoring-fidelity": 0.8166336633663367, "beta-scoring-rule_nr": 5, "mean_length": 6.659375, "std_length": 3.7707226905959286, "coverage": 1.0, "beta-scoring-coverage": 0.8196039603960396, "mean-beta-scoring-length": 1.6, "std-beta-scoring-length": 0.4898979485566356, "mean_prediction": 0.4496092053105675, "std-scoring-prediction": 0.0, "rule_reduction-alpha-scoring": 0.015625, "rule_reduction-beta-scoring": 0.015625, "len_reduction-beta-scoring": 0.24026278742374474, "simplicity-beta-scoring": 0.0037541060534960115, "feature_frequency": [234, 227, 53, 155, 53, 171, 211, 44, 99, 59, 90, 41, 202, 24, 108, 70, 26, 68, 103, 93, 0], "scoring-beta-feature_frequency": [0, 3, 0, 2, 0, 2, 0, 0, 0, 1, 0, 0, 0, 0, 0, 0, 0, 0, 0, 0, 0], "scoring-beta-escore": 0.007473854422038084, "sparsity": 1.0, "black_box": "data/compas"}}]}