{"name": "compas.cpar.rf.fidelity", "runs": [{"scoring": "fidelity", "coverage": 1.0, "sparsity": 1.0, "alpha": 0.5, "beta": 0.0, "gamma": -1.0, "max_len": -1.0, "results": {"alpha": 0.5, "beta": 0.0, "gamma": 44, "max_len": Infinity, "scoring": "fidelity", "scoring-fidelities": 0.9021782178217822, "beta-scoring-fidelity": 0.9021782178217822, "beta-scoring-rule_nr": 44, "mean_length": 2.772727272727273, "std_length": 1.0630923239569545, "coverage": 1.0, "beta-scoring-coverage": 0.7801980198019802, "mean-beta-scoring-length": 2.772727272727273, "std-beta-scoring-length": 1.0630923239569545, "mean_prediction": 0.4657704893617999, "std-scoring-prediction": 0.4657704893617999, "rule_reduction-alpha-scoring": 1.0, "rule_reduction-beta-scoring": 1.0, "len_reduction-beta-scoring": 1.0, "simplicity-beta-scoring": 1.0, "feature_frequency": [18, 31, 1, 5, 3, 14, 8, 5, 3, 8, 2, 2, 13, 1, 3, 1, 0, 0, 2, 2, 0], "scoring-beta-feature_frequency": [18, 31, 1, 5, 3, 14, 8, 5, 3, 8, 2, 2, 13, 1, 3, 1, 0, 0, 2, 2, 0], "scoring-beta-escore": 0.9485738080366437, "sparsity": 1.0, "black_box": "data/compas"}}, {"scoring": "fidelity", "coverage": 1.0, "sparsity": 1.0, "alpha": 0.5, "beta": 25.0, "gamma": -1.0, "max_len": -1.0, "results": {"alpha": 0.5, "beta": 25.0, "gamma": 44, "max_len": Infinity, "scoring": "fidelity", "scoring-fidelities": 0.9021782178217822, "beta-scoring-fidelity": 0.9021782178217822, "beta-scoring-rule_nr": 42, "mean_length": 2.772727272727273, "std_length": 1.0630923239569545, "coverage": 1.0, "beta-scoring-coverage": 0.7801980198019802, "mean-beta-scoring-length": 2.761904761904762, "std-beta-scoring-length": 1.0869249724298407, "mean_prediction": 0.4657704893617999, "std-scoring-prediction": 0.4657704893617999, "rule_reduction-alpha-scoring": 1.0, "rule_reduction-beta-scoring": 0.9545454545454546, "len_reduction-beta-scoring": 0.9960967993754878, "simplicity-beta-scoring": 0.9508196721311475, "feature_frequency": [18, 31, 1, 5, 3, 14, 8, 5, 3, 8, 2, 2, 13, 1, 3, 1, 0, 0, 2, 2, 0], "scoring-beta-feature_frequency": [16, 31, 1, 5, 1, 14, 8, 5, 3, 8, 1, 1, 13, 1, 3, 1, 0, 0, 2, 2, 0], "scoring-beta-escore": 0.9258605224800986, "sparsity": 1.0, "black_box": "data/compas"}}, {"scoring": "fidelity", "coverage": 1.0, "sparsity": 1.0, "alpha": 0.5, "beta": 50.0, "gamma": -1.0, "max_len": -1.0, "results": {"alpha": 0.5, "beta": 50.0, "gamma": 44, "max_len": Infinity, "scoring": "fidelity", "scoring-fidelities": 0.9021782178217822, "beta-scoring-fidelity": 0.9015841584158416, "beta-scoring-rule_nr": 22, "mean_length": 2.772727272727273, "std_length": 1.0630923239569545, "coverage": 1.0, "beta-scoring-coverage": 0.16930693069306932, "mean-beta-scoring-length": 3.0454545454545454, "std-beta-scoring-length": 1.1472208603749057, "mean_prediction": 0.4657704893617999, "std-scoring-prediction": 0.4657704893617999, "rule_reduction-alpha-scoring": 1.0, "rule_reduction-beta-scoring": 0.5, "len_reduction-beta-scoring": 1.0983606557377048, "simplicity-beta-scoring": 0.5491803278688524, "feature_frequency": [18, 31, 1, 5, 3, 14, 8, 5, 3, 8, 2, 2, 13, 1, 3, 1, 0, 0, 2, 2, 0], "scoring-beta-feature_frequency": [12, 19, 0, 1, 1, 9, 5, 2, 2, 3, 1, 1, 5, 0, 3, 1, 0, 0, 1, 1, 0], "scoring-beta-escore": 0.6825812023951238, "sparsity": 1.0, "black_box": "data/compas"}}, {"scoring": "fidelity", "coverage": 1.0, "sparsity": 1.0, "alpha": 0.5, "beta": 75.0, "gamma": -1.0, "max_len": -1.0, "results": {"alpha": 0.5, "beta": 75.0, "gamma": 44, "max_len": Infinity, "scoring": "fidelity", "scoring-fidelities": 0.9021782178217822, "beta-scoring-fidelity": 0.8932673267326733, "beta-scoring-rule_nr": 12, "mean_length": 2.772727272727273, "std_length": 1.0630923239569545, "coverage": 1.0, "beta-scoring-coverage": 0.11861386138613861, "mean-beta-scoring-length": 2.9166666666666665, "std-beta-scoring-length": 1.3202482931462383, "mean_prediction": 0.4657704893617999, "std-scoring-prediction": 0.4657704893617999, "rule_reduction-alpha-scoring": 1.0, "rule_reduction-beta-scoring": 0.2727272727272727, "len_reduction-beta-scoring": 1.0519125683060109, "simplicity-beta-scoring": 0.28688524590163933, "feature_frequency": [18, 31, 1, 5, 3, 14, 8, 5, 3, 8, 2, 2, 13, 1, 3, 1, 0, 0, 2, 2, 0], "scoring-beta-feature_frequency": [6, 10, 0, 0, 0, 6, 2, 1, 2, 0, 1, 1, 3, 0, 1, 0, 0, 0, 1, 1, 0], "scoring-beta-escore": 0.43429167148036285, "sparsity": 1.0, "black_box": "data/compas"}}, {"scoring": "fidelity", "coverage": 1.0, "sparsity": 1.0, "alpha": 0.5, "beta": 90.0, "gamma": -1.0, "max_len": -1.0, "results": {"alpha": 0.5, "beta": 90.0, "gamma": 44, "max_len": Infinity, "scoring": "fidelity", "scoring-fidelities": 0.9021782178217822, "beta-scoring-fidelity": 0.8669306930693069, "beta-scoring-rule_nr": 5, "mean_length": 2.772727272727273, "std_length": 1.0630923239569545, "coverage": 1.0, "beta-scoring-coverage": 0.08475247524752476, "mean-beta-scoring-length": 2.0, "std-beta-scoring-length": 0.8944271909999159, "mean_prediction": 0.4657704893617999, "std-scoring-prediction": 0.4657704893617999, "rule_reduction-alpha-scoring": 1.0, "rule_reduction-beta-scoring": 0.11363636363636363, "len_reduction-beta-scoring": 0.721311475409836, "simplicity-beta-scoring": 0.08196721311475409, "feature_frequency": [18, 31, 1, 5, 3, 14, 8, 5, 3, 8, 2, 2, 13, 1, 3, 1, 0, 0, 2, 2, 0], "scoring-beta-feature_frequency": [1, 5, 0, 0, 0, 1, 0, 0, 1, 0, 0, 0, 1, 0, 1, 0, 0, 0, 0, 0, 0], "scoring-beta-escore": 0.14977352655418255, "sparsity": 1.0, "black_box": "data/compas"}}, {"scoring": "fidelity", "coverage": 1.0, "sparsity": 1.0, "alpha": 0.5, "beta": 99.0, "gamma": -1.0, "max_len": -1.0, "results": {"alpha": 0.5, "beta": 99.0, "gamma": 44, "max_len": Infinity, "scoring": "fidelity", "scoring-fidelities": 0.9021782178217822, "beta-scoring-fidelity": 0.8465346534653465, "beta-scoring-rule_nr": 1, "mean_length": 2.772727272727273, "std_length": 1.0630923239569545, "coverage": 1.0, "beta-scoring-coverage": 0.030297029702970296, "mean-beta-scoring-length": 3.0, "std-beta-scoring-length": 0.0, "mean_prediction": 0.4657704893617999, "std-scoring-prediction": 0.4657704893617999, "rule_reduction-alpha-scoring": 1.0, "rule_reduction-beta-scoring": 0.022727272727272728, "len_reduction-beta-scoring": 1.081967213114754, "simplicity-beta-scoring": 0.024590163934426226, "feature_frequency": [18, 31, 1, 5, 3, 14, 8, 5, 3, 8, 2, 2, 13, 1, 3, 1, 0, 0, 2, 2, 0], "scoring-beta-feature_frequency": [0, 1, 0, 0, 0, 0, 0, 0, 1, 0, 0, 0, 1, 0, 0, 0, 0, 0, 0, 0, 0], "scoring-beta-escore": 0.04779206260480715, "sparsity": 1.0, "black_box": "data/compas"}}]}