{"name": "compas.cpar.dnn.coverage", "runs": [{"scoring": "coverage", "coverage": 1.0, "sparsity": 1.0, "alpha": 0.5, "beta": 0.0, "gamma": -1.0, "max_len": -1.0, "results": {"alpha": 0.5, "beta": 0.0, "gamma": 2247, "max_len": Infinity, "scoring": "coverage", "scoring-fidelities": 0.6376237623762376, "beta-scoring-fidelity": 0.6362376237623762, "beta-scoring-rule_nr": 2247, "mean_length": 3.088117489986649, "std_length": 1.3178708565572024, "coverage": 1.0, "beta-scoring-coverage": 1.0, "mean-beta-scoring-length": 3.088117489986649, "std-beta-scoring-length": 1.3178708565572024, "mean_prediction": 611.9349890797196, "std-scoring-prediction": NaN, "rule_reduction-alpha-scoring": 0.0, "rule_reduction-beta-scoring": 1.0, "len_reduction-beta-scoring": 1.0, "simplicity-beta-scoring": 1.0, "feature_frequency": [145, 866, 495, 451, 277, 451, 858, 0, 524, 460, 472, 0, 0, 14, 750, 224, 11, 119, 0, 822, 0], "scoring-beta-feature_frequency": [145, 866, 495, 451, 277, 451, 858, 0, 524, 460, 472, 0, 0, 14, 750, 224, 11, 119, 0, 822, 0], "scoring-beta-escore": 0.7776836500060511, "sparsity": 1.0, "black_box": "data/compas"}}, {"scoring": "coverage", "coverage": 1.0, "sparsity": 1.0, "alpha": 0.5, "beta": 25.0, "gamma": -1.0, "max_len": -1.0, "results": {"alpha": 0.5, "beta": 25.0, "gamma": 2247, "max_len": Infinity, "scoring": "coverage", "scoring-fidelities": 0.6376237623762376, "beta-scoring-fidelity": 0.6376237623762376, "beta-scoring-rule_nr": 1701, "mean_length": 3.088117489986649, "std_length": 1.3178708565572024, "coverage": 1.0, "beta-scoring-coverage": 1.0, "mean-beta-scoring-length": 2.6837154614932395, "std-beta-scoring-length": 1.1490452848334989, "mean_prediction": 611.9349890797196, "std-scoring-prediction": NaN, "rule_reduction-alpha-scoring": 0.0, "rule_reduction-beta-scoring": 0.7570093457943925, "len_reduction-beta-scoring": 0.8690457763330897, "simplicity-beta-scoring": 0.6578757746072922, "feature_frequency": [145, 866, 495, 451, 277, 451, 858, 0, 524, 460, 472, 0, 0, 14, 750, 224, 11, 119, 0, 822, 0], "scoring-beta-feature_frequency": [98, 609, 277, 322, 142, 298, 621, 0, 332, 302, 250, 0, 0, 0, 578, 110, 0, 50, 0, 576, 0], "scoring-beta-escore": 0.6475914727966688, "sparsity": 1.0, "black_box": "data/compas"}}, {"scoring": "coverage", "coverage": 1.0, "sparsity": 1.0, "alpha": 0.5, "beta": 50.0, "gamma": -1.0, "max_len": -1.0, "results": {"alpha": 0.5, "beta": 50.0, "gamma": 2247, "max_len": Infinity, "scoring": "coverage", "scoring-fidelities": 0.6376237623762376, "beta-scoring-fidelity": 0.6376237623762376, "beta-scoring-rule_nr": 1125, "mean_length": 3.088117489986649, "std_length": 1.3178708565572024, "coverage": 1.0, "beta-scoring-coverage": 0.9992079207920792, "mean-beta-scoring-length": 2.1697777777777776, "std-beta-scoring-length": 0.9026245408409828, "mean_prediction": 611.9349890797196, "std-scoring-prediction": NaN, "rule_reduction-alpha-scoring": 0.0, "rule_reduction-beta-scoring": 0.5006675567423231, "len_reduction-beta-scoring": 0.7026215112648315, "simplicity-beta-scoring": 0.35177979535956183, "feature_frequency": [145, 866, 495, 451, 277, 451, 858, 0, 524, 460, 472, 0, 0, 14, 750, 224, 11, 119, 0, 822, 0], "scoring-beta-feature_frequency": [48, 378, 106, 189, 50, 152, 371, 0, 155, 156, 111, 0, 0, 0, 346, 47, 0, 15, 0, 317, 0], "scoring-beta-escore": 0.453410855239723, "sparsity": 1.0, "black_box": "data/compas"}}, {"scoring": "coverage", "coverage": 1.0, "sparsity": 1.0, "alpha": 0.5, "beta": 75.0, "gamma": -1.0, "max_len": -1.0, "results": {"alpha": 0.5, "beta": 75.0, "gamma": 2247, "max_len": Infinity, "scoring": "coverage", "scoring-fidelities": 0.6376237623762376, "beta-scoring-fidelity": 0.6376237623762376, "beta-scoring-rule_nr": 571, "mean_length": 3.088117489986649, "std_length": 1.3178708565572024, "coverage": 1.0, "beta-scoring-coverage": 0.9992079207920792, "mean-beta-scoring-length": 1.5656742556917689, "std-beta-scoring-length": 0.5556385314243697, "mean_prediction": 611.9349890797196, "std-scoring-prediction": NaN, "rule_reduction-alpha-scoring": 0.0, "rule_reduction-beta-scoring": 0.25411659991099245, "len_reduction-beta-scoring": 0.5069995752326566, "simplicity-beta-scoring": 0.1288370082144401, "feature_frequency": [145, 866, 495, 451, 277, 451, 858, 0, 524, 460, 472, 0, 0, 14, 750, 224, 11, 119, 0, 822, 0], "scoring-beta-feature_frequency": [22, 185, 23, 49, 14, 45, 191, 0, 50, 45, 13, 0, 0, 0, 139, 9, 0, 0, 0, 109, 0], "scoring-beta-escore": 0.21436071111031682, "sparsity": 1.0, "black_box": "data/compas"}}, {"scoring": "coverage", "coverage": 1.0, "sparsity": 1.0, "alpha": 0.5, "beta": 90.0, "gamma": -1.0, "max_len": -1.0, "results": {"alpha": 0.5, "beta": 90.0, "gamma": 2247, "max_len": Infinity, "scoring": "coverage", "scoring-fidelities": 0.6376237623762376, "beta-scoring-fidelity": 0.6376237623762376, "beta-scoring-rule_nr": 244, "mean_length": 3.088117489986649, "std_length": 1.3178708565572024, "coverage": 1.0, "beta-scoring-coverage": 0.978019801980198, "mean-beta-scoring-length": 1.069672131147541, "std-beta-scoring-length": 0.25459364738520246, "mean_prediction": 611.9349890797196, "std-scoring-prediction": NaN, "rule_reduction-alpha-scoring": 0.0, "rule_reduction-beta-scoring": 0.10858923008455719, "len_reduction-beta-scoring": 0.346383236588633, "simplicity-beta-scoring": 0.03761348897535668, "feature_frequency": [145, 866, 495, 451, 277, 451, 858, 0, 524, 460, 472, 0, 0, 14, 750, 224, 11, 119, 0, 822, 0], "scoring-beta-feature_frequency": [22, 67, 8, 0, 0, 17, 50, 0, 12, 24, 0, 0, 0, 0, 33, 0, 0, 0, 0, 28, 0], "scoring-beta-escore": 0.07103652622410206, "sparsity": 1.0, "black_box": "data/compas"}}, {"scoring": "coverage", "coverage": 1.0, "sparsity": 1.0, "alpha": 0.5, "beta": 99.0, "gamma": -1.0, "max_len": -1.0, "results": {"alpha": 0.5, "beta": 99.0, "gamma": 2247, "max_len": Infinity, "scoring": "coverage", "scoring-fidelities": 0.6376237623762376, "beta-scoring-fidelity": 0.6376237623762376, "beta-scoring-rule_nr": 72, "mean_length": 3.088117489986649, "std_length": 1.3178708565572024, "coverage": 1.0, "beta-scoring-coverage": 0.7047524752475247, "mean-beta-scoring-length": 1.0, "std-beta-scoring-length": 0.0, "mean_prediction": 611.9349890797196, "std-scoring-prediction": NaN, "rule_reduction-alpha-scoring": 0.0, "rule_reduction-beta-scoring": 0.03204272363150868, "len_reduction-beta-scoring": 0.3238218763510592, "simplicity-beta-scoring": 0.010376134889753566, "feature_frequency": [145, 866, 495, 451, 277, 451, 858, 0, 524, 460, 472, 0, 0, 14, 750, 224, 11, 119, 0, 822, 0], "scoring-beta-feature_frequency": [22, 0, 0, 0, 0, 0, 50, 0, 0, 0, 0, 0, 0, 0, 0, 0, 0, 0, 0, 0, 0], "scoring-beta-escore": 0.020419972889632265, "sparsity": 1.0, "black_box": "data/compas"}}]}