{"name": "compas.dnn.fidelity", "runs": [{"scoring": "fidelity", "coverage": 1.0, "sparsity": 1.0, "alpha": 0.5, "beta": 0.0, "gamma": -1.0, "max_len": -1.0, "results": {"alpha": 0.5, "beta": 0.0, "gamma": 232, "max_len": Infinity, "scoring": "fidelity", "scoring-fidelities": 0.8392079207920792, "beta-scoring-fidelity": 0.8392079207920792, "beta-scoring-rule_nr": 232, "mean_length": 6.310344827586207, "std_length": 3.6232339172381587, "coverage": 1.0, "beta-scoring-coverage": 1.0, "mean-beta-scoring-length": 6.310344827586207, "std-beta-scoring-length": 3.6232339172381587, "mean_prediction": 0.44908332449830457, "std-scoring-prediction": 0.44908332449830457, "rule_reduction-alpha-scoring": 1.0, "rule_reduction-beta-scoring": 1.0, "len_reduction-beta-scoring": 1.0, "simplicity-beta-scoring": 1.0, "feature_frequency": [181, 177, 74, 104, 45, 115, 104, 45, 31, 36, 78, 25, 130, 34, 71, 39, 20, 55, 48, 52, 0], "scoring-beta-feature_frequency": [181, 177, 74, 104, 45, 115, 104, 45, 31, 36, 78, 25, 130, 34, 71, 39, 20, 55, 48, 52, 0], "scoring-beta-escore": 0.9125753660637381, "sparsity": 1.0, "black_box": "data/compas"}}, {"scoring": "fidelity", "coverage": 1.0, "sparsity": 1.0, "alpha": 0.5, "beta": 25.0, "gamma": -1.0, "max_len": -1.0, "results": {"alpha": 0.5, "beta": 25.0, "gamma": 232, "max_len": Infinity, "scoring": "fidelity", "scoring-fidelities": 0.8392079207920792, "beta-scoring-fidelity": 0.8392079207920792, "beta-scoring-rule_nr": 232, "mean_length": 6.310344827586207, "std_length": 3.6232339172381587, "coverage": 1.0, "beta-scoring-coverage": 1.0, "mean-beta-scoring-length": 6.310344827586207, "std-beta-scoring-length": 3.6232339172381587, "mean_prediction": 0.44908332449830457, "std-scoring-prediction": 0.44908332449830457, "rule_reduction-alpha-scoring": 1.0, "rule_reduction-beta-scoring": 1.0, "len_reduction-beta-scoring": 1.0, "simplicity-beta-scoring": 1.0, "feature_frequency": [181, 177, 74, 104, 45, 115, 104, 45, 31, 36, 78, 25, 130, 34, 71, 39, 20, 55, 48, 52, 0], "scoring-beta-feature_frequency": [181, 177, 74, 104, 45, 115, 104, 45, 31, 36, 78, 25, 130, 34, 71, 39, 20, 55, 48, 52, 0], "scoring-beta-escore": 0.9125753660637381, "sparsity": 1.0, "black_box": "data/compas"}}, {"scoring": "fidelity", "coverage": 1.0, "sparsity": 1.0, "alpha": 0.5, "beta": 50.0, "gamma": -1.0, "max_len": -1.0, "results": {"alpha": 0.5, "beta": 50.0, "gamma": 232, "max_len": Infinity, "scoring": "fidelity", "scoring-fidelities": 0.8392079207920792, "beta-scoring-fidelity": 0.8394059405940594, "beta-scoring-rule_nr": 116, "mean_length": 6.310344827586207, "std_length": 3.6232339172381587, "coverage": 1.0, "beta-scoring-coverage": 0.32693069306930694, "mean-beta-scoring-length": 5.9655172413793105, "std-beta-scoring-length": 2.059172224390844, "mean_prediction": 0.44908332449830457, "std-scoring-prediction": 0.44908332449830457, "rule_reduction-alpha-scoring": 1.0, "rule_reduction-beta-scoring": 0.5, "len_reduction-beta-scoring": 0.9453551912568305, "simplicity-beta-scoring": 0.47267759562841527, "feature_frequency": [181, 177, 74, 104, 45, 115, 104, 45, 31, 36, 78, 25, 130, 34, 71, 39, 20, 55, 48, 52, 0], "scoring-beta-feature_frequency": [99, 111, 35, 57, 28, 65, 59, 15, 10, 28, 32, 0, 74, 6, 21, 11, 3, 13, 12, 13, 0], "scoring-beta-escore": 0.6047913426282532, "sparsity": 1.0, "black_box": "data/compas"}}, {"scoring": "fidelity", "coverage": 1.0, "sparsity": 1.0, "alpha": 0.5, "beta": 75.0, "gamma": -1.0, "max_len": -1.0, "results": {"alpha": 0.5, "beta": 75.0, "gamma": 232, "max_len": Infinity, "scoring": "fidelity", "scoring-fidelities": 0.8392079207920792, "beta-scoring-fidelity": 0.8348514851485148, "beta-scoring-rule_nr": 58, "mean_length": 6.310344827586207, "std_length": 3.6232339172381587, "coverage": 1.0, "beta-scoring-coverage": 0.31722772277227723, "mean-beta-scoring-length": 6.448275862068965, "std-beta-scoring-length": 2.0941002000950313, "mean_prediction": 0.44908332449830457, "std-scoring-prediction": 0.44908332449830457, "rule_reduction-alpha-scoring": 1.0, "rule_reduction-beta-scoring": 0.25, "len_reduction-beta-scoring": 1.0218579234972676, "simplicity-beta-scoring": 0.2554644808743169, "feature_frequency": [181, 177, 74, 104, 45, 115, 104, 45, 31, 36, 78, 25, 130, 34, 71, 39, 20, 55, 48, 52, 0], "scoring-beta-feature_frequency": [49, 57, 21, 31, 1, 38, 28, 9, 7, 11, 24, 0, 38, 6, 14, 7, 3, 11, 10, 9, 0], "scoring-beta-escore": 0.3912166893026159, "sparsity": 1.0, "black_box": "data/compas"}}, {"scoring": "fidelity", "coverage": 1.0, "sparsity": 1.0, "alpha": 0.5, "beta": 90.0, "gamma": -1.0, "max_len": -1.0, "results": {"alpha": 0.5, "beta": 90.0, "gamma": 232, "max_len": Infinity, "scoring": "fidelity", "scoring-fidelities": 0.8392079207920792, "beta-scoring-fidelity": 0.764950495049505, "beta-scoring-rule_nr": 24, "mean_length": 6.310344827586207, "std_length": 3.6232339172381587, "coverage": 1.0, "beta-scoring-coverage": 0.1899009900990099, "mean-beta-scoring-length": 5.5, "std-beta-scoring-length": 1.848422751068236, "mean_prediction": 0.44908332449830457, "std-scoring-prediction": 0.44908332449830457, "rule_reduction-alpha-scoring": 1.0, "rule_reduction-beta-scoring": 0.10344827586206896, "len_reduction-beta-scoring": 0.8715846994535519, "simplicity-beta-scoring": 0.0901639344262295, "feature_frequency": [181, 177, 74, 104, 45, 115, 104, 45, 31, 36, 78, 25, 130, 34, 71, 39, 20, 55, 48, 52, 0], "scoring-beta-feature_frequency": [20, 24, 11, 13, 0, 19, 3, 0, 2, 0, 9, 0, 12, 1, 6, 3, 0, 5, 1, 3, 0], "scoring-beta-escore": 0.16131395728461986, "sparsity": 1.0, "black_box": "data/compas"}}, {"scoring": "fidelity", "coverage": 1.0, "sparsity": 1.0, "alpha": 0.5, "beta": 99.0, "gamma": -1.0, "max_len": -1.0, "results": {"alpha": 0.5, "beta": 99.0, "gamma": 232, "max_len": Infinity, "scoring": "fidelity", "scoring-fidelities": 0.8392079207920792, "beta-scoring-fidelity": 0.7467326732673267, "beta-scoring-rule_nr": 3, "mean_length": 6.310344827586207, "std_length": 3.6232339172381587, "coverage": 1.0, "beta-scoring-coverage": 0.1601980198019802, "mean-beta-scoring-length": 4.333333333333333, "std-beta-scoring-length": 1.8856180831641267, "mean_prediction": 0.44908332449830457, "std-scoring-prediction": 0.44908332449830457, "rule_reduction-alpha-scoring": 1.0, "rule_reduction-beta-scoring": 0.01293103448275862, "len_reduction-beta-scoring": 0.6867030965391621, "simplicity-beta-scoring": 0.008879781420765027, "feature_frequency": [181, 177, 74, 104, 45, 115, 104, 45, 31, 36, 78, 25, 130, 34, 71, 39, 20, 55, 48, 52, 0], "scoring-beta-feature_frequency": [1, 3, 1, 1, 0, 3, 0, 0, 0, 0, 1, 0, 0, 0, 1, 1, 0, 1, 0, 0, 0], "scoring-beta-escore": 0.017550856599086995, "sparsity": 1.0, "black_box": "data/compas"}}]}