{"name": "compas.dnn.r2", "runs": [{"scoring": "r2", "coverage": 1.0, "sparsity": 1.0, "alpha": 0.5, "beta": 0.0, "gamma": -1.0, "max_len": -1.0, "results": {"alpha": 0.5, "beta": 0.0, "gamma": 232, "max_len": Infinity, "scoring": "r2", "scoring-fidelities": 0.6376237623762376, "beta-scoring-fidelity": 0.6936633663366336, "beta-scoring-rule_nr": 232, "mean_length": 6.310344827586207, "std_length": 3.6232339172381587, "coverage": 1.0, "beta-scoring-coverage": 1.0, "mean-beta-scoring-length": 6.310344827586207, "std-beta-scoring-length": 3.6232339172381587, "mean_prediction": 0.44908332449830457, "std-scoring-prediction": NaN, "rule_reduction-alpha-scoring": 0.0, "rule_reduction-beta-scoring": 1.0, "len_reduction-beta-scoring": 1.0, "simplicity-beta-scoring": 1.0, "feature_frequency": [181, 177, 74, 104, 45, 115, 104, 45, 31, 36, 78, 25, 130, 34, 71, 39, 20, 55, 48, 52, 0], "scoring-beta-feature_frequency": [181, 177, 74, 104, 45, 115, 104, 45, 31, 36, 78, 25, 130, 34, 71, 39, 20, 55, 48, 52, 0], "scoring-beta-escore": 0.8191277914182158, "sparsity": 1.0, "black_box": "data/compas"}}, {"scoring": "r2", "coverage": 1.0, "sparsity": 1.0, "alpha": 0.5, "beta": 25.0, "gamma": -1.0, "max_len": -1.0, "results": {"alpha": 0.5, "beta": 25.0, "gamma": 232, "max_len": Infinity, "scoring": "r2", "scoring-fidelities": 0.6376237623762376, "beta-scoring-fidelity": 0.6936633663366336, "beta-scoring-rule_nr": 174, "mean_length": 6.310344827586207, "std_length": 3.6232339172381587, "coverage": 1.0, "beta-scoring-coverage": 1.0, "mean-beta-scoring-length": 4.764367816091954, "std-beta-scoring-length": 2.4393082216775124, "mean_prediction": 0.44908332449830457, "std-scoring-prediction": NaN, "rule_reduction-alpha-scoring": 0.0, "rule_reduction-beta-scoring": 0.75, "len_reduction-beta-scoring": 0.7550091074681238, "simplicity-beta-scoring": 0.5662568306010929, "feature_frequency": [181, 177, 74, 104, 45, 115, 104, 45, 31, 36, 78, 25, 130, 34, 71, 39, 20, 55, 48, 52, 0], "scoring-beta-feature_frequency": [139, 126, 38, 66, 33, 74, 77, 15, 10, 28, 41, 1, 85, 6, 28, 10, 4, 14, 16, 18, 0], "scoring-beta-escore": 0.6235182518393764, "sparsity": 1.0, "black_box": "data/compas"}}, {"scoring": "r2", "coverage": 1.0, "sparsity": 1.0, "alpha": 0.5, "beta": 50.0, "gamma": -1.0, "max_len": -1.0, "results": {"alpha": 0.5, "beta": 50.0, "gamma": 232, "max_len": Infinity, "scoring": "r2", "scoring-fidelities": 0.6376237623762376, "beta-scoring-fidelity": 0.6936633663366336, "beta-scoring-rule_nr": 116, "mean_length": 6.310344827586207, "std_length": 3.6232339172381587, "coverage": 1.0, "beta-scoring-coverage": 1.0, "mean-beta-scoring-length": 4.353448275862069, "std-beta-scoring-length": 2.577269038265209, "mean_prediction": 0.44908332449830457, "std-scoring-prediction": NaN, "rule_reduction-alpha-scoring": 0.0, "rule_reduction-beta-scoring": 0.5, "len_reduction-beta-scoring": 0.6898907103825137, "simplicity-beta-scoring": 0.34494535519125685, "feature_frequency": [181, 177, 74, 104, 45, 115, 104, 45, 31, 36, 78, 25, 130, 34, 71, 39, 20, 55, 48, 52, 0], "scoring-beta-feature_frequency": [89, 73, 26, 42, 7, 46, 47, 8, 7, 9, 34, 0, 47, 6, 19, 7, 4, 11, 12, 11, 0], "scoring-beta-escore": 0.46076246294592194, "sparsity": 1.0, "black_box": "data/compas"}}, {"scoring": "r2", "coverage": 1.0, "sparsity": 1.0, "alpha": 0.5, "beta": 75.0, "gamma": -1.0, "max_len": -1.0, "results": {"alpha": 0.5, "beta": 75.0, "gamma": 232, "max_len": Infinity, "scoring": "r2", "scoring-fidelities": 0.6376237623762376, "beta-scoring-fidelity": 0.6928712871287128, "beta-scoring-rule_nr": 58, "mean_length": 6.310344827586207, "std_length": 3.6232339172381587, "coverage": 1.0, "beta-scoring-coverage": 0.9992079207920792, "mean-beta-scoring-length": 2.6206896551724137, "std-beta-scoring-length": 1.5066242948243778, "mean_prediction": 0.44908332449830457, "std-scoring-prediction": NaN, "rule_reduction-alpha-scoring": 0.0, "rule_reduction-beta-scoring": 0.25, "len_reduction-beta-scoring": 0.4153005464480874, "simplicity-beta-scoring": 0.10382513661202185, "feature_frequency": [181, 177, 74, 104, 45, 115, 104, 45, 31, 36, 78, 25, 130, 34, 71, 39, 20, 55, 48, 52, 0], "scoring-beta-feature_frequency": [37, 23, 5, 12, 5, 13, 12, 1, 1, 1, 9, 0, 12, 0, 6, 2, 0, 3, 5, 5, 0], "scoring-beta-escore": 0.18058937858141136, "sparsity": 1.0, "black_box": "data/compas"}}, {"scoring": "r2", "coverage": 1.0, "sparsity": 1.0, "alpha": 0.5, "beta": 90.0, "gamma": -1.0, "max_len": -1.0, "results": {"alpha": 0.5, "beta": 90.0, "gamma": 232, "max_len": Infinity, "scoring": "r2", "scoring-fidelities": 0.6376237623762376, "beta-scoring-fidelity": 0.6376237623762376, "beta-scoring-rule_nr": 24, "mean_length": 6.310344827586207, "std_length": 3.6232339172381587, "coverage": 1.0, "beta-scoring-coverage": 0.9178217821782179, "mean-beta-scoring-length": 1.9583333333333333, "std-beta-scoring-length": 0.6757197808427857, "mean_prediction": 0.44908332449830457, "std-scoring-prediction": NaN, "rule_reduction-alpha-scoring": 0.0, "rule_reduction-beta-scoring": 0.10344827586206896, "len_reduction-beta-scoring": 0.3103369763205828, "simplicity-beta-scoring": 0.032103825136612016, "feature_frequency": [181, 177, 74, 104, 45, 115, 104, 45, 31, 36, 78, 25, 130, 34, 71, 39, 20, 55, 48, 52, 0], "scoring-beta-feature_frequency": [12, 13, 1, 4, 2, 3, 4, 1, 0, 1, 0, 0, 5, 0, 1, 0, 0, 0, 0, 0, 0], "scoring-beta-escore": 0.06112981502313472, "sparsity": 1.0, "black_box": "data/compas"}}, {"scoring": "r2", "coverage": 1.0, "sparsity": 1.0, "alpha": 0.5, "beta": 99.0, "gamma": -1.0, "max_len": -1.0, "results": {"alpha": 0.5, "beta": 99.0, "gamma": 232, "max_len": Infinity, "scoring": "r2", "scoring-fidelities": 0.6376237623762376, "beta-scoring-fidelity": 0.6376237623762376, "beta-scoring-rule_nr": 3, "mean_length": 6.310344827586207, "std_length": 3.6232339172381587, "coverage": 1.0, "beta-scoring-coverage": 0.741980198019802, "mean-beta-scoring-length": 1.6666666666666667, "std-beta-scoring-length": 0.4714045207910317, "mean_prediction": 0.44908332449830457, "std-scoring-prediction": NaN, "rule_reduction-alpha-scoring": 0.0, "rule_reduction-beta-scoring": 0.01293103448275862, "len_reduction-beta-scoring": 0.2641165755919854, "simplicity-beta-scoring": 0.0034153005464480873, "feature_frequency": [181, 177, 74, 104, 45, 115, 104, 45, 31, 36, 78, 25, 130, 34, 71, 39, 20, 55, 48, 52, 0], "scoring-beta-feature_frequency": [0, 3, 0, 0, 1, 0, 0, 0, 0, 1, 0, 0, 0, 0, 0, 0, 0, 0, 0, 0, 0], "scoring-beta-escore": 0.006794209308066752, "sparsity": 1.0, "black_box": "data/compas"}}]}