{"name": "compas.cpar.dnn.fidelity", "runs": [{"scoring": "fidelity", "coverage": 1.0, "sparsity": 1.0, "alpha": 0.5, "beta": 0.0, "gamma": -1.0, "max_len": -1.0, "results": {"alpha": 0.5, "beta": 0.0, "gamma": 2247, "max_len": Infinity, "scoring": "fidelity", "scoring-fidelities": 0.6362376237623762, "beta-scoring-fidelity": 0.6362376237623762, "beta-scoring-rule_nr": 2247, "mean_length": 3.088117489986649, "std_length": 1.3178708565572024, "coverage": 1.0, "beta-scoring-coverage": 1.0, "mean-beta-scoring-length": 3.088117489986649, "std-beta-scoring-length": 1.3178708565572024, "mean_prediction": 611.9349890797196, "std-scoring-prediction": 604.8400457089309, "rule_reduction-alpha-scoring": 0.8963061860258122, "rule_reduction-beta-scoring": 1.0, "len_reduction-beta-scoring": 1.0, "simplicity-beta-scoring": 1.0, "feature_frequency": [145, 866, 495, 451, 277, 451, 858, 0, 524, 460, 472, 0, 0, 14, 750, 224, 11, 119, 0, 822, 0], "scoring-beta-feature_frequency": [145, 866, 495, 451, 277, 451, 858, 0, 524, 460, 472, 0, 0, 14, 750, 224, 11, 119, 0, 822, 0], "scoring-beta-escore": 0.7776836500060511, "sparsity": 1.0, "black_box": "data/compas"}}, {"scoring": "fidelity", "coverage": 1.0, "sparsity": 1.0, "alpha": 0.5, "beta": 25.0, "gamma": -1.0, "max_len": -1.0, "results": {"alpha": 0.5, "beta": 25.0, "gamma": 2247, "max_len": Infinity, "scoring": "fidelity", "scoring-fidelities": 0.6362376237623762, "beta-scoring-fidelity": 0.6362376237623762, "beta-scoring-rule_nr": 1688, "mean_length": 3.088117489986649, "std_length": 1.3178708565572024, "coverage": 1.0, "beta-scoring-coverage": 0.9013861386138614, "mean-beta-scoring-length": 3.582345971563981, "std-beta-scoring-length": 1.103246477563506, "mean_prediction": 611.9349890797196, "std-scoring-prediction": 604.8400457089309, "rule_reduction-alpha-scoring": 0.8963061860258122, "rule_reduction-beta-scoring": 0.7512238540275924, "len_reduction-beta-scoring": 1.1600419942505065, "simplicity-beta-scoring": 0.8714512177547197, "feature_frequency": [145, 866, 495, 451, 277, 451, 858, 0, 524, 460, 472, 0, 0, 14, 750, 224, 11, 119, 0, 822, 0], "scoring-beta-feature_frequency": [118, 677, 479, 400, 277, 401, 693, 0, 464, 436, 445, 0, 0, 14, 603, 215, 11, 119, 0, 695, 0], "scoring-beta-escore": 0.7354966578530654, "sparsity": 1.0, "black_box": "data/compas"}}, {"scoring": "fidelity", "coverage": 1.0, "sparsity": 1.0, "alpha": 0.5, "beta": 50.0, "gamma": -1.0, "max_len": -1.0, "results": {"alpha": 0.5, "beta": 50.0, "gamma": 2247, "max_len": Infinity, "scoring": "fidelity", "scoring-fidelities": 0.6362376237623762, "beta-scoring-fidelity": 0.6362376237623762, "beta-scoring-rule_nr": 1124, "mean_length": 3.088117489986649, "std_length": 1.3178708565572024, "coverage": 1.0, "beta-scoring-coverage": 0.5291089108910891, "mean-beta-scoring-length": 3.969750889679715, "std-beta-scoring-length": 1.0013209825955118, "mean_prediction": 611.9349890797196, "std-scoring-prediction": 604.8400457089309, "rule_reduction-alpha-scoring": 0.8963061860258122, "rule_reduction-beta-scoring": 0.5002225189141077, "len_reduction-beta-scoring": 1.2854921817423721, "simplicity-beta-scoring": 0.6430321371955614, "feature_frequency": [145, 866, 495, 451, 277, 451, 858, 0, 524, 460, 472, 0, 0, 14, 750, 224, 11, 119, 0, 822, 0], "scoring-beta-feature_frequency": [82, 487, 386, 272, 241, 302, 497, 0, 320, 359, 347, 0, 0, 14, 387, 172, 11, 99, 0, 486, 0], "scoring-beta-escore": 0.6396168368207027, "sparsity": 1.0, "black_box": "data/compas"}}, {"scoring": "fidelity", "coverage": 1.0, "sparsity": 1.0, "alpha": 0.5, "beta": 75.0, "gamma": -1.0, "max_len": -1.0, "results": {"alpha": 0.5, "beta": 75.0, "gamma": 2247, "max_len": Infinity, "scoring": "fidelity", "scoring-fidelities": 0.6362376237623762, "beta-scoring-fidelity": 0.6362376237623762, "beta-scoring-rule_nr": 562, "mean_length": 3.088117489986649, "std_length": 1.3178708565572024, "coverage": 1.0, "beta-scoring-coverage": 0.22910891089108912, "mean-beta-scoring-length": 4.174377224199288, "std-beta-scoring-length": 0.9972480211607445, "mean_prediction": 611.9349890797196, "std-scoring-prediction": 604.8400457089309, "rule_reduction-alpha-scoring": 0.8963061860258122, "rule_reduction-beta-scoring": 0.25011125945705387, "len_reduction-beta-scoring": 1.3517546653373398, "simplicity-beta-scoring": 0.3380890618244704, "feature_frequency": [145, 866, 495, 451, 277, 451, 858, 0, 524, 460, 472, 0, 0, 14, 750, 224, 11, 119, 0, 822, 0], "scoring-beta-feature_frequency": [39, 260, 200, 133, 155, 133, 245, 0, 155, 224, 215, 0, 0, 13, 167, 106, 11, 60, 0, 230, 0], "scoring-beta-escore": 0.44154590959538853, "sparsity": 1.0, "black_box": "data/compas"}}, {"scoring": "fidelity", "coverage": 1.0, "sparsity": 1.0, "alpha": 0.5, "beta": 90.0, "gamma": -1.0, "max_len": -1.0, "results": {"alpha": 0.5, "beta": 90.0, "gamma": 2247, "max_len": Infinity, "scoring": "fidelity", "scoring-fidelities": 0.6362376237623762, "beta-scoring-fidelity": 0.6376237623762376, "beta-scoring-rule_nr": 251, "mean_length": 3.088117489986649, "std_length": 1.3178708565572024, "coverage": 1.0, "beta-scoring-coverage": 0.10257425742574257, "mean-beta-scoring-length": 4.191235059760956, "std-beta-scoring-length": 1.0036203730063686, "mean_prediction": 611.9349890797196, "std-scoring-prediction": 604.8400457089309, "rule_reduction-alpha-scoring": 0.8963061860258122, "rule_reduction-beta-scoring": 0.11170449488206498, "len_reduction-beta-scoring": 1.3572136012801366, "simplicity-beta-scoring": 0.15160685977806598, "feature_frequency": [145, 866, 495, 451, 277, 451, 858, 0, 524, 460, 472, 0, 0, 14, 750, 224, 11, 119, 0, 822, 0], "scoring-beta-feature_frequency": [11, 137, 85, 59, 84, 56, 111, 0, 46, 134, 94, 0, 0, 10, 60, 42, 7, 29, 0, 87, 0], "scoring-beta-escore": 0.24496803246146065, "sparsity": 1.0, "black_box": "data/compas"}}, {"scoring": "fidelity", "coverage": 1.0, "sparsity": 1.0, "alpha": 0.5, "beta": 99.0, "gamma": -1.0, "max_len": -1.0, "results": {"alpha": 0.5, "beta": 99.0, "gamma": 2247, "max_len": Infinity, "scoring": "fidelity", "scoring-fidelities": 0.6362376237623762, "beta-scoring-fidelity": 0.6376237623762376, "beta-scoring-rule_nr": 78, "mean_length": 3.088117489986649, "std_length": 1.3178708565572024, "coverage": 1.0, "beta-scoring-coverage": 0.03108910891089109, "mean-beta-scoring-length": 4.153846153846154, "std-beta-scoring-length": 0.9209376921060497, "mean_prediction": 611.9349890797196, "std-scoring-prediction": 604.8400457089309, "rule_reduction-alpha-scoring": 0.8963061860258122, "rule_reduction-beta-scoring": 0.03471295060080107, "len_reduction-beta-scoring": 1.3451062556120923, "simplicity-beta-scoring": 0.04669260700389105, "feature_frequency": [145, 866, 495, 451, 277, 451, 858, 0, 524, 460, 472, 0, 0, 14, 750, 224, 11, 119, 0, 822, 0], "scoring-beta-feature_frequency": [1, 58, 30, 14, 22, 8, 30, 0, 6, 59, 30, 0, 0, 3, 19, 13, 4, 3, 0, 24, 0], "scoring-beta-escore": 0.08701330871259036, "sparsity": 1.0, "black_box": "data/compas"}}]}