{"name": "compas.dnn.coverage", "runs": [{"scoring": "coverage", "coverage": 1.0, "sparsity": 1.0, "alpha": 0.5, "beta": 0.0, "gamma": -1.0, "max_len": -1.0, "results": {"alpha": 0.5, "beta": 0.0, "gamma": 232, "max_len": Infinity, "scoring": "coverage", "scoring-fidelities": 0.6376237623762376, "beta-scoring-fidelity": 0.6936633663366336, "beta-scoring-rule_nr": 232, "mean_length": 6.310344827586207, "std_length": 3.6232339172381587, "coverage": 1.0, "beta-scoring-coverage": 1.0, "mean-beta-scoring-length": 6.310344827586207, "std-beta-scoring-length": 3.6232339172381587, "mean_prediction": 0.44908332449830457, "std-scoring-prediction": 0.0, "rule_reduction-alpha-scoring": 0.017241379310344827, "rule_reduction-beta-scoring": 1.0, "len_reduction-beta-scoring": 1.0, "simplicity-beta-scoring": 1.0, "feature_frequency": [181, 177, 74, 104, 45, 115, 104, 45, 31, 36, 78, 25, 130, 34, 71, 39, 20, 55, 48, 52, 0], "scoring-beta-feature_frequency": [181, 177, 74, 104, 45, 115, 104, 45, 31, 36, 78, 25, 130, 34, 71, 39, 20, 55, 48, 52, 0], "scoring-beta-escore": 0.8191277914182158, "sparsity": 1.0, "black_box": "data/compas"}}, {"scoring": "coverage", "coverage": 1.0, "sparsity": 1.0, "alpha": 0.5, "beta": 25.0, "gamma": -1.0, "max_len": -1.0, "results": {"alpha": 0.5, "beta": 25.0, "gamma": 232, "max_len": Infinity, "scoring": "coverage", "scoring-fidelities": 0.6376237623762376, "beta-scoring-fidelity": 0.6936633663366336, "beta-scoring-rule_nr": 174, "mean_length": 6.310344827586207, "std_length": 3.6232339172381587, "coverage": 1.0, "beta-scoring-coverage": 1.0, "mean-beta-scoring-length": 4.775862068965517, "std-beta-scoring-length": 2.461494990888755, "mean_prediction": 0.44908332449830457, "std-scoring-prediction": 0.0, "rule_reduction-alpha-scoring": 0.017241379310344827, "rule_reduction-beta-scoring": 0.75, "len_reduction-beta-scoring": 0.7568306010928961, "simplicity-beta-scoring": 0.5676229508196721, "feature_frequency": [181, 177, 74, 104, 45, 115, 104, 45, 31, 36, 78, 25, 130, 34, 71, 39, 20, 55, 48, 52, 0], "scoring-beta-feature_frequency": [139, 127, 39, 66, 33, 75, 75, 16, 10, 28, 41, 1, 84, 6, 28, 11, 4, 14, 16, 18, 0], "scoring-beta-escore": 0.6243455455272536, "sparsity": 1.0, "black_box": "data/compas"}}, {"scoring": "coverage", "coverage": 1.0, "sparsity": 1.0, "alpha": 0.5, "beta": 50.0, "gamma": -1.0, "max_len": -1.0, "results": {"alpha": 0.5, "beta": 50.0, "gamma": 232, "max_len": Infinity, "scoring": "coverage", "scoring-fidelities": 0.6376237623762376, "beta-scoring-fidelity": 0.6936633663366336, "beta-scoring-rule_nr": 117, "mean_length": 6.310344827586207, "std_length": 3.6232339172381587, "coverage": 1.0, "beta-scoring-coverage": 1.0, "mean-beta-scoring-length": 4.410256410256411, "std-beta-scoring-length": 2.618650550089597, "mean_prediction": 0.44908332449830457, "std-scoring-prediction": 0.0, "rule_reduction-alpha-scoring": 0.017241379310344827, "rule_reduction-beta-scoring": 0.5043103448275862, "len_reduction-beta-scoring": 0.6988930923357153, "simplicity-beta-scoring": 0.3524590163934426, "feature_frequency": [181, 177, 74, 104, 45, 115, 104, 45, 31, 36, 78, 25, 130, 34, 71, 39, 20, 55, 48, 52, 0], "scoring-beta-feature_frequency": [90, 75, 25, 41, 7, 48, 44, 11, 7, 12, 33, 0, 49, 6, 19, 7, 4, 11, 14, 13, 0], "scoring-beta-escore": 0.46741741089437655, "sparsity": 1.0, "black_box": "data/compas"}}, {"scoring": "coverage", "coverage": 1.0, "sparsity": 1.0, "alpha": 0.5, "beta": 75.0, "gamma": -1.0, "max_len": -1.0, "results": {"alpha": 0.5, "beta": 75.0, "gamma": 232, "max_len": Infinity, "scoring": "coverage", "scoring-fidelities": 0.6376237623762376, "beta-scoring-fidelity": 0.6924752475247524, "beta-scoring-rule_nr": 58, "mean_length": 6.310344827586207, "std_length": 3.6232339172381587, "coverage": 1.0, "beta-scoring-coverage": 0.9988118811881188, "mean-beta-scoring-length": 2.689655172413793, "std-beta-scoring-length": 1.6526561332857599, "mean_prediction": 0.44908332449830457, "std-scoring-prediction": 0.0, "rule_reduction-alpha-scoring": 0.017241379310344827, "rule_reduction-beta-scoring": 0.25, "len_reduction-beta-scoring": 0.4262295081967213, "simplicity-beta-scoring": 0.10655737704918032, "feature_frequency": [181, 177, 74, 104, 45, 115, 104, 45, 31, 36, 78, 25, 130, 34, 71, 39, 20, 55, 48, 52, 0], "scoring-beta-feature_frequency": [37, 23, 6, 12, 5, 14, 12, 1, 1, 1, 10, 0, 12, 0, 6, 2, 0, 4, 5, 5, 0], "scoring-beta-escore": 0.1846942009084187, "sparsity": 1.0, "black_box": "data/compas"}}, {"scoring": "coverage", "coverage": 1.0, "sparsity": 1.0, "alpha": 0.5, "beta": 90.0, "gamma": -1.0, "max_len": -1.0, "results": {"alpha": 0.5, "beta": 90.0, "gamma": 232, "max_len": Infinity, "scoring": "coverage", "scoring-fidelities": 0.6376237623762376, "beta-scoring-fidelity": 0.6376237623762376, "beta-scoring-rule_nr": 24, "mean_length": 6.310344827586207, "std_length": 3.6232339172381587, "coverage": 1.0, "beta-scoring-coverage": 0.9178217821782179, "mean-beta-scoring-length": 2.0833333333333335, "std-beta-scoring-length": 0.7021791477646965, "mean_prediction": 0.44908332449830457, "std-scoring-prediction": 0.0, "rule_reduction-alpha-scoring": 0.017241379310344827, "rule_reduction-beta-scoring": 0.10344827586206896, "len_reduction-beta-scoring": 0.3301457194899818, "simplicity-beta-scoring": 0.03415300546448087, "feature_frequency": [181, 177, 74, 104, 45, 115, 104, 45, 31, 36, 78, 25, 130, 34, 71, 39, 20, 55, 48, 52, 0], "scoring-beta-feature_frequency": [12, 13, 1, 4, 2, 4, 6, 0, 0, 1, 0, 0, 6, 0, 1, 0, 0, 0, 0, 0, 0], "scoring-beta-escore": 0.0648333460852337, "sparsity": 1.0, "black_box": "data/compas"}}, {"scoring": "coverage", "coverage": 1.0, "sparsity": 1.0, "alpha": 0.5, "beta": 99.0, "gamma": -1.0, "max_len": -1.0, "results": {"alpha": 0.5, "beta": 99.0, "gamma": 232, "max_len": Infinity, "scoring": "coverage", "scoring-fidelities": 0.6376237623762376, "beta-scoring-fidelity": 0.6376237623762376, "beta-scoring-rule_nr": 3, "mean_length": 6.310344827586207, "std_length": 3.6232339172381587, "coverage": 1.0, "beta-scoring-coverage": 0.741980198019802, "mean-beta-scoring-length": 1.6666666666666667, "std-beta-scoring-length": 0.4714045207910317, "mean_prediction": 0.44908332449830457, "std-scoring-prediction": 0.0, "rule_reduction-alpha-scoring": 0.017241379310344827, "rule_reduction-beta-scoring": 0.01293103448275862, "len_reduction-beta-scoring": 0.2641165755919854, "simplicity-beta-scoring": 0.0034153005464480873, "feature_frequency": [181, 177, 74, 104, 45, 115, 104, 45, 31, 36, 78, 25, 130, 34, 71, 39, 20, 55, 48, 52, 0], "scoring-beta-feature_frequency": [0, 3, 0, 0, 1, 0, 0, 0, 0, 1, 0, 0, 0, 0, 0, 0, 0, 0, 0, 0, 0], "scoring-beta-escore": 0.006794209308066752, "sparsity": 1.0, "black_box": "data/compas"}}]}