{"name": "german.dnn.r2", "runs": [{"scoring": "r2", "coverage": 1.0, "sparsity": 1.0, "alpha": 0.5, "beta": 0.0, "gamma": -1.0, "max_len": -1.0, "results": {"alpha": 0.5, "beta": 0.0, "gamma": 84, "max_len": Infinity, "scoring": "r2", "scoring-fidelities": 1.0, "beta-scoring-fidelity": 0.867109634551495, "beta-scoring-rule_nr": 84, "mean_length": 2.2976190476190474, "std_length": 0.8560674470641333, "coverage": 1.0, "beta-scoring-coverage": 1.0, "mean-beta-scoring-length": 2.2976190476190474, "std-beta-scoring-length": 0.8560674470641333, "mean_prediction": 0.475445846374187, "std-scoring-prediction": NaN, "rule_reduction-alpha-scoring": 0.0, "rule_reduction-beta-scoring": 1.0, "len_reduction-beta-scoring": 1.0, "simplicity-beta-scoring": 1.0, "feature_frequency": [45, 2, 3, 1, 21, 0, 0, 2, 14, 3, 21, 2, 11, 1, 1, 4, 3, 0, 0, 8, 2, 0, 0, 2, 0, 0, 2, 2, 0, 0, 8, 3, 0, 3, 0, 0, 1, 3, 0, 1, 5, 0, 0, 5, 0, 0, 1, 1, 0, 0, 3, 0, 1, 4, 0, 0, 0, 2, 1, 1, 0, 0], "scoring-beta-feature_frequency": [45, 2, 3, 1, 21, 0, 0, 2, 14, 3, 21, 2, 11, 1, 1, 4, 3, 0, 0, 8, 2, 0, 0, 2, 0, 0, 2, 2, 0, 0, 8, 3, 0, 3, 0, 0, 1, 3, 0, 1, 5, 0, 0, 5, 0, 0, 1, 1, 0, 0, 3, 0, 1, 4, 0, 0, 0, 2, 1, 1, 0, 0], "scoring-beta-escore": 0.9288256227758007, "sparsity": 1.0, "black_box": "data/german"}}, {"scoring": "r2", "coverage": 1.0, "sparsity": 1.0, "alpha": 0.5, "beta": 25.0, "gamma": -1.0, "max_len": -1.0, "results": {"alpha": 0.5, "beta": 25.0, "gamma": 84, "max_len": Infinity, "scoring": "r2", "scoring-fidelities": 1.0, "beta-scoring-fidelity": 0.8704318936877077, "beta-scoring-rule_nr": 63, "mean_length": 2.2976190476190474, "std_length": 0.8560674470641333, "coverage": 1.0, "beta-scoring-coverage": 0.9966777408637874, "mean-beta-scoring-length": 2.0952380952380953, "std-beta-scoring-length": 0.5553287518900287, "mean_prediction": 0.475445846374187, "std-scoring-prediction": NaN, "rule_reduction-alpha-scoring": 0.0, "rule_reduction-beta-scoring": 0.75, "len_reduction-beta-scoring": 0.911917098445596, "simplicity-beta-scoring": 0.683937823834197, "feature_frequency": [45, 2, 3, 1, 21, 0, 0, 2, 14, 3, 21, 2, 11, 1, 1, 4, 3, 0, 0, 8, 2, 0, 0, 2, 0, 0, 2, 2, 0, 0, 8, 3, 0, 3, 0, 0, 1, 3, 0, 1, 5, 0, 0, 5, 0, 0, 1, 1, 0, 0, 3, 0, 1, 4, 0, 0, 0, 2, 1, 1, 0, 0], "scoring-beta-feature_frequency": [35, 1, 0, 1, 14, 0, 0, 2, 9, 2, 16, 0, 7, 1, 0, 1, 1, 0, 0, 7, 2, 0, 0, 2, 0, 0, 1, 2, 0, 0, 7, 2, 0, 2, 0, 0, 0, 1, 0, 1, 0, 0, 0, 3, 0, 0, 1, 0, 0, 0, 3, 0, 0, 4, 0, 0, 0, 2, 1, 1, 0, 0], "scoring-beta-escore": 0.7659970320494364, "sparsity": 1.0, "black_box": "data/german"}}, {"scoring": "r2", "coverage": 1.0, "sparsity": 1.0, "alpha": 0.5, "beta": 50.0, "gamma": -1.0, "max_len": -1.0, "results": {"alpha": 0.5, "beta": 50.0, "gamma": 84, "max_len": Infinity, "scoring": "r2", "scoring-fidelities": 1.0, "beta-scoring-fidelity": 0.8704318936877077, "beta-scoring-rule_nr": 42, "mean_length": 2.2976190476190474, "std_length": 0.8560674470641333, "coverage": 1.0, "beta-scoring-coverage": 0.9900332225913622, "mean-beta-scoring-length": 1.9285714285714286, "std-beta-scoring-length": 0.4573660169594892, "mean_prediction": 0.475445846374187, "std-scoring-prediction": NaN, "rule_reduction-alpha-scoring": 0.0, "rule_reduction-beta-scoring": 0.5, "len_reduction-beta-scoring": 0.839378238341969, "simplicity-beta-scoring": 0.4196891191709845, "feature_frequency": [45, 2, 3, 1, 21, 0, 0, 2, 14, 3, 21, 2, 11, 1, 1, 4, 3, 0, 0, 8, 2, 0, 0, 2, 0, 0, 2, 2, 0, 0, 8, 3, 0, 3, 0, 0, 1, 3, 0, 1, 5, 0, 0, 5, 0, 0, 1, 1, 0, 0, 3, 0, 1, 4, 0, 0, 0, 2, 1, 1, 0, 0], "scoring-beta-feature_frequency": [27, 1, 0, 0, 9, 0, 0, 2, 4, 0, 12, 0, 6, 0, 0, 0, 0, 0, 0, 2, 2, 0, 0, 1, 0, 0, 0, 1, 0, 0, 4, 1, 0, 1, 0, 0, 0, 0, 0, 1, 0, 0, 0, 1, 0, 0, 0, 0, 0, 0, 1, 0, 0, 2, 0, 0, 0, 2, 1, 0, 0, 0], "scoring-beta-escore": 0.5663201996077228, "sparsity": 1.0, "black_box": "data/german"}}, {"scoring": "r2", "coverage": 1.0, "sparsity": 1.0, "alpha": 0.5, "beta": 75.0, "gamma": -1.0, "max_len": -1.0, "results": {"alpha": 0.5, "beta": 75.0, "gamma": 84, "max_len": Infinity, "scoring": "r2", "scoring-fidelities": 1.0, "beta-scoring-fidelity": 0.8704318936877077, "beta-scoring-rule_nr": 21, "mean_length": 2.2976190476190474, "std_length": 0.8560674470641333, "coverage": 1.0, "beta-scoring-coverage": 0.9867109634551495, "mean-beta-scoring-length": 1.8095238095238095, "std-beta-scoring-length": 0.4994327848429292, "mean_prediction": 0.475445846374187, "std-scoring-prediction": NaN, "rule_reduction-alpha-scoring": 0.0, "rule_reduction-beta-scoring": 0.25, "len_reduction-beta-scoring": 0.7875647668393783, "simplicity-beta-scoring": 0.19689119170984457, "feature_frequency": [45, 2, 3, 1, 21, 0, 0, 2, 14, 3, 21, 2, 11, 1, 1, 4, 3, 0, 0, 8, 2, 0, 0, 2, 0, 0, 2, 2, 0, 0, 8, 3, 0, 3, 0, 0, 1, 3, 0, 1, 5, 0, 0, 5, 0, 0, 1, 1, 0, 0, 3, 0, 1, 4, 0, 0, 0, 2, 1, 1, 0, 0], "scoring-beta-feature_frequency": [13, 1, 0, 0, 6, 0, 0, 1, 1, 0, 6, 0, 3, 0, 0, 0, 0, 0, 0, 0, 1, 0, 0, 1, 0, 0, 0, 0, 0, 0, 1, 1, 0, 0, 0, 0, 0, 0, 0, 1, 0, 0, 0, 0, 0, 0, 0, 0, 0, 0, 0, 0, 0, 0, 0, 0, 0, 1, 1, 0, 0, 0], "scoring-beta-escore": 0.3211405715760274, "sparsity": 1.0, "black_box": "data/german"}}, {"scoring": "r2", "coverage": 1.0, "sparsity": 1.0, "alpha": 0.5, "beta": 90.0, "gamma": -1.0, "max_len": -1.0, "results": {"alpha": 0.5, "beta": 90.0, "gamma": 84, "max_len": Infinity, "scoring": "r2", "scoring-fidelities": 1.0, "beta-scoring-fidelity": 0.8704318936877077, "beta-scoring-rule_nr": 9, "mean_length": 2.2976190476190474, "std_length": 0.8560674470641333, "coverage": 1.0, "beta-scoring-coverage": 0.9867109634551495, "mean-beta-scoring-length": 1.5555555555555556, "std-beta-scoring-length": 0.4969039949999533, "mean_prediction": 0.475445846374187, "std-scoring-prediction": NaN, "rule_reduction-alpha-scoring": 0.0, "rule_reduction-beta-scoring": 0.10714285714285714, "len_reduction-beta-scoring": 0.6770293609671849, "simplicity-beta-scoring": 0.07253886010362695, "feature_frequency": [45, 2, 3, 1, 21, 0, 0, 2, 14, 3, 21, 2, 11, 1, 1, 4, 3, 0, 0, 8, 2, 0, 0, 2, 0, 0, 2, 2, 0, 0, 8, 3, 0, 3, 0, 0, 1, 3, 0, 1, 5, 0, 0, 5, 0, 0, 1, 1, 0, 0, 3, 0, 1, 4, 0, 0, 0, 2, 1, 1, 0, 0], "scoring-beta-feature_frequency": [7, 0, 0, 0, 2, 0, 0, 0, 1, 0, 2, 0, 1, 0, 0, 0, 0, 0, 0, 0, 0, 0, 0, 0, 0, 0, 0, 0, 0, 0, 0, 0, 0, 0, 0, 0, 0, 0, 0, 1, 0, 0, 0, 0, 0, 0, 0, 0, 0, 0, 0, 0, 0, 0, 0, 0, 0, 0, 0, 0, 0, 0], "scoring-beta-escore": 0.1339174881343556, "sparsity": 1.0, "black_box": "data/german"}}, {"scoring": "r2", "coverage": 1.0, "sparsity": 1.0, "alpha": 0.5, "beta": 99.0, "gamma": -1.0, "max_len": -1.0, "results": {"alpha": 0.5, "beta": 99.0, "gamma": 84, "max_len": Infinity, "scoring": "r2", "scoring-fidelities": 1.0, "beta-scoring-fidelity": 1.0, "beta-scoring-rule_nr": 1, "mean_length": 2.2976190476190474, "std_length": 0.8560674470641333, "coverage": 1.0, "beta-scoring-coverage": 0.7641196013289037, "mean-beta-scoring-length": 1.0, "std-beta-scoring-length": 0.0, "mean_prediction": 0.475445846374187, "std-scoring-prediction": NaN, "rule_reduction-alpha-scoring": 0.0, "rule_reduction-beta-scoring": 0.011904761904761904, "len_reduction-beta-scoring": 0.4352331606217617, "simplicity-beta-scoring": 0.0051813471502590676, "feature_frequency": [45, 2, 3, 1, 21, 0, 0, 2, 14, 3, 21, 2, 11, 1, 1, 4, 3, 0, 0, 8, 2, 0, 0, 2, 0, 0, 2, 2, 0, 0, 8, 3, 0, 3, 0, 0, 1, 3, 0, 1, 5, 0, 0, 5, 0, 0, 1, 1, 0, 0, 3, 0, 1, 4, 0, 0, 0, 2, 1, 1, 0, 0], "scoring-beta-feature_frequency": [1, 0, 0, 0, 0, 0, 0, 0, 0, 0, 0, 0, 0, 0, 0, 0, 0, 0, 0, 0, 0, 0, 0, 0, 0, 0, 0, 0, 0, 0, 0, 0, 0, 0, 0, 0, 0, 0, 0, 0, 0, 0, 0, 0, 0, 0, 0, 0, 0, 0, 0, 0, 0, 0, 0, 0, 0, 0, 0, 0, 0, 0], "scoring-beta-escore": 0.010309278350515464, "sparsity": 1.0, "black_box": "data/german"}}]}