{"name": "german.dnn.coverage", "runs": [{"scoring": "coverage", "coverage": 1.0, "sparsity": 1.0, "alpha": 0.5, "beta": 0.0, "gamma": -1.0, "max_len": -1.0, "results": {"alpha": 0.5, "beta": 0.0, "gamma": 84, "max_len": Infinity, "scoring": "coverage", "scoring-fidelities": 1.0, "beta-scoring-fidelity": 0.8903654485049834, "beta-scoring-rule_nr": 84, "mean_length": 2.2976190476190474, "std_length": 0.8560674470641333, "coverage": 1.0, "beta-scoring-coverage": 1.0, "mean-beta-scoring-length": 2.2976190476190474, "std-beta-scoring-length": 0.8560674470641333, "mean_prediction": 0.475445846374187, "std-scoring-prediction": 0.0, "rule_reduction-alpha-scoring": 0.023809523809523808, "rule_reduction-beta-scoring": 1.0, "len_reduction-beta-scoring": 1.0, "simplicity-beta-scoring": 1.0, "feature_frequency": [45, 2, 3, 1, 21, 0, 0, 2, 14, 3, 21, 2, 11, 1, 1, 4, 3, 0, 0, 8, 2, 0, 0, 2, 0, 0, 2, 2, 0, 0, 8, 3, 0, 3, 0, 0, 1, 3, 0, 1, 5, 0, 0, 5, 0, 0, 1, 1, 0, 0, 3, 0, 1, 4, 0, 0, 0, 2, 1, 1, 0, 0], "scoring-beta-feature_frequency": [45, 2, 3, 1, 21, 0, 0, 2, 14, 3, 21, 2, 11, 1, 1, 4, 3, 0, 0, 8, 2, 0, 0, 2, 0, 0, 2, 2, 0, 0, 8, 3, 0, 3, 0, 0, 1, 3, 0, 1, 5, 0, 0, 5, 0, 0, 1, 1, 0, 0, 3, 0, 1, 4, 0, 0, 0, 2, 1, 1, 0, 0], "scoring-beta-escore": 0.9420035149384886, "sparsity": 1.0, "black_box": "data/german"}}, {"scoring": "coverage", "coverage": 1.0, "sparsity": 1.0, "alpha": 0.5, "beta": 25.0, "gamma": -1.0, "max_len": -1.0, "results": {"alpha": 0.5, "beta": 25.0, "gamma": 84, "max_len": Infinity, "scoring": "coverage", "scoring-fidelities": 1.0, "beta-scoring-fidelity": 0.893687707641196, "beta-scoring-rule_nr": 65, "mean_length": 2.2976190476190474, "std_length": 0.8560674470641333, "coverage": 1.0, "beta-scoring-coverage": 0.9966777408637874, "mean-beta-scoring-length": 2.1076923076923078, "std-beta-scoring-length": 0.5581032968374479, "mean_prediction": 0.475445846374187, "std-scoring-prediction": 0.0, "rule_reduction-alpha-scoring": 0.023809523809523808, "rule_reduction-beta-scoring": 0.7738095238095238, "len_reduction-beta-scoring": 0.9173375846950977, "simplicity-beta-scoring": 0.7098445595854923, "feature_frequency": [45, 2, 3, 1, 21, 0, 0, 2, 14, 3, 21, 2, 11, 1, 1, 4, 3, 0, 0, 8, 2, 0, 0, 2, 0, 0, 2, 2, 0, 0, 8, 3, 0, 3, 0, 0, 1, 3, 0, 1, 5, 0, 0, 5, 0, 0, 1, 1, 0, 0, 3, 0, 1, 4, 0, 0, 0, 2, 1, 1, 0, 0], "scoring-beta-feature_frequency": [35, 2, 0, 1, 14, 0, 0, 2, 11, 2, 16, 0, 7, 1, 0, 2, 1, 0, 0, 8, 2, 0, 0, 2, 0, 0, 1, 2, 0, 0, 6, 2, 0, 2, 0, 0, 0, 1, 0, 1, 0, 0, 0, 5, 0, 0, 1, 0, 0, 0, 2, 0, 0, 4, 0, 0, 0, 2, 1, 1, 0, 0], "scoring-beta-escore": 0.7912274298473496, "sparsity": 1.0, "black_box": "data/german"}}, {"scoring": "coverage", "coverage": 1.0, "sparsity": 1.0, "alpha": 0.5, "beta": 50.0, "gamma": -1.0, "max_len": -1.0, "results": {"alpha": 0.5, "beta": 50.0, "gamma": 84, "max_len": Infinity, "scoring": "coverage", "scoring-fidelities": 1.0, "beta-scoring-fidelity": 0.893687707641196, "beta-scoring-rule_nr": 42, "mean_length": 2.2976190476190474, "std_length": 0.8560674470641333, "coverage": 1.0, "beta-scoring-coverage": 0.9900332225913622, "mean-beta-scoring-length": 1.9047619047619047, "std-beta-scoring-length": 0.4259177099999599, "mean_prediction": 0.475445846374187, "std-scoring-prediction": 0.0, "rule_reduction-alpha-scoring": 0.023809523809523808, "rule_reduction-beta-scoring": 0.5, "len_reduction-beta-scoring": 0.8290155440414508, "simplicity-beta-scoring": 0.4145077720207254, "feature_frequency": [45, 2, 3, 1, 21, 0, 0, 2, 14, 3, 21, 2, 11, 1, 1, 4, 3, 0, 0, 8, 2, 0, 0, 2, 0, 0, 2, 2, 0, 0, 8, 3, 0, 3, 0, 0, 1, 3, 0, 1, 5, 0, 0, 5, 0, 0, 1, 1, 0, 0, 3, 0, 1, 4, 0, 0, 0, 2, 1, 1, 0, 0], "scoring-beta-feature_frequency": [26, 1, 0, 0, 9, 0, 0, 2, 4, 1, 12, 0, 6, 0, 0, 0, 0, 0, 0, 2, 2, 0, 0, 1, 0, 0, 0, 1, 0, 0, 4, 1, 0, 0, 0, 0, 0, 0, 0, 1, 0, 0, 0, 1, 0, 0, 0, 0, 0, 0, 1, 0, 0, 2, 0, 0, 0, 2, 1, 0, 0, 0], "scoring-beta-escore": 0.5663381449267735, "sparsity": 1.0, "black_box": "data/german"}}, {"scoring": "coverage", "coverage": 1.0, "sparsity": 1.0, "alpha": 0.5, "beta": 75.0, "gamma": -1.0, "max_len": -1.0, "results": {"alpha": 0.5, "beta": 75.0, "gamma": 84, "max_len": Infinity, "scoring": "coverage", "scoring-fidelities": 1.0, "beta-scoring-fidelity": 0.893687707641196, "beta-scoring-rule_nr": 21, "mean_length": 2.2976190476190474, "std_length": 0.8560674470641333, "coverage": 1.0, "beta-scoring-coverage": 0.9867109634551495, "mean-beta-scoring-length": 1.7619047619047619, "std-beta-scoring-length": 0.4259177099999599, "mean_prediction": 0.475445846374187, "std-scoring-prediction": 0.0, "rule_reduction-alpha-scoring": 0.023809523809523808, "rule_reduction-beta-scoring": 0.25, "len_reduction-beta-scoring": 0.766839378238342, "simplicity-beta-scoring": 0.1917098445595855, "feature_frequency": [45, 2, 3, 1, 21, 0, 0, 2, 14, 3, 21, 2, 11, 1, 1, 4, 3, 0, 0, 8, 2, 0, 0, 2, 0, 0, 2, 2, 0, 0, 8, 3, 0, 3, 0, 0, 1, 3, 0, 1, 5, 0, 0, 5, 0, 0, 1, 1, 0, 0, 3, 0, 1, 4, 0, 0, 0, 2, 1, 1, 0, 0], "scoring-beta-feature_frequency": [14, 1, 0, 0, 5, 0, 0, 1, 1, 0, 6, 0, 3, 0, 0, 0, 0, 0, 0, 0, 1, 0, 0, 0, 0, 0, 0, 1, 0, 0, 1, 0, 0, 0, 0, 0, 0, 0, 0, 1, 0, 0, 0, 0, 0, 0, 0, 0, 0, 0, 0, 0, 0, 0, 0, 0, 0, 1, 1, 0, 0, 0], "scoring-beta-escore": 0.3156976559774162, "sparsity": 1.0, "black_box": "data/german"}}, {"scoring": "coverage", "coverage": 1.0, "sparsity": 1.0, "alpha": 0.5, "beta": 90.0, "gamma": -1.0, "max_len": -1.0, "results": {"alpha": 0.5, "beta": 90.0, "gamma": 84, "max_len": Infinity, "scoring": "coverage", "scoring-fidelities": 1.0, "beta-scoring-fidelity": 1.0, "beta-scoring-rule_nr": 9, "mean_length": 2.2976190476190474, "std_length": 0.8560674470641333, "coverage": 1.0, "beta-scoring-coverage": 0.8571428571428571, "mean-beta-scoring-length": 1.5555555555555556, "std-beta-scoring-length": 0.4969039949999533, "mean_prediction": 0.475445846374187, "std-scoring-prediction": 0.0, "rule_reduction-alpha-scoring": 0.023809523809523808, "rule_reduction-beta-scoring": 0.10714285714285714, "len_reduction-beta-scoring": 0.6770293609671849, "simplicity-beta-scoring": 0.07253886010362695, "feature_frequency": [45, 2, 3, 1, 21, 0, 0, 2, 14, 3, 21, 2, 11, 1, 1, 4, 3, 0, 0, 8, 2, 0, 0, 2, 0, 0, 2, 2, 0, 0, 8, 3, 0, 3, 0, 0, 1, 3, 0, 1, 5, 0, 0, 5, 0, 0, 1, 1, 0, 0, 3, 0, 1, 4, 0, 0, 0, 2, 1, 1, 0, 0], "scoring-beta-feature_frequency": [7, 0, 0, 0, 2, 0, 0, 0, 1, 0, 2, 0, 1, 0, 0, 0, 0, 0, 0, 0, 0, 0, 0, 0, 0, 0, 0, 0, 0, 0, 0, 0, 0, 0, 0, 0, 0, 0, 0, 1, 0, 0, 0, 0, 0, 0, 0, 0, 0, 0, 0, 0, 0, 0, 0, 0, 0, 0, 0, 0, 0, 0], "scoring-beta-escore": 0.1352657004830918, "sparsity": 1.0, "black_box": "data/german"}}, {"scoring": "coverage", "coverage": 1.0, "sparsity": 1.0, "alpha": 0.5, "beta": 99.0, "gamma": -1.0, "max_len": -1.0, "results": {"alpha": 0.5, "beta": 99.0, "gamma": 84, "max_len": Infinity, "scoring": "coverage", "scoring-fidelities": 1.0, "beta-scoring-fidelity": 1.0, "beta-scoring-rule_nr": 1, "mean_length": 2.2976190476190474, "std_length": 0.8560674470641333, "coverage": 1.0, "beta-scoring-coverage": 0.7641196013289037, "mean-beta-scoring-length": 1.0, "std-beta-scoring-length": 0.0, "mean_prediction": 0.475445846374187, "std-scoring-prediction": 0.0, "rule_reduction-alpha-scoring": 0.023809523809523808, "rule_reduction-beta-scoring": 0.011904761904761904, "len_reduction-beta-scoring": 0.4352331606217617, "simplicity-beta-scoring": 0.0051813471502590676, "feature_frequency": [45, 2, 3, 1, 21, 0, 0, 2, 14, 3, 21, 2, 11, 1, 1, 4, 3, 0, 0, 8, 2, 0, 0, 2, 0, 0, 2, 2, 0, 0, 8, 3, 0, 3, 0, 0, 1, 3, 0, 1, 5, 0, 0, 5, 0, 0, 1, 1, 0, 0, 3, 0, 1, 4, 0, 0, 0, 2, 1, 1, 0, 0], "scoring-beta-feature_frequency": [1, 0, 0, 0, 0, 0, 0, 0, 0, 0, 0, 0, 0, 0, 0, 0, 0, 0, 0, 0, 0, 0, 0, 0, 0, 0, 0, 0, 0, 0, 0, 0, 0, 0, 0, 0, 0, 0, 0, 0, 0, 0, 0, 0, 0, 0, 0, 0, 0, 0, 0, 0, 0, 0, 0, 0, 0, 0, 0, 0, 0, 0], "scoring-beta-escore": 0.010309278350515464, "sparsity": 1.0, "black_box": "data/german"}}]}