{"name": "german.rf.coverage", "runs": [{"scoring": "coverage", "coverage": 1.0, "sparsity": 1.0, "alpha": 0.5, "beta": 0.0, "gamma": -1.0, "max_len": -1.0, "results": {"alpha": 0.5, "beta": 0.0, "gamma": 118, "max_len": Infinity, "scoring": "coverage", "scoring-fidelities": 0.7674418604651163, "beta-scoring-fidelity": 0.8704318936877077, "beta-scoring-rule_nr": 118, "mean_length": 2.593220338983051, "std_length": 0.9318951724672051, "coverage": 1.0, "beta-scoring-coverage": 0.9833887043189369, "mean-beta-scoring-length": 2.593220338983051, "std-beta-scoring-length": 0.9318951724672051, "mean_prediction": 0.4835709361927832, "std-scoring-prediction": NaN, "rule_reduction-alpha-scoring": 0.0, "rule_reduction-beta-scoring": 1.0, "len_reduction-beta-scoring": 1.0, "simplicity-beta-scoring": 1.0, "feature_frequency": [45, 9, 3, 8, 9, 1, 0, 4, 29, 2, 24, 0, 12, 3, 1, 5, 2, 1, 6, 13, 10, 1, 2, 6, 0, 0, 3, 4, 4, 1, 7, 2, 3, 9, 7, 0, 4, 1, 5, 5, 2, 2, 0, 3, 6, 11, 1, 3, 0, 1, 2, 0, 6, 7, 1, 2, 5, 0, 1, 2, 0, 0], "scoring-beta-feature_frequency": [45, 9, 3, 8, 9, 1, 0, 4, 29, 2, 24, 0, 12, 3, 1, 5, 2, 1, 6, 13, 10, 1, 2, 6, 0, 0, 3, 4, 4, 1, 7, 2, 3, 9, 7, 0, 4, 1, 5, 5, 2, 2, 0, 3, 6, 11, 1, 3, 0, 1, 2, 0, 6, 7, 1, 2, 5, 0, 1, 2, 0, 0], "scoring-beta-escore": 0.9307282415630551, "sparsity": 1.0, "black_box": "data/german"}}, {"scoring": "coverage", "coverage": 1.0, "sparsity": 1.0, "alpha": 0.5, "beta": 25.0, "gamma": -1.0, "max_len": -1.0, "results": {"alpha": 0.5, "beta": 25.0, "gamma": 118, "max_len": Infinity, "scoring": "coverage", "scoring-fidelities": 0.7674418604651163, "beta-scoring-fidelity": 0.8604651162790697, "beta-scoring-rule_nr": 92, "mean_length": 2.593220338983051, "std_length": 0.9318951724672051, "coverage": 1.0, "beta-scoring-coverage": 0.973421926910299, "mean-beta-scoring-length": 2.467391304347826, "std-beta-scoring-length": 0.7725042135318005, "mean_prediction": 0.4835709361927832, "std-scoring-prediction": NaN, "rule_reduction-alpha-scoring": 0.0, "rule_reduction-beta-scoring": 0.7796610169491526, "len_reduction-beta-scoring": 0.9514776925262859, "simplicity-beta-scoring": 0.7418300653594772, "feature_frequency": [45, 9, 3, 8, 9, 1, 0, 4, 29, 2, 24, 0, 12, 3, 1, 5, 2, 1, 6, 13, 10, 1, 2, 6, 0, 0, 3, 4, 4, 1, 7, 2, 3, 9, 7, 0, 4, 1, 5, 5, 2, 2, 0, 3, 6, 11, 1, 3, 0, 1, 2, 0, 6, 7, 1, 2, 5, 0, 1, 2, 0, 0], "scoring-beta-feature_frequency": [35, 8, 2, 6, 6, 1, 0, 4, 23, 2, 21, 0, 10, 2, 1, 1, 1, 0, 1, 12, 9, 0, 0, 3, 0, 0, 3, 3, 0, 1, 6, 1, 3, 6, 6, 0, 3, 0, 5, 4, 0, 1, 0, 3, 4, 10, 1, 0, 0, 0, 1, 0, 6, 4, 1, 0, 5, 0, 1, 1, 0, 0], "scoring-beta-escore": 0.7967556799316985, "sparsity": 1.0, "black_box": "data/german"}}, {"scoring": "coverage", "coverage": 1.0, "sparsity": 1.0, "alpha": 0.5, "beta": 50.0, "gamma": -1.0, "max_len": -1.0, "results": {"alpha": 0.5, "beta": 50.0, "gamma": 118, "max_len": Infinity, "scoring": "coverage", "scoring-fidelities": 0.7674418604651163, "beta-scoring-fidelity": 0.8338870431893688, "beta-scoring-rule_nr": 64, "mean_length": 2.593220338983051, "std_length": 0.9318951724672051, "coverage": 1.0, "beta-scoring-coverage": 0.9435215946843853, "mean-beta-scoring-length": 2.3125, "std-beta-scoring-length": 0.7261843774138906, "mean_prediction": 0.4835709361927832, "std-scoring-prediction": NaN, "rule_reduction-alpha-scoring": 0.0, "rule_reduction-beta-scoring": 0.5423728813559322, "len_reduction-beta-scoring": 0.8917483660130718, "simplicity-beta-scoring": 0.4836601307189542, "feature_frequency": [45, 9, 3, 8, 9, 1, 0, 4, 29, 2, 24, 0, 12, 3, 1, 5, 2, 1, 6, 13, 10, 1, 2, 6, 0, 0, 3, 4, 4, 1, 7, 2, 3, 9, 7, 0, 4, 1, 5, 5, 2, 2, 0, 3, 6, 11, 1, 3, 0, 1, 2, 0, 6, 7, 1, 2, 5, 0, 1, 2, 0, 0], "scoring-beta-feature_frequency": [18, 7, 2, 3, 3, 1, 0, 1, 12, 1, 18, 0, 10, 0, 1, 0, 0, 0, 1, 6, 9, 0, 0, 2, 0, 0, 2, 3, 0, 0, 6, 0, 2, 3, 5, 0, 1, 0, 3, 3, 0, 0, 0, 1, 2, 9, 0, 0, 0, 0, 0, 0, 5, 1, 1, 0, 5, 0, 1, 0, 0, 0], "scoring-beta-escore": 0.6122253901807932, "sparsity": 1.0, "black_box": "data/german"}}, {"scoring": "coverage", "coverage": 1.0, "sparsity": 1.0, "alpha": 0.5, "beta": 75.0, "gamma": -1.0, "max_len": -1.0, "results": {"alpha": 0.5, "beta": 75.0, "gamma": 118, "max_len": Infinity, "scoring": "coverage", "scoring-fidelities": 0.7674418604651163, "beta-scoring-fidelity": 0.7674418604651163, "beta-scoring-rule_nr": 32, "mean_length": 2.593220338983051, "std_length": 0.9318951724672051, "coverage": 1.0, "beta-scoring-coverage": 0.8338870431893688, "mean-beta-scoring-length": 2.0, "std-beta-scoring-length": 0.3535533905932738, "mean_prediction": 0.4835709361927832, "std-scoring-prediction": NaN, "rule_reduction-alpha-scoring": 0.0, "rule_reduction-beta-scoring": 0.2711864406779661, "len_reduction-beta-scoring": 0.7712418300653594, "simplicity-beta-scoring": 0.2091503267973856, "feature_frequency": [45, 9, 3, 8, 9, 1, 0, 4, 29, 2, 24, 0, 12, 3, 1, 5, 2, 1, 6, 13, 10, 1, 2, 6, 0, 0, 3, 4, 4, 1, 7, 2, 3, 9, 7, 0, 4, 1, 5, 5, 2, 2, 0, 3, 6, 11, 1, 3, 0, 1, 2, 0, 6, 7, 1, 2, 5, 0, 1, 2, 0, 0], "scoring-beta-feature_frequency": [9, 3, 1, 0, 1, 1, 0, 0, 6, 0, 12, 0, 4, 0, 1, 0, 0, 0, 0, 1, 6, 0, 0, 1, 0, 0, 0, 1, 0, 0, 1, 0, 0, 1, 3, 0, 1, 0, 0, 0, 0, 0, 0, 0, 0, 6, 0, 0, 0, 0, 0, 0, 2, 0, 0, 0, 3, 0, 0, 0, 0, 0], "scoring-beta-escore": 0.32871595330739295, "sparsity": 1.0, "black_box": "data/german"}}, {"scoring": "coverage", "coverage": 1.0, "sparsity": 1.0, "alpha": 0.5, "beta": 90.0, "gamma": -1.0, "max_len": -1.0, "results": {"alpha": 0.5, "beta": 90.0, "gamma": 118, "max_len": Infinity, "scoring": "coverage", "scoring-fidelities": 0.7674418604651163, "beta-scoring-fidelity": 0.7674418604651163, "beta-scoring-rule_nr": 12, "mean_length": 2.593220338983051, "std_length": 0.9318951724672051, "coverage": 1.0, "beta-scoring-coverage": 0.6943521594684385, "mean-beta-scoring-length": 1.9166666666666667, "std-beta-scoring-length": 0.2763853991962833, "mean_prediction": 0.4835709361927832, "std-scoring-prediction": NaN, "rule_reduction-alpha-scoring": 0.0, "rule_reduction-beta-scoring": 0.1016949152542373, "len_reduction-beta-scoring": 0.7391067538126361, "simplicity-beta-scoring": 0.07516339869281045, "feature_frequency": [45, 9, 3, 8, 9, 1, 0, 4, 29, 2, 24, 0, 12, 3, 1, 5, 2, 1, 6, 13, 10, 1, 2, 6, 0, 0, 3, 4, 4, 1, 7, 2, 3, 9, 7, 0, 4, 1, 5, 5, 2, 2, 0, 3, 6, 11, 1, 3, 0, 1, 2, 0, 6, 7, 1, 2, 5, 0, 1, 2, 0, 0], "scoring-beta-feature_frequency": [4, 2, 0, 0, 0, 1, 0, 0, 2, 0, 6, 0, 3, 0, 1, 0, 0, 0, 0, 0, 2, 0, 0, 0, 0, 0, 0, 0, 0, 0, 0, 0, 0, 0, 0, 0, 0, 0, 0, 0, 0, 0, 0, 0, 0, 2, 0, 0, 0, 0, 0, 0, 0, 0, 0, 0, 0, 0, 0, 0, 0, 0], "scoring-beta-escore": 0.1369171101289799, "sparsity": 1.0, "black_box": "data/german"}}, {"scoring": "coverage", "coverage": 1.0, "sparsity": 1.0, "alpha": 0.5, "beta": 99.0, "gamma": -1.0, "max_len": -1.0, "results": {"alpha": 0.5, "beta": 99.0, "gamma": 118, "max_len": Infinity, "scoring": "coverage", "scoring-fidelities": 0.7674418604651163, "beta-scoring-fidelity": 0.7674418604651163, "beta-scoring-rule_nr": 2, "mean_length": 2.593220338983051, "std_length": 0.9318951724672051, "coverage": 1.0, "beta-scoring-coverage": 0.3754152823920266, "mean-beta-scoring-length": 1.5, "std-beta-scoring-length": 0.5, "mean_prediction": 0.4835709361927832, "std-scoring-prediction": NaN, "rule_reduction-alpha-scoring": 0.0, "rule_reduction-beta-scoring": 0.01694915254237288, "len_reduction-beta-scoring": 0.5784313725490196, "simplicity-beta-scoring": 0.00980392156862745, "feature_frequency": [45, 9, 3, 8, 9, 1, 0, 4, 29, 2, 24, 0, 12, 3, 1, 5, 2, 1, 6, 13, 10, 1, 2, 6, 0, 0, 3, 4, 4, 1, 7, 2, 3, 9, 7, 0, 4, 1, 5, 5, 2, 2, 0, 3, 6, 11, 1, 3, 0, 1, 2, 0, 6, 7, 1, 2, 5, 0, 1, 2, 0, 0], "scoring-beta-feature_frequency": [0, 1, 0, 0, 0, 0, 0, 0, 0, 0, 2, 0, 0, 0, 0, 0, 0, 0, 0, 0, 0, 0, 0, 0, 0, 0, 0, 0, 0, 0, 0, 0, 0, 0, 0, 0, 0, 0, 0, 0, 0, 0, 0, 0, 0, 0, 0, 0, 0, 0, 0, 0, 0, 0, 0, 0, 0, 0, 0, 0, 0, 0], "scoring-beta-escore": 0.019360516280434146, "sparsity": 1.0, "black_box": "data/german"}}]}