{"name": "german.cpar.dnn.r2", "runs": [{"scoring": "r2", "coverage": 1.0, "sparsity": 1.0, "alpha": 0.5, "beta": 0.0, "gamma": -1.0, "max_len": -1.0, "results": {"alpha": 0.5, "beta": 0.0, "gamma": 26, "max_len": Infinity, "scoring": "r2", "scoring-fidelities": 1.0, "beta-scoring-fidelity": 0.787375415282392, "beta-scoring-rule_nr": 26, "mean_length": 2.1923076923076925, "std_length": 1.1773252203856899, "coverage": 1.0, "beta-scoring-coverage": 0.717607973421927, "mean-beta-scoring-length": 2.1923076923076925, "std-beta-scoring-length": 1.1773252203856899, "mean_prediction": 0.46153846153846145, "std-scoring-prediction": NaN, "rule_reduction-alpha-scoring": 0.0, "rule_reduction-beta-scoring": 1.0, "len_reduction-beta-scoring": 1.0, "simplicity-beta-scoring": 1.0, "feature_frequency": [4, 5, 2, 1, 7, 1, 0, 0, 4, 0, 9, 0, 0, 0, 0, 1, 0, 1, 0, 0, 2, 0, 0, 0, 0, 0, 2, 0, 0, 0, 0, 2, 2, 2, 0, 0, 0, 1, 0, 0, 0, 1, 0, 0, 0, 2, 3, 0, 0, 0, 0, 1, 1, 0, 2, 1, 0, 0, 0, 0, 0, 0], "scoring-beta-feature_frequency": [4, 5, 2, 1, 7, 1, 0, 0, 4, 0, 9, 0, 0, 0, 0, 1, 0, 1, 0, 0, 2, 0, 0, 0, 0, 0, 2, 0, 0, 0, 0, 2, 2, 2, 0, 0, 0, 1, 0, 0, 0, 1, 0, 0, 0, 2, 3, 0, 0, 0, 0, 1, 1, 0, 2, 1, 0, 0, 0, 0, 0, 0], "scoring-beta-escore": 0.8810408921933085, "sparsity": 1.0, "black_box": "data/german"}}, {"scoring": "r2", "coverage": 1.0, "sparsity": 1.0, "alpha": 0.5, "beta": 25.0, "gamma": -1.0, "max_len": -1.0, "results": {"alpha": 0.5, "beta": 25.0, "gamma": 26, "max_len": Infinity, "scoring": "r2", "scoring-fidelities": 1.0, "beta-scoring-fidelity": 0.8172757475083057, "beta-scoring-rule_nr": 19, "mean_length": 2.1923076923076925, "std_length": 1.1773252203856899, "coverage": 1.0, "beta-scoring-coverage": 0.6877076411960132, "mean-beta-scoring-length": 2.210526315789474, "std-beta-scoring-length": 1.280581585325941, "mean_prediction": 0.46153846153846145, "std-scoring-prediction": NaN, "rule_reduction-alpha-scoring": 0.0, "rule_reduction-beta-scoring": 0.7307692307692307, "len_reduction-beta-scoring": 1.0083102493074791, "simplicity-beta-scoring": 0.7368421052631577, "feature_frequency": [4, 5, 2, 1, 7, 1, 0, 0, 4, 0, 9, 0, 0, 0, 0, 1, 0, 1, 0, 0, 2, 0, 0, 0, 0, 0, 2, 0, 0, 0, 0, 2, 2, 2, 0, 0, 0, 1, 0, 0, 0, 1, 0, 0, 0, 2, 3, 0, 0, 0, 0, 1, 1, 0, 2, 1, 0, 0, 0, 0, 0, 0], "scoring-beta-feature_frequency": [3, 5, 1, 0, 5, 0, 0, 0, 3, 0, 8, 0, 0, 0, 0, 0, 0, 1, 0, 0, 1, 0, 0, 0, 0, 0, 2, 0, 0, 0, 0, 1, 2, 2, 0, 0, 0, 0, 0, 0, 0, 1, 0, 0, 0, 2, 2, 0, 0, 0, 0, 1, 0, 0, 2, 0, 0, 0, 0, 0, 0, 0], "scoring-beta-escore": 0.7749774977497749, "sparsity": 1.0, "black_box": "data/german"}}, {"scoring": "r2", "coverage": 1.0, "sparsity": 1.0, "alpha": 0.5, "beta": 50.0, "gamma": -1.0, "max_len": -1.0, "results": {"alpha": 0.5, "beta": 50.0, "gamma": 26, "max_len": Infinity, "scoring": "r2", "scoring-fidelities": 1.0, "beta-scoring-fidelity": 0.8438538205980066, "beta-scoring-rule_nr": 13, "mean_length": 2.1923076923076925, "std_length": 1.1773252203856899, "coverage": 1.0, "beta-scoring-coverage": 0.6611295681063123, "mean-beta-scoring-length": 1.8461538461538463, "std-beta-scoring-length": 1.0986812966989, "mean_prediction": 0.46153846153846145, "std-scoring-prediction": NaN, "rule_reduction-alpha-scoring": 0.0, "rule_reduction-beta-scoring": 0.5, "len_reduction-beta-scoring": 0.8421052631578947, "simplicity-beta-scoring": 0.42105263157894735, "feature_frequency": [4, 5, 2, 1, 7, 1, 0, 0, 4, 0, 9, 0, 0, 0, 0, 1, 0, 1, 0, 0, 2, 0, 0, 0, 0, 0, 2, 0, 0, 0, 0, 2, 2, 2, 0, 0, 0, 1, 0, 0, 0, 1, 0, 0, 0, 2, 3, 0, 0, 0, 0, 1, 1, 0, 2, 1, 0, 0, 0, 0, 0, 0], "scoring-beta-feature_frequency": [2, 4, 0, 0, 2, 0, 0, 0, 2, 0, 5, 0, 0, 0, 0, 0, 0, 1, 0, 0, 1, 0, 0, 0, 0, 0, 2, 0, 0, 0, 0, 0, 1, 0, 0, 0, 0, 0, 0, 0, 0, 1, 0, 0, 0, 1, 0, 0, 0, 0, 0, 1, 0, 0, 1, 0, 0, 0, 0, 0, 0, 0], "scoring-beta-escore": 0.561791539950235, "sparsity": 1.0, "black_box": "data/german"}}, {"scoring": "r2", "coverage": 1.0, "sparsity": 1.0, "alpha": 0.5, "beta": 75.0, "gamma": -1.0, "max_len": -1.0, "results": {"alpha": 0.5, "beta": 75.0, "gamma": 26, "max_len": Infinity, "scoring": "r2", "scoring-fidelities": 1.0, "beta-scoring-fidelity": 0.946843853820598, "beta-scoring-rule_nr": 7, "mean_length": 2.1923076923076925, "std_length": 1.1773252203856899, "coverage": 1.0, "beta-scoring-coverage": 0.4983388704318937, "mean-beta-scoring-length": 1.5714285714285714, "std-beta-scoring-length": 0.7284313590846835, "mean_prediction": 0.46153846153846145, "std-scoring-prediction": NaN, "rule_reduction-alpha-scoring": 0.0, "rule_reduction-beta-scoring": 0.2692307692307692, "len_reduction-beta-scoring": 0.7167919799498746, "simplicity-beta-scoring": 0.19298245614035087, "feature_frequency": [4, 5, 2, 1, 7, 1, 0, 0, 4, 0, 9, 0, 0, 0, 0, 1, 0, 1, 0, 0, 2, 0, 0, 0, 0, 0, 2, 0, 0, 0, 0, 2, 2, 2, 0, 0, 0, 1, 0, 0, 0, 1, 0, 0, 0, 2, 3, 0, 0, 0, 0, 1, 1, 0, 2, 1, 0, 0, 0, 0, 0, 0], "scoring-beta-feature_frequency": [1, 1, 0, 0, 1, 0, 0, 0, 0, 0, 4, 0, 0, 0, 0, 0, 0, 0, 0, 0, 1, 0, 0, 0, 0, 0, 1, 0, 0, 0, 0, 0, 0, 0, 0, 0, 0, 0, 0, 0, 0, 0, 0, 0, 0, 1, 0, 0, 0, 0, 0, 1, 0, 0, 0, 0, 0, 0, 0, 0, 0, 0], "scoring-beta-escore": 0.3206177132337901, "sparsity": 1.0, "black_box": "data/german"}}, {"scoring": "r2", "coverage": 1.0, "sparsity": 1.0, "alpha": 0.5, "beta": 90.0, "gamma": -1.0, "max_len": -1.0, "results": {"alpha": 0.5, "beta": 90.0, "gamma": 26, "max_len": Infinity, "scoring": "r2", "scoring-fidelities": 1.0, "beta-scoring-fidelity": 1.0, "beta-scoring-rule_nr": 3, "mean_length": 2.1923076923076925, "std_length": 1.1773252203856899, "coverage": 1.0, "beta-scoring-coverage": 0.3754152823920266, "mean-beta-scoring-length": 2.0, "std-beta-scoring-length": 0.816496580927726, "mean_prediction": 0.46153846153846145, "std-scoring-prediction": NaN, "rule_reduction-alpha-scoring": 0.0, "rule_reduction-beta-scoring": 0.11538461538461539, "len_reduction-beta-scoring": 0.9122807017543859, "simplicity-beta-scoring": 0.10526315789473684, "feature_frequency": [4, 5, 2, 1, 7, 1, 0, 0, 4, 0, 9, 0, 0, 0, 0, 1, 0, 1, 0, 0, 2, 0, 0, 0, 0, 0, 2, 0, 0, 0, 0, 2, 2, 2, 0, 0, 0, 1, 0, 0, 0, 1, 0, 0, 0, 2, 3, 0, 0, 0, 0, 1, 1, 0, 2, 1, 0, 0, 0, 0, 0, 0], "scoring-beta-feature_frequency": [0, 0, 0, 0, 1, 0, 0, 0, 0, 0, 3, 0, 0, 0, 0, 0, 0, 0, 0, 0, 1, 0, 0, 0, 0, 0, 0, 0, 0, 0, 0, 0, 0, 0, 0, 0, 0, 0, 0, 0, 0, 0, 0, 0, 0, 0, 0, 0, 0, 0, 0, 1, 0, 0, 0, 0, 0, 0, 0, 0, 0, 0], "scoring-beta-escore": 0.19047619047619047, "sparsity": 1.0, "black_box": "data/german"}}, {"scoring": "r2", "coverage": 1.0, "sparsity": 1.0, "alpha": 0.5, "beta": 99.0, "gamma": -1.0, "max_len": -1.0, "results": {"alpha": 0.5, "beta": 99.0, "gamma": 26, "max_len": Infinity, "scoring": "r2", "scoring-fidelities": 1.0, "beta-scoring-fidelity": 1.0, "beta-scoring-rule_nr": 1, "mean_length": 2.1923076923076925, "std_length": 1.1773252203856899, "coverage": 1.0, "beta-scoring-coverage": 0.3754152823920266, "mean-beta-scoring-length": 1.0, "std-beta-scoring-length": 0.0, "mean_prediction": 0.46153846153846145, "std-scoring-prediction": NaN, "rule_reduction-alpha-scoring": 0.0, "rule_reduction-beta-scoring": 0.038461538461538464, "len_reduction-beta-scoring": 0.45614035087719296, "simplicity-beta-scoring": 0.017543859649122806, "feature_frequency": [4, 5, 2, 1, 7, 1, 0, 0, 4, 0, 9, 0, 0, 0, 0, 1, 0, 1, 0, 0, 2, 0, 0, 0, 0, 0, 2, 0, 0, 0, 0, 2, 2, 2, 0, 0, 0, 1, 0, 0, 0, 1, 0, 0, 0, 2, 3, 0, 0, 0, 0, 1, 1, 0, 2, 1, 0, 0, 0, 0, 0, 0], "scoring-beta-feature_frequency": [0, 0, 0, 0, 0, 0, 0, 0, 0, 0, 1, 0, 0, 0, 0, 0, 0, 0, 0, 0, 0, 0, 0, 0, 0, 0, 0, 0, 0, 0, 0, 0, 0, 0, 0, 0, 0, 0, 0, 0, 0, 0, 0, 0, 0, 0, 0, 0, 0, 0, 0, 0, 0, 0, 0, 0, 0, 0, 0, 0, 0, 0], "scoring-beta-escore": 0.034482758620689655, "sparsity": 1.0, "black_box": "data/german"}}]}