{"name": "german.cpar.rf.fidelity", "runs": [{"scoring": "fidelity", "coverage": 1.0, "sparsity": 1.0, "alpha": 0.5, "beta": 0.0, "gamma": -1.0, "max_len": -1.0, "results": {"alpha": 0.5, "beta": 0.0, "gamma": 18, "max_len": Infinity, "scoring": "fidelity", "scoring-fidelities": 0.7707641196013288, "beta-scoring-fidelity": 0.7707641196013288, "beta-scoring-rule_nr": 18, "mean_length": 2.3333333333333335, "std_length": 1.4142135623730951, "coverage": 1.0, "beta-scoring-coverage": 0.8770764119601329, "mean-beta-scoring-length": 2.3333333333333335, "std-beta-scoring-length": 1.4142135623730951, "mean_prediction": 0.5, "std-scoring-prediction": 0.5, "rule_reduction-alpha-scoring": 1.0, "rule_reduction-beta-scoring": 1.0, "len_reduction-beta-scoring": 1.0, "simplicity-beta-scoring": 1.0, "feature_frequency": [5, 4, 1, 1, 0, 0, 0, 0, 7, 0, 2, 0, 4, 1, 0, 1, 1, 0, 0, 0, 0, 0, 1, 1, 0, 0, 0, 1, 0, 0, 1, 0, 1, 0, 0, 0, 1, 0, 0, 0, 1, 0, 1, 0, 0, 3, 0, 0, 1, 0, 0, 1, 0, 0, 2, 0, 0, 0, 0, 0, 0, 0], "scoring-beta-feature_frequency": [5, 4, 1, 1, 0, 0, 0, 0, 7, 0, 2, 0, 4, 1, 0, 1, 1, 0, 0, 0, 0, 0, 1, 1, 0, 0, 0, 1, 0, 0, 1, 0, 1, 0, 0, 0, 1, 0, 0, 0, 1, 0, 1, 0, 0, 3, 0, 0, 1, 0, 0, 1, 0, 0, 2, 0, 0, 0, 0, 0, 0, 0], "scoring-beta-escore": 0.8705440900562851, "sparsity": 1.0, "black_box": "data/german"}}, {"scoring": "fidelity", "coverage": 1.0, "sparsity": 1.0, "alpha": 0.5, "beta": 25.0, "gamma": -1.0, "max_len": -1.0, "results": {"alpha": 0.5, "beta": 25.0, "gamma": 18, "max_len": Infinity, "scoring": "fidelity", "scoring-fidelities": 0.7707641196013288, "beta-scoring-fidelity": 0.7707641196013288, "beta-scoring-rule_nr": 18, "mean_length": 2.3333333333333335, "std_length": 1.4142135623730951, "coverage": 1.0, "beta-scoring-coverage": 0.8770764119601329, "mean-beta-scoring-length": 2.3333333333333335, "std-beta-scoring-length": 1.4142135623730951, "mean_prediction": 0.5, "std-scoring-prediction": 0.5, "rule_reduction-alpha-scoring": 1.0, "rule_reduction-beta-scoring": 1.0, "len_reduction-beta-scoring": 1.0, "simplicity-beta-scoring": 1.0, "feature_frequency": [5, 4, 1, 1, 0, 0, 0, 0, 7, 0, 2, 0, 4, 1, 0, 1, 1, 0, 0, 0, 0, 0, 1, 1, 0, 0, 0, 1, 0, 0, 1, 0, 1, 0, 0, 0, 1, 0, 0, 0, 1, 0, 1, 0, 0, 3, 0, 0, 1, 0, 0, 1, 0, 0, 2, 0, 0, 0, 0, 0, 0, 0], "scoring-beta-feature_frequency": [5, 4, 1, 1, 0, 0, 0, 0, 7, 0, 2, 0, 4, 1, 0, 1, 1, 0, 0, 0, 0, 0, 1, 1, 0, 0, 0, 1, 0, 0, 1, 0, 1, 0, 0, 0, 1, 0, 0, 0, 1, 0, 1, 0, 0, 3, 0, 0, 1, 0, 0, 1, 0, 0, 2, 0, 0, 0, 0, 0, 0, 0], "scoring-beta-escore": 0.8705440900562851, "sparsity": 1.0, "black_box": "data/german"}}, {"scoring": "fidelity", "coverage": 1.0, "sparsity": 1.0, "alpha": 0.5, "beta": 50.0, "gamma": -1.0, "max_len": -1.0, "results": {"alpha": 0.5, "beta": 50.0, "gamma": 18, "max_len": Infinity, "scoring": "fidelity", "scoring-fidelities": 0.7707641196013288, "beta-scoring-fidelity": 0.7707641196013288, "beta-scoring-rule_nr": 9, "mean_length": 2.3333333333333335, "std_length": 1.4142135623730951, "coverage": 1.0, "beta-scoring-coverage": 0.3488372093023256, "mean-beta-scoring-length": 2.7777777777777777, "std-beta-scoring-length": 1.8121673811444545, "mean_prediction": 0.5, "std-scoring-prediction": 0.5, "rule_reduction-alpha-scoring": 1.0, "rule_reduction-beta-scoring": 0.5, "len_reduction-beta-scoring": 1.1904761904761905, "simplicity-beta-scoring": 0.5952380952380952, "feature_frequency": [5, 4, 1, 1, 0, 0, 0, 0, 7, 0, 2, 0, 4, 1, 0, 1, 1, 0, 0, 0, 0, 0, 1, 1, 0, 0, 0, 1, 0, 0, 1, 0, 1, 0, 0, 0, 1, 0, 0, 0, 1, 0, 1, 0, 0, 3, 0, 0, 1, 0, 0, 1, 0, 0, 2, 0, 0, 0, 0, 0, 0, 0], "scoring-beta-feature_frequency": [3, 1, 1, 1, 0, 0, 0, 0, 5, 0, 0, 0, 2, 0, 0, 1, 1, 0, 0, 0, 0, 0, 1, 1, 0, 0, 0, 0, 0, 0, 1, 0, 0, 0, 0, 0, 1, 0, 0, 0, 1, 0, 1, 0, 0, 2, 0, 0, 0, 0, 0, 0, 0, 0, 2, 0, 0, 0, 0, 0, 0, 0], "scoring-beta-escore": 0.6717238983148995, "sparsity": 1.0, "black_box": "data/german"}}, {"scoring": "fidelity", "coverage": 1.0, "sparsity": 1.0, "alpha": 0.5, "beta": 75.0, "gamma": -1.0, "max_len": -1.0, "results": {"alpha": 0.5, "beta": 75.0, "gamma": 18, "max_len": Infinity, "scoring": "fidelity", "scoring-fidelities": 0.7707641196013288, "beta-scoring-fidelity": 0.8372093023255813, "beta-scoring-rule_nr": 5, "mean_length": 2.3333333333333335, "std_length": 1.4142135623730951, "coverage": 1.0, "beta-scoring-coverage": 0.14950166112956811, "mean-beta-scoring-length": 3.8, "std-beta-scoring-length": 1.8330302779823362, "mean_prediction": 0.5, "std-scoring-prediction": 0.5, "rule_reduction-alpha-scoring": 1.0, "rule_reduction-beta-scoring": 0.2777777777777778, "len_reduction-beta-scoring": 1.6285714285714283, "simplicity-beta-scoring": 0.45238095238095233, "feature_frequency": [5, 4, 1, 1, 0, 0, 0, 0, 7, 0, 2, 0, 4, 1, 0, 1, 1, 0, 0, 0, 0, 0, 1, 1, 0, 0, 0, 1, 0, 0, 1, 0, 1, 0, 0, 0, 1, 0, 0, 0, 1, 0, 1, 0, 0, 3, 0, 0, 1, 0, 0, 1, 0, 0, 2, 0, 0, 0, 0, 0, 0, 0], "scoring-beta-feature_frequency": [3, 1, 0, 1, 0, 0, 0, 0, 3, 0, 0, 0, 2, 0, 0, 0, 0, 0, 0, 0, 0, 0, 0, 1, 0, 0, 0, 0, 0, 0, 1, 0, 0, 0, 0, 0, 1, 0, 0, 0, 1, 0, 1, 0, 0, 2, 0, 0, 0, 0, 0, 0, 0, 0, 2, 0, 0, 0, 0, 0, 0, 0], "scoring-beta-escore": 0.5873765564620008, "sparsity": 1.0, "black_box": "data/german"}}, {"scoring": "fidelity", "coverage": 1.0, "sparsity": 1.0, "alpha": 0.5, "beta": 90.0, "gamma": -1.0, "max_len": -1.0, "results": {"alpha": 0.5, "beta": 90.0, "gamma": 18, "max_len": Infinity, "scoring": "fidelity", "scoring-fidelities": 0.7707641196013288, "beta-scoring-fidelity": 0.8438538205980066, "beta-scoring-rule_nr": 2, "mean_length": 2.3333333333333335, "std_length": 1.4142135623730951, "coverage": 1.0, "beta-scoring-coverage": 0.07641196013289037, "mean-beta-scoring-length": 6.0, "std-beta-scoring-length": 0.0, "mean_prediction": 0.5, "std-scoring-prediction": 0.5, "rule_reduction-alpha-scoring": 1.0, "rule_reduction-beta-scoring": 0.1111111111111111, "len_reduction-beta-scoring": 2.571428571428571, "simplicity-beta-scoring": 0.28571428571428564, "feature_frequency": [5, 4, 1, 1, 0, 0, 0, 0, 7, 0, 2, 0, 4, 1, 0, 1, 1, 0, 0, 0, 0, 0, 1, 1, 0, 0, 0, 1, 0, 0, 1, 0, 1, 0, 0, 0, 1, 0, 0, 0, 1, 0, 1, 0, 0, 3, 0, 0, 1, 0, 0, 1, 0, 0, 2, 0, 0, 0, 0, 0, 0, 0], "scoring-beta-feature_frequency": [0, 0, 0, 0, 0, 0, 0, 0, 2, 0, 0, 0, 2, 0, 0, 0, 0, 0, 0, 0, 0, 0, 0, 1, 0, 0, 0, 0, 0, 0, 1, 0, 0, 0, 0, 0, 1, 0, 0, 0, 0, 0, 1, 0, 0, 2, 0, 0, 0, 0, 0, 0, 0, 0, 2, 0, 0, 0, 0, 0, 0, 0], "scoring-beta-escore": 0.42689075630252094, "sparsity": 1.0, "black_box": "data/german"}}, {"scoring": "fidelity", "coverage": 1.0, "sparsity": 1.0, "alpha": 0.5, "beta": 99.0, "gamma": -1.0, "max_len": -1.0, "results": {"alpha": 0.5, "beta": 99.0, "gamma": 18, "max_len": Infinity, "scoring": "fidelity", "scoring-fidelities": 0.7707641196013288, "beta-scoring-fidelity": 0.8438538205980066, "beta-scoring-rule_nr": 2, "mean_length": 2.3333333333333335, "std_length": 1.4142135623730951, "coverage": 1.0, "beta-scoring-coverage": 0.07641196013289037, "mean-beta-scoring-length": 6.0, "std-beta-scoring-length": 0.0, "mean_prediction": 0.5, "std-scoring-prediction": 0.5, "rule_reduction-alpha-scoring": 1.0, "rule_reduction-beta-scoring": 0.1111111111111111, "len_reduction-beta-scoring": 2.571428571428571, "simplicity-beta-scoring": 0.28571428571428564, "feature_frequency": [5, 4, 1, 1, 0, 0, 0, 0, 7, 0, 2, 0, 4, 1, 0, 1, 1, 0, 0, 0, 0, 0, 1, 1, 0, 0, 0, 1, 0, 0, 1, 0, 1, 0, 0, 0, 1, 0, 0, 0, 1, 0, 1, 0, 0, 3, 0, 0, 1, 0, 0, 1, 0, 0, 2, 0, 0, 0, 0, 0, 0, 0], "scoring-beta-feature_frequency": [0, 0, 0, 0, 0, 0, 0, 0, 2, 0, 0, 0, 2, 0, 0, 0, 0, 0, 0, 0, 0, 0, 0, 1, 0, 0, 0, 0, 0, 0, 1, 0, 0, 0, 0, 0, 1, 0, 0, 0, 0, 0, 1, 0, 0, 2, 0, 0, 0, 0, 0, 0, 0, 0, 2, 0, 0, 0, 0, 0, 0, 0], "scoring-beta-escore": 0.42689075630252094, "sparsity": 1.0, "black_box": "data/german"}}]}