{"name": "german.cpar.dnn.fidelity", "runs": [{"scoring": "fidelity", "coverage": 1.0, "sparsity": 1.0, "alpha": 0.5, "beta": 0.0, "gamma": -1.0, "max_len": -1.0, "results": {"alpha": 0.5, "beta": 0.0, "gamma": 26, "max_len": Infinity, "scoring": "fidelity", "scoring-fidelities": 0.7940199335548173, "beta-scoring-fidelity": 0.7940199335548173, "beta-scoring-rule_nr": 26, "mean_length": 2.1923076923076925, "std_length": 1.1773252203856899, "coverage": 1.0, "beta-scoring-coverage": 0.717607973421927, "mean-beta-scoring-length": 2.1923076923076925, "std-beta-scoring-length": 1.1773252203856899, "mean_prediction": 0.46153846153846145, "std-scoring-prediction": 0.46153846153846145, "rule_reduction-alpha-scoring": 1.0, "rule_reduction-beta-scoring": 1.0, "len_reduction-beta-scoring": 1.0, "simplicity-beta-scoring": 1.0, "feature_frequency": [4, 5, 2, 1, 7, 1, 0, 0, 4, 0, 9, 0, 0, 0, 0, 1, 0, 1, 0, 0, 2, 0, 0, 0, 0, 0, 2, 0, 0, 0, 0, 2, 2, 2, 0, 0, 0, 1, 0, 0, 0, 1, 0, 0, 0, 2, 3, 0, 0, 0, 0, 1, 1, 0, 2, 1, 0, 0, 0, 0, 0, 0], "scoring-beta-feature_frequency": [4, 5, 2, 1, 7, 1, 0, 0, 4, 0, 9, 0, 0, 0, 0, 1, 0, 1, 0, 0, 2, 0, 0, 0, 0, 0, 2, 0, 0, 0, 0, 2, 2, 2, 0, 0, 0, 1, 0, 0, 0, 1, 0, 0, 0, 2, 3, 0, 0, 0, 0, 1, 1, 0, 2, 1, 0, 0, 0, 0, 0, 0], "scoring-beta-escore": 0.8851851851851852, "sparsity": 1.0, "black_box": "data/german"}}, {"scoring": "fidelity", "coverage": 1.0, "sparsity": 1.0, "alpha": 0.5, "beta": 25.0, "gamma": -1.0, "max_len": -1.0, "results": {"alpha": 0.5, "beta": 25.0, "gamma": 26, "max_len": Infinity, "scoring": "fidelity", "scoring-fidelities": 0.7940199335548173, "beta-scoring-fidelity": 0.8970099667774086, "beta-scoring-rule_nr": 19, "mean_length": 2.1923076923076925, "std_length": 1.1773252203856899, "coverage": 1.0, "beta-scoring-coverage": 0.6146179401993356, "mean-beta-scoring-length": 2.0, "std-beta-scoring-length": 0.9176629354822471, "mean_prediction": 0.46153846153846145, "std-scoring-prediction": 0.46153846153846145, "rule_reduction-alpha-scoring": 1.0, "rule_reduction-beta-scoring": 0.7307692307692307, "len_reduction-beta-scoring": 0.9122807017543859, "simplicity-beta-scoring": 0.6666666666666666, "feature_frequency": [4, 5, 2, 1, 7, 1, 0, 0, 4, 0, 9, 0, 0, 0, 0, 1, 0, 1, 0, 0, 2, 0, 0, 0, 0, 0, 2, 0, 0, 0, 0, 2, 2, 2, 0, 0, 0, 1, 0, 0, 0, 1, 0, 0, 0, 2, 3, 0, 0, 0, 0, 1, 1, 0, 2, 1, 0, 0, 0, 0, 0, 0], "scoring-beta-feature_frequency": [3, 1, 2, 1, 6, 1, 0, 0, 2, 0, 6, 0, 0, 0, 0, 1, 0, 1, 0, 0, 2, 0, 0, 0, 0, 0, 1, 0, 0, 0, 0, 2, 0, 1, 0, 0, 0, 1, 0, 0, 0, 1, 0, 0, 0, 1, 2, 0, 0, 0, 0, 1, 1, 0, 0, 1, 0, 0, 0, 0, 0, 0], "scoring-beta-escore": 0.7648725212464589, "sparsity": 1.0, "black_box": "data/german"}}, {"scoring": "fidelity", "coverage": 1.0, "sparsity": 1.0, "alpha": 0.5, "beta": 50.0, "gamma": -1.0, "max_len": -1.0, "results": {"alpha": 0.5, "beta": 50.0, "gamma": 26, "max_len": Infinity, "scoring": "fidelity", "scoring-fidelities": 0.7940199335548173, "beta-scoring-fidelity": 0.9800664451827242, "beta-scoring-rule_nr": 13, "mean_length": 2.1923076923076925, "std_length": 1.1773252203856899, "coverage": 1.0, "beta-scoring-coverage": 0.53156146179402, "mean-beta-scoring-length": 1.8461538461538463, "std-beta-scoring-length": 0.8634593969478325, "mean_prediction": 0.46153846153846145, "std-scoring-prediction": 0.46153846153846145, "rule_reduction-alpha-scoring": 1.0, "rule_reduction-beta-scoring": 0.5, "len_reduction-beta-scoring": 0.8421052631578947, "simplicity-beta-scoring": 0.42105263157894735, "feature_frequency": [4, 5, 2, 1, 7, 1, 0, 0, 4, 0, 9, 0, 0, 0, 0, 1, 0, 1, 0, 0, 2, 0, 0, 0, 0, 0, 2, 0, 0, 0, 0, 2, 2, 2, 0, 0, 0, 1, 0, 0, 0, 1, 0, 0, 0, 2, 3, 0, 0, 0, 0, 1, 1, 0, 2, 1, 0, 0, 0, 0, 0, 0], "scoring-beta-feature_frequency": [2, 1, 0, 1, 3, 1, 0, 0, 1, 0, 5, 0, 0, 0, 0, 0, 0, 1, 0, 0, 2, 0, 0, 0, 0, 0, 1, 0, 0, 0, 0, 1, 0, 0, 0, 0, 0, 0, 0, 0, 0, 1, 0, 0, 0, 1, 1, 0, 0, 0, 0, 1, 0, 0, 0, 1, 0, 0, 0, 0, 0, 0], "scoring-beta-escore": 0.5890428054411581, "sparsity": 1.0, "black_box": "data/german"}}, {"scoring": "fidelity", "coverage": 1.0, "sparsity": 1.0, "alpha": 0.5, "beta": 75.0, "gamma": -1.0, "max_len": -1.0, "results": {"alpha": 0.5, "beta": 75.0, "gamma": 26, "max_len": Infinity, "scoring": "fidelity", "scoring-fidelities": 0.7940199335548173, "beta-scoring-fidelity": 1.0, "beta-scoring-rule_nr": 10, "mean_length": 2.1923076923076925, "std_length": 1.1773252203856899, "coverage": 1.0, "beta-scoring-coverage": 0.5116279069767442, "mean-beta-scoring-length": 1.9, "std-beta-scoring-length": 0.9433981132056604, "mean_prediction": 0.46153846153846145, "std-scoring-prediction": 0.46153846153846145, "rule_reduction-alpha-scoring": 1.0, "rule_reduction-beta-scoring": 0.38461538461538464, "len_reduction-beta-scoring": 0.8666666666666666, "simplicity-beta-scoring": 0.3333333333333333, "feature_frequency": [4, 5, 2, 1, 7, 1, 0, 0, 4, 0, 9, 0, 0, 0, 0, 1, 0, 1, 0, 0, 2, 0, 0, 0, 0, 0, 2, 0, 0, 0, 0, 2, 2, 2, 0, 0, 0, 1, 0, 0, 0, 1, 0, 0, 0, 2, 3, 0, 0, 0, 0, 1, 1, 0, 2, 1, 0, 0, 0, 0, 0, 0], "scoring-beta-feature_frequency": [1, 1, 0, 0, 2, 1, 0, 0, 0, 0, 5, 0, 0, 0, 0, 0, 0, 1, 0, 0, 2, 0, 0, 0, 0, 0, 1, 0, 0, 0, 0, 1, 0, 0, 0, 0, 0, 0, 0, 0, 0, 1, 0, 0, 0, 1, 1, 0, 0, 0, 0, 1, 0, 0, 0, 0, 0, 0, 0, 0, 0, 0], "scoring-beta-escore": 0.5, "sparsity": 1.0, "black_box": "data/german"}}, {"scoring": "fidelity", "coverage": 1.0, "sparsity": 1.0, "alpha": 0.5, "beta": 90.0, "gamma": -1.0, "max_len": -1.0, "results": {"alpha": 0.5, "beta": 90.0, "gamma": 26, "max_len": Infinity, "scoring": "fidelity", "scoring-fidelities": 0.7940199335548173, "beta-scoring-fidelity": 1.0, "beta-scoring-rule_nr": 10, "mean_length": 2.1923076923076925, "std_length": 1.1773252203856899, "coverage": 1.0, "beta-scoring-coverage": 0.5116279069767442, "mean-beta-scoring-length": 1.9, "std-beta-scoring-length": 0.9433981132056604, "mean_prediction": 0.46153846153846145, "std-scoring-prediction": 0.46153846153846145, "rule_reduction-alpha-scoring": 1.0, "rule_reduction-beta-scoring": 0.38461538461538464, "len_reduction-beta-scoring": 0.8666666666666666, "simplicity-beta-scoring": 0.3333333333333333, "feature_frequency": [4, 5, 2, 1, 7, 1, 0, 0, 4, 0, 9, 0, 0, 0, 0, 1, 0, 1, 0, 0, 2, 0, 0, 0, 0, 0, 2, 0, 0, 0, 0, 2, 2, 2, 0, 0, 0, 1, 0, 0, 0, 1, 0, 0, 0, 2, 3, 0, 0, 0, 0, 1, 1, 0, 2, 1, 0, 0, 0, 0, 0, 0], "scoring-beta-feature_frequency": [1, 1, 0, 0, 2, 1, 0, 0, 0, 0, 5, 0, 0, 0, 0, 0, 0, 1, 0, 0, 2, 0, 0, 0, 0, 0, 1, 0, 0, 0, 0, 1, 0, 0, 0, 0, 0, 0, 0, 0, 0, 1, 0, 0, 0, 1, 1, 0, 0, 0, 0, 1, 0, 0, 0, 0, 0, 0, 0, 0, 0, 0], "scoring-beta-escore": 0.5, "sparsity": 1.0, "black_box": "data/german"}}, {"scoring": "fidelity", "coverage": 1.0, "sparsity": 1.0, "alpha": 0.5, "beta": 99.0, "gamma": -1.0, "max_len": -1.0, "results": {"alpha": 0.5, "beta": 99.0, "gamma": 26, "max_len": Infinity, "scoring": "fidelity", "scoring-fidelities": 0.7940199335548173, "beta-scoring-fidelity": 1.0, "beta-scoring-rule_nr": 10, "mean_length": 2.1923076923076925, "std_length": 1.1773252203856899, "coverage": 1.0, "beta-scoring-coverage": 0.5116279069767442, "mean-beta-scoring-length": 1.9, "std-beta-scoring-length": 0.9433981132056604, "mean_prediction": 0.46153846153846145, "std-scoring-prediction": 0.46153846153846145, "rule_reduction-alpha-scoring": 1.0, "rule_reduction-beta-scoring": 0.38461538461538464, "len_reduction-beta-scoring": 0.8666666666666666, "simplicity-beta-scoring": 0.3333333333333333, "feature_frequency": [4, 5, 2, 1, 7, 1, 0, 0, 4, 0, 9, 0, 0, 0, 0, 1, 0, 1, 0, 0, 2, 0, 0, 0, 0, 0, 2, 0, 0, 0, 0, 2, 2, 2, 0, 0, 0, 1, 0, 0, 0, 1, 0, 0, 0, 2, 3, 0, 0, 0, 0, 1, 1, 0, 2, 1, 0, 0, 0, 0, 0, 0], "scoring-beta-feature_frequency": [1, 1, 0, 0, 2, 1, 0, 0, 0, 0, 5, 0, 0, 0, 0, 0, 0, 1, 0, 0, 2, 0, 0, 0, 0, 0, 1, 0, 0, 0, 0, 1, 0, 0, 0, 0, 0, 0, 0, 0, 0, 1, 0, 0, 0, 1, 1, 0, 0, 0, 0, 1, 0, 0, 0, 0, 0, 0, 0, 0, 0, 0], "scoring-beta-escore": 0.5, "sparsity": 1.0, "black_box": "data/german"}}]}