{"name": "german.cpar.rf.r2", "runs": [{"scoring": "r2", "coverage": 1.0, "sparsity": 1.0, "alpha": 0.5, "beta": 0.0, "gamma": -1.0, "max_len": -1.0, "results": {"alpha": 0.5, "beta": 0.0, "gamma": 18, "max_len": Infinity, "scoring": "r2", "scoring-fidelities": 0.7674418604651163, "beta-scoring-fidelity": 0.8006644518272426, "beta-scoring-rule_nr": 18, "mean_length": 2.3333333333333335, "std_length": 1.4142135623730951, "coverage": 1.0, "beta-scoring-coverage": 0.8770764119601329, "mean-beta-scoring-length": 2.3333333333333335, "std-beta-scoring-length": 1.4142135623730951, "mean_prediction": 0.5, "std-scoring-prediction": 0.0, "rule_reduction-alpha-scoring": 0.05555555555555555, "rule_reduction-beta-scoring": 1.0, "len_reduction-beta-scoring": 1.0, "simplicity-beta-scoring": 1.0, "feature_frequency": [5, 4, 1, 1, 0, 0, 0, 0, 7, 0, 2, 0, 4, 1, 0, 1, 1, 0, 0, 0, 0, 0, 1, 1, 0, 0, 0, 1, 0, 0, 1, 0, 1, 0, 0, 0, 1, 0, 0, 0, 1, 0, 1, 0, 0, 3, 0, 0, 1, 0, 0, 1, 0, 0, 2, 0, 0, 0, 0, 0, 0, 0], "scoring-beta-feature_frequency": [5, 4, 1, 1, 0, 0, 0, 0, 7, 0, 2, 0, 4, 1, 0, 1, 1, 0, 0, 0, 0, 0, 1, 1, 0, 0, 0, 1, 0, 0, 1, 0, 1, 0, 0, 0, 1, 0, 0, 0, 1, 0, 1, 0, 0, 3, 0, 0, 1, 0, 0, 1, 0, 0, 2, 0, 0, 0, 0, 0, 0, 0], "scoring-beta-escore": 0.8892988929889298, "sparsity": 1.0, "black_box": "data/german"}}, {"scoring": "r2", "coverage": 1.0, "sparsity": 1.0, "alpha": 0.5, "beta": 25.0, "gamma": -1.0, "max_len": -1.0, "results": {"alpha": 0.5, "beta": 25.0, "gamma": 18, "max_len": Infinity, "scoring": "r2", "scoring-fidelities": 0.7674418604651163, "beta-scoring-fidelity": 0.7973421926910299, "beta-scoring-rule_nr": 13, "mean_length": 2.3333333333333335, "std_length": 1.4142135623730951, "coverage": 1.0, "beta-scoring-coverage": 0.8737541528239202, "mean-beta-scoring-length": 2.4615384615384617, "std-beta-scoring-length": 1.598816130063579, "mean_prediction": 0.5, "std-scoring-prediction": 0.0, "rule_reduction-alpha-scoring": 0.05555555555555555, "rule_reduction-beta-scoring": 0.7222222222222222, "len_reduction-beta-scoring": 1.054945054945055, "simplicity-beta-scoring": 0.7619047619047619, "feature_frequency": [5, 4, 1, 1, 0, 0, 0, 0, 7, 0, 2, 0, 4, 1, 0, 1, 1, 0, 0, 0, 0, 0, 1, 1, 0, 0, 0, 1, 0, 0, 1, 0, 1, 0, 0, 0, 1, 0, 0, 0, 1, 0, 1, 0, 0, 3, 0, 0, 1, 0, 0, 1, 0, 0, 2, 0, 0, 0, 0, 0, 0, 0], "scoring-beta-feature_frequency": [2, 2, 1, 1, 0, 0, 0, 0, 5, 0, 2, 0, 4, 1, 0, 1, 0, 0, 0, 0, 0, 0, 0, 1, 0, 0, 0, 1, 0, 0, 1, 0, 1, 0, 0, 0, 1, 0, 0, 0, 0, 0, 1, 0, 0, 3, 0, 0, 1, 0, 0, 1, 0, 0, 2, 0, 0, 0, 0, 0, 0, 0], "scoring-beta-escore": 0.7792207792207793, "sparsity": 1.0, "black_box": "data/german"}}, {"scoring": "r2", "coverage": 1.0, "sparsity": 1.0, "alpha": 0.5, "beta": 50.0, "gamma": -1.0, "max_len": -1.0, "results": {"alpha": 0.5, "beta": 50.0, "gamma": 18, "max_len": Infinity, "scoring": "r2", "scoring-fidelities": 0.7674418604651163, "beta-scoring-fidelity": 0.7840531561461794, "beta-scoring-rule_nr": 9, "mean_length": 2.3333333333333335, "std_length": 1.4142135623730951, "coverage": 1.0, "beta-scoring-coverage": 0.8305647840531561, "mean-beta-scoring-length": 2.3333333333333335, "std-beta-scoring-length": 1.4142135623730951, "mean_prediction": 0.5, "std-scoring-prediction": 0.0, "rule_reduction-alpha-scoring": 0.05555555555555555, "rule_reduction-beta-scoring": 0.5, "len_reduction-beta-scoring": 1.0, "simplicity-beta-scoring": 0.5, "feature_frequency": [5, 4, 1, 1, 0, 0, 0, 0, 7, 0, 2, 0, 4, 1, 0, 1, 1, 0, 0, 0, 0, 0, 1, 1, 0, 0, 0, 1, 0, 0, 1, 0, 1, 0, 0, 0, 1, 0, 0, 0, 1, 0, 1, 0, 0, 3, 0, 0, 1, 0, 0, 1, 0, 0, 2, 0, 0, 0, 0, 0, 0, 0], "scoring-beta-feature_frequency": [1, 1, 0, 1, 0, 0, 0, 0, 4, 0, 2, 0, 3, 1, 0, 0, 0, 0, 0, 0, 0, 0, 0, 1, 0, 0, 0, 1, 0, 0, 0, 0, 0, 0, 0, 0, 0, 0, 0, 0, 0, 0, 1, 0, 0, 2, 0, 0, 1, 0, 0, 1, 0, 0, 1, 0, 0, 0, 0, 0, 0, 0], "scoring-beta-escore": 0.610608020698577, "sparsity": 1.0, "black_box": "data/german"}}, {"scoring": "r2", "coverage": 1.0, "sparsity": 1.0, "alpha": 0.5, "beta": 75.0, "gamma": -1.0, "max_len": -1.0, "results": {"alpha": 0.5, "beta": 75.0, "gamma": 18, "max_len": Infinity, "scoring": "r2", "scoring-fidelities": 0.7674418604651163, "beta-scoring-fidelity": 0.7774086378737541, "beta-scoring-rule_nr": 5, "mean_length": 2.3333333333333335, "std_length": 1.4142135623730951, "coverage": 1.0, "beta-scoring-coverage": 0.7740863787375415, "mean-beta-scoring-length": 1.8, "std-beta-scoring-length": 0.7483314773547883, "mean_prediction": 0.5, "std-scoring-prediction": 0.0, "rule_reduction-alpha-scoring": 0.05555555555555555, "rule_reduction-beta-scoring": 0.2777777777777778, "len_reduction-beta-scoring": 0.7714285714285714, "simplicity-beta-scoring": 0.21428571428571427, "feature_frequency": [5, 4, 1, 1, 0, 0, 0, 0, 7, 0, 2, 0, 4, 1, 0, 1, 1, 0, 0, 0, 0, 0, 1, 1, 0, 0, 0, 1, 0, 0, 1, 0, 1, 0, 0, 0, 1, 0, 0, 0, 1, 0, 1, 0, 0, 3, 0, 0, 1, 0, 0, 1, 0, 0, 2, 0, 0, 0, 0, 0, 0, 0], "scoring-beta-feature_frequency": [0, 0, 0, 0, 0, 0, 0, 0, 2, 0, 2, 0, 1, 1, 0, 0, 0, 0, 0, 0, 0, 0, 0, 0, 0, 0, 0, 1, 0, 0, 0, 0, 0, 0, 0, 0, 0, 0, 0, 0, 0, 0, 0, 0, 0, 1, 0, 0, 1, 0, 0, 0, 0, 0, 0, 0, 0, 0, 0, 0, 0, 0], "scoring-beta-escore": 0.33596554199569273, "sparsity": 1.0, "black_box": "data/german"}}, {"scoring": "r2", "coverage": 1.0, "sparsity": 1.0, "alpha": 0.5, "beta": 90.0, "gamma": -1.0, "max_len": -1.0, "results": {"alpha": 0.5, "beta": 90.0, "gamma": 18, "max_len": Infinity, "scoring": "r2", "scoring-fidelities": 0.7674418604651163, "beta-scoring-fidelity": 0.7674418604651163, "beta-scoring-rule_nr": 2, "mean_length": 2.3333333333333335, "std_length": 1.4142135623730951, "coverage": 1.0, "beta-scoring-coverage": 0.3754152823920266, "mean-beta-scoring-length": 2.0, "std-beta-scoring-length": 1.0, "mean_prediction": 0.5, "std-scoring-prediction": 0.0, "rule_reduction-alpha-scoring": 0.05555555555555555, "rule_reduction-beta-scoring": 0.1111111111111111, "len_reduction-beta-scoring": 0.8571428571428571, "simplicity-beta-scoring": 0.09523809523809523, "feature_frequency": [5, 4, 1, 1, 0, 0, 0, 0, 7, 0, 2, 0, 4, 1, 0, 1, 1, 0, 0, 0, 0, 0, 1, 1, 0, 0, 0, 1, 0, 0, 1, 0, 1, 0, 0, 0, 1, 0, 0, 0, 1, 0, 1, 0, 0, 3, 0, 0, 1, 0, 0, 1, 0, 0, 2, 0, 0, 0, 0, 0, 0, 0], "scoring-beta-feature_frequency": [0, 0, 0, 0, 0, 0, 0, 0, 0, 0, 2, 0, 0, 1, 0, 0, 0, 0, 0, 0, 0, 0, 0, 0, 0, 0, 0, 0, 0, 0, 0, 0, 0, 0, 0, 0, 0, 0, 0, 0, 0, 0, 0, 0, 0, 0, 0, 0, 1, 0, 0, 0, 0, 0, 0, 0, 0, 0, 0, 0, 0, 0], "scoring-beta-escore": 0.16944801026957637, "sparsity": 1.0, "black_box": "data/german"}}, {"scoring": "r2", "coverage": 1.0, "sparsity": 1.0, "alpha": 0.5, "beta": 99.0, "gamma": -1.0, "max_len": -1.0, "results": {"alpha": 0.5, "beta": 99.0, "gamma": 18, "max_len": Infinity, "scoring": "r2", "scoring-fidelities": 0.7674418604651163, "beta-scoring-fidelity": 0.7674418604651163, "beta-scoring-rule_nr": 1, "mean_length": 2.3333333333333335, "std_length": 1.4142135623730951, "coverage": 1.0, "beta-scoring-coverage": 0.3754152823920266, "mean-beta-scoring-length": 1.0, "std-beta-scoring-length": 0.0, "mean_prediction": 0.5, "std-scoring-prediction": 0.0, "rule_reduction-alpha-scoring": 0.05555555555555555, "rule_reduction-beta-scoring": 0.05555555555555555, "len_reduction-beta-scoring": 0.42857142857142855, "simplicity-beta-scoring": 0.023809523809523808, "feature_frequency": [5, 4, 1, 1, 0, 0, 0, 0, 7, 0, 2, 0, 4, 1, 0, 1, 1, 0, 0, 0, 0, 0, 1, 1, 0, 0, 0, 1, 0, 0, 1, 0, 1, 0, 0, 0, 1, 0, 0, 0, 1, 0, 1, 0, 0, 3, 0, 0, 1, 0, 0, 1, 0, 0, 2, 0, 0, 0, 0, 0, 0, 0], "scoring-beta-feature_frequency": [0, 0, 0, 0, 0, 0, 0, 0, 0, 0, 1, 0, 0, 0, 0, 0, 0, 0, 0, 0, 0, 0, 0, 0, 0, 0, 0, 0, 0, 0, 0, 0, 0, 0, 0, 0, 0, 0, 0, 0, 0, 0, 0, 0, 0, 0, 0, 0, 0, 0, 0, 0, 0, 0, 0, 0, 0, 0, 0, 0, 0, 0], "scoring-beta-escore": 0.04618614415675298, "sparsity": 1.0, "black_box": "data/german"}}]}