{"name": "german.rf.fidelity", "runs": [{"scoring": "fidelity", "coverage": 1.0, "sparsity": 1.0, "alpha": 0.5, "beta": 0.0, "gamma": -1.0, "max_len": -1.0, "results": {"alpha": 0.5, "beta": 0.0, "gamma": 118, "max_len": Infinity, "scoring": "fidelity", "scoring-fidelities": 0.8538205980066444, "beta-scoring-fidelity": 0.8538205980066444, "beta-scoring-rule_nr": 118, "mean_length": 2.593220338983051, "std_length": 0.9318951724672051, "coverage": 1.0, "beta-scoring-coverage": 0.9833887043189369, "mean-beta-scoring-length": 2.593220338983051, "std-beta-scoring-length": 0.9318951724672051, "mean_prediction": 0.4835709361927832, "std-scoring-prediction": 0.4835709361927832, "rule_reduction-alpha-scoring": 1.0, "rule_reduction-beta-scoring": 1.0, "len_reduction-beta-scoring": 1.0, "simplicity-beta-scoring": 1.0, "feature_frequency": [45, 9, 3, 8, 9, 1, 0, 4, 29, 2, 24, 0, 12, 3, 1, 5, 2, 1, 6, 13, 10, 1, 2, 6, 0, 0, 3, 4, 4, 1, 7, 2, 3, 9, 7, 0, 4, 1, 5, 5, 2, 2, 0, 3, 6, 11, 1, 3, 0, 1, 2, 0, 6, 7, 1, 2, 5, 0, 1, 2, 0, 0], "scoring-beta-feature_frequency": [45, 9, 3, 8, 9, 1, 0, 4, 29, 2, 24, 0, 12, 3, 1, 5, 2, 1, 6, 13, 10, 1, 2, 6, 0, 0, 3, 4, 4, 1, 7, 2, 3, 9, 7, 0, 4, 1, 5, 5, 2, 2, 0, 3, 6, 11, 1, 3, 0, 1, 2, 0, 6, 7, 1, 2, 5, 0, 1, 2, 0, 0], "scoring-beta-escore": 0.9211469534050178, "sparsity": 1.0, "black_box": "data/german"}}, {"scoring": "fidelity", "coverage": 1.0, "sparsity": 1.0, "alpha": 0.5, "beta": 25.0, "gamma": -1.0, "max_len": -1.0, "results": {"alpha": 0.5, "beta": 25.0, "gamma": 118, "max_len": Infinity, "scoring": "fidelity", "scoring-fidelities": 0.8538205980066444, "beta-scoring-fidelity": 0.8504983388704319, "beta-scoring-rule_nr": 113, "mean_length": 2.593220338983051, "std_length": 0.9318951724672051, "coverage": 1.0, "beta-scoring-coverage": 0.9800664451827242, "mean-beta-scoring-length": 2.5575221238938055, "std-beta-scoring-length": 0.9306772973546837, "mean_prediction": 0.4835709361927832, "std-scoring-prediction": 0.4835709361927832, "rule_reduction-alpha-scoring": 1.0, "rule_reduction-beta-scoring": 0.9576271186440678, "len_reduction-beta-scoring": 0.9862340216322517, "simplicity-beta-scoring": 0.9444444444444444, "feature_frequency": [45, 9, 3, 8, 9, 1, 0, 4, 29, 2, 24, 0, 12, 3, 1, 5, 2, 1, 6, 13, 10, 1, 2, 6, 0, 0, 3, 4, 4, 1, 7, 2, 3, 9, 7, 0, 4, 1, 5, 5, 2, 2, 0, 3, 6, 11, 1, 3, 0, 1, 2, 0, 6, 7, 1, 2, 5, 0, 1, 2, 0, 0], "scoring-beta-feature_frequency": [43, 8, 3, 8, 9, 1, 0, 3, 26, 2, 22, 0, 12, 3, 1, 5, 2, 1, 6, 11, 10, 1, 2, 5, 0, 0, 3, 3, 4, 1, 7, 2, 3, 7, 7, 0, 4, 0, 5, 5, 2, 2, 0, 3, 5, 11, 1, 3, 0, 1, 2, 0, 6, 7, 1, 2, 5, 0, 1, 2, 0, 0], "scoring-beta-escore": 0.895012853470437, "sparsity": 1.0, "black_box": "data/german"}}, {"scoring": "fidelity", "coverage": 1.0, "sparsity": 1.0, "alpha": 0.5, "beta": 50.0, "gamma": -1.0, "max_len": -1.0, "results": {"alpha": 0.5, "beta": 50.0, "gamma": 118, "max_len": Infinity, "scoring": "fidelity", "scoring-fidelities": 0.8538205980066444, "beta-scoring-fidelity": 0.8504983388704319, "beta-scoring-rule_nr": 113, "mean_length": 2.593220338983051, "std_length": 0.9318951724672051, "coverage": 1.0, "beta-scoring-coverage": 0.9800664451827242, "mean-beta-scoring-length": 2.5575221238938055, "std-beta-scoring-length": 0.9306772973546837, "mean_prediction": 0.4835709361927832, "std-scoring-prediction": 0.4835709361927832, "rule_reduction-alpha-scoring": 1.0, "rule_reduction-beta-scoring": 0.9576271186440678, "len_reduction-beta-scoring": 0.9862340216322517, "simplicity-beta-scoring": 0.9444444444444444, "feature_frequency": [45, 9, 3, 8, 9, 1, 0, 4, 29, 2, 24, 0, 12, 3, 1, 5, 2, 1, 6, 13, 10, 1, 2, 6, 0, 0, 3, 4, 4, 1, 7, 2, 3, 9, 7, 0, 4, 1, 5, 5, 2, 2, 0, 3, 6, 11, 1, 3, 0, 1, 2, 0, 6, 7, 1, 2, 5, 0, 1, 2, 0, 0], "scoring-beta-feature_frequency": [43, 8, 3, 8, 9, 1, 0, 3, 26, 2, 22, 0, 12, 3, 1, 5, 2, 1, 6, 11, 10, 1, 2, 5, 0, 0, 3, 3, 4, 1, 7, 2, 3, 7, 7, 0, 4, 0, 5, 5, 2, 2, 0, 3, 5, 11, 1, 3, 0, 1, 2, 0, 6, 7, 1, 2, 5, 0, 1, 2, 0, 0], "scoring-beta-escore": 0.895012853470437, "sparsity": 1.0, "black_box": "data/german"}}, {"scoring": "fidelity", "coverage": 1.0, "sparsity": 1.0, "alpha": 0.5, "beta": 75.0, "gamma": -1.0, "max_len": -1.0, "results": {"alpha": 0.5, "beta": 75.0, "gamma": 118, "max_len": Infinity, "scoring": "fidelity", "scoring-fidelities": 0.8538205980066444, "beta-scoring-fidelity": 0.8538205980066444, "beta-scoring-rule_nr": 34, "mean_length": 2.593220338983051, "std_length": 0.9318951724672051, "coverage": 1.0, "beta-scoring-coverage": 0.26578073089701, "mean-beta-scoring-length": 3.4411764705882355, "std-beta-scoring-length": 1.1164854644766065, "mean_prediction": 0.4835709361927832, "std-scoring-prediction": 0.4835709361927832, "rule_reduction-alpha-scoring": 1.0, "rule_reduction-beta-scoring": 0.288135593220339, "len_reduction-beta-scoring": 1.3269896193771626, "simplicity-beta-scoring": 0.3823529411764706, "feature_frequency": [45, 9, 3, 8, 9, 1, 0, 4, 29, 2, 24, 0, 12, 3, 1, 5, 2, 1, 6, 13, 10, 1, 2, 6, 0, 0, 3, 4, 4, 1, 7, 2, 3, 9, 7, 0, 4, 1, 5, 5, 2, 2, 0, 3, 6, 11, 1, 3, 0, 1, 2, 0, 6, 7, 1, 2, 5, 0, 1, 2, 0, 0], "scoring-beta-feature_frequency": [21, 3, 1, 6, 7, 0, 0, 2, 16, 0, 5, 0, 1, 2, 0, 5, 2, 0, 5, 0, 1, 0, 2, 2, 0, 0, 0, 0, 3, 0, 1, 2, 0, 5, 1, 0, 2, 0, 0, 3, 2, 1, 0, 2, 2, 1, 1, 3, 0, 0, 1, 0, 0, 5, 1, 0, 0, 0, 0, 0, 0, 0], "scoring-beta-escore": 0.5281795905462019, "sparsity": 1.0, "black_box": "data/german"}}, {"scoring": "fidelity", "coverage": 1.0, "sparsity": 1.0, "alpha": 0.5, "beta": 90.0, "gamma": -1.0, "max_len": -1.0, "results": {"alpha": 0.5, "beta": 90.0, "gamma": 118, "max_len": Infinity, "scoring": "fidelity", "scoring-fidelities": 0.8538205980066444, "beta-scoring-fidelity": 0.8471760797342193, "beta-scoring-rule_nr": 14, "mean_length": 2.593220338983051, "std_length": 0.9318951724672051, "coverage": 1.0, "beta-scoring-coverage": 0.19269102990033224, "mean-beta-scoring-length": 3.357142857142857, "std-beta-scoring-length": 0.6102859818083951, "mean_prediction": 0.4835709361927832, "std-scoring-prediction": 0.4835709361927832, "rule_reduction-alpha-scoring": 1.0, "rule_reduction-beta-scoring": 0.11864406779661017, "len_reduction-beta-scoring": 1.2945845004668532, "simplicity-beta-scoring": 0.15359477124183005, "feature_frequency": [45, 9, 3, 8, 9, 1, 0, 4, 29, 2, 24, 0, 12, 3, 1, 5, 2, 1, 6, 13, 10, 1, 2, 6, 0, 0, 3, 4, 4, 1, 7, 2, 3, 9, 7, 0, 4, 1, 5, 5, 2, 2, 0, 3, 6, 11, 1, 3, 0, 1, 2, 0, 6, 7, 1, 2, 5, 0, 1, 2, 0, 0], "scoring-beta-feature_frequency": [10, 2, 0, 4, 3, 0, 0, 2, 8, 0, 1, 0, 0, 1, 0, 1, 1, 0, 1, 0, 0, 0, 0, 1, 0, 0, 0, 0, 0, 0, 0, 0, 0, 3, 1, 0, 0, 0, 0, 0, 0, 0, 0, 2, 0, 1, 1, 0, 0, 0, 0, 0, 0, 4, 0, 0, 0, 0, 0, 0, 0, 0], "scoring-beta-escore": 0.2600431777992341, "sparsity": 1.0, "black_box": "data/german"}}, {"scoring": "fidelity", "coverage": 1.0, "sparsity": 1.0, "alpha": 0.5, "beta": 99.0, "gamma": -1.0, "max_len": -1.0, "results": {"alpha": 0.5, "beta": 99.0, "gamma": 118, "max_len": Infinity, "scoring": "fidelity", "scoring-fidelities": 0.8538205980066444, "beta-scoring-fidelity": 0.8172757475083057, "beta-scoring-rule_nr": 3, "mean_length": 2.593220338983051, "std_length": 0.9318951724672051, "coverage": 1.0, "beta-scoring-coverage": 0.11627906976744186, "mean-beta-scoring-length": 3.6666666666666665, "std-beta-scoring-length": 0.4714045207910317, "mean_prediction": 0.4835709361927832, "std-scoring-prediction": 0.4835709361927832, "rule_reduction-alpha-scoring": 1.0, "rule_reduction-beta-scoring": 0.025423728813559324, "len_reduction-beta-scoring": 1.4139433551198255, "simplicity-beta-scoring": 0.03594771241830065, "feature_frequency": [45, 9, 3, 8, 9, 1, 0, 4, 29, 2, 24, 0, 12, 3, 1, 5, 2, 1, 6, 13, 10, 1, 2, 6, 0, 0, 3, 4, 4, 1, 7, 2, 3, 9, 7, 0, 4, 1, 5, 5, 2, 2, 0, 3, 6, 11, 1, 3, 0, 1, 2, 0, 6, 7, 1, 2, 5, 0, 1, 2, 0, 0],