{"name": "german.dnn.fidelity", "runs": [{"scoring": "fidelity", "coverage": 1.0, "sparsity": 1.0, "alpha": 0.5, "beta": 0.0, "gamma": -1.0, "max_len": -1.0, "results": {"alpha": 0.5, "beta": 0.0, "gamma": 84, "max_len": Infinity, "scoring": "fidelity", "scoring-fidelities": 0.9235880398671097, "beta-scoring-fidelity": 0.9235880398671097, "beta-scoring-rule_nr": 84, "mean_length": 2.2976190476190474, "std_length": 0.8560674470641333, "coverage": 1.0, "beta-scoring-coverage": 1.0, "mean-beta-scoring-length": 2.2976190476190474, "std-beta-scoring-length": 0.8560674470641333, "mean_prediction": 0.475445846374187, "std-scoring-prediction": 0.475445846374187, "rule_reduction-alpha-scoring": 1.0, "rule_reduction-beta-scoring": 1.0, "len_reduction-beta-scoring": 1.0, "simplicity-beta-scoring": 1.0, "feature_frequency": [45, 2, 3, 1, 21, 0, 0, 2, 14, 3, 21, 2, 11, 1, 1, 4, 3, 0, 0, 8, 2, 0, 0, 2, 0, 0, 2, 2, 0, 0, 8, 3, 0, 3, 0, 0, 1, 3, 0, 1, 5, 0, 0, 5, 0, 0, 1, 1, 0, 0, 3, 0, 1, 4, 0, 0, 0, 2, 1, 1, 0, 0], "scoring-beta-feature_frequency": [45, 2, 3, 1, 21, 0, 0, 2, 14, 3, 21, 2, 11, 1, 1, 4, 3, 0, 0, 8, 2, 0, 0, 2, 0, 0, 2, 2, 0, 0, 8, 3, 0, 3, 0, 0, 1, 3, 0, 1, 5, 0, 0, 5, 0, 0, 1, 1, 0, 0, 3, 0, 1, 4, 0, 0, 0, 2, 1, 1, 0, 0], "scoring-beta-escore": 0.9602763385146805, "sparsity": 1.0, "black_box": "data/german"}}, {"scoring": "fidelity", "coverage": 1.0, "sparsity": 1.0, "alpha": 0.5, "beta": 25.0, "gamma": -1.0, "max_len": -1.0, "results": {"alpha": 0.5, "beta": 25.0, "gamma": 84, "max_len": Infinity, "scoring": "fidelity", "scoring-fidelities": 0.9235880398671097, "beta-scoring-fidelity": 0.9767441860465116, "beta-scoring-rule_nr": 63, "mean_length": 2.2976190476190474, "std_length": 0.8560674470641333, "coverage": 1.0, "beta-scoring-coverage": 0.946843853820598, "mean-beta-scoring-length": 2.1746031746031744, "std-beta-scoring-length": 0.8826310332989107, "mean_prediction": 0.475445846374187, "std-scoring-prediction": 0.475445846374187, "rule_reduction-alpha-scoring": 1.0, "rule_reduction-beta-scoring": 0.75, "len_reduction-beta-scoring": 0.9464594127806563, "simplicity-beta-scoring": 0.7098445595854922, "feature_frequency": [45, 2, 3, 1, 21, 0, 0, 2, 14, 3, 21, 2, 11, 1, 1, 4, 3, 0, 0, 8, 2, 0, 0, 2, 0, 0, 2, 2, 0, 0, 8, 3, 0, 3, 0, 0, 1, 3, 0, 1, 5, 0, 0, 5, 0, 0, 1, 1, 0, 0, 3, 0, 1, 4, 0, 0, 0, 2, 1, 1, 0, 0], "scoring-beta-feature_frequency": [31, 1, 2, 0, 14, 0, 0, 2, 4, 3, 15, 1, 11, 1, 1, 1, 0, 0, 0, 8, 2, 0, 0, 1, 0, 0, 2, 2, 0, 0, 8, 3, 0, 1, 0, 0, 1, 1, 0, 1, 4, 0, 0, 3, 0, 0, 1, 1, 0, 0, 3, 0, 1, 3, 0, 0, 0, 2, 1, 1, 0, 0], "scoring-beta-escore": 0.8221761806101306, "sparsity": 1.0, "black_box": "data/german"}}, {"scoring": "fidelity", "coverage": 1.0, "sparsity": 1.0, "alpha": 0.5, "beta": 50.0, "gamma": -1.0, "max_len": -1.0, "results": {"alpha": 0.5, "beta": 50.0, "gamma": 84, "max_len": Infinity, "scoring": "fidelity", "scoring-fidelities": 0.9235880398671097, "beta-scoring-fidelity": 1.0, "beta-scoring-rule_nr": 55, "mean_length": 2.2976190476190474, "std_length": 0.8560674470641333, "coverage": 1.0, "beta-scoring-coverage": 0.9235880398671097, "mean-beta-scoring-length": 1.9454545454545455, "std-beta-scoring-length": 0.4008255942736109, "mean_prediction": 0.475445846374187, "std-scoring-prediction": 0.475445846374187, "rule_reduction-alpha-scoring": 1.0, "rule_reduction-beta-scoring": 0.6547619047619048, "len_reduction-beta-scoring": 0.8467263306641546, "simplicity-beta-scoring": 0.5544041450777203, "feature_frequency": [45, 2, 3, 1, 21, 0, 0, 2, 14, 3, 21, 2, 11, 1, 1, 4, 3, 0, 0, 8, 2, 0, 0, 2, 0, 0, 2, 2, 0, 0, 8, 3, 0, 3, 0, 0, 1, 3, 0, 1, 5, 0, 0, 5, 0, 0, 1, 1, 0, 0, 3, 0, 1, 4, 0, 0, 0, 2, 1, 1, 0, 0], "scoring-beta-feature_frequency": [25, 1, 0, 0, 10, 0, 0, 2, 2, 3, 13, 0, 9, 1, 0, 0, 0, 0, 0, 8, 2, 0, 0, 1, 0, 0, 2, 2, 0, 0, 7, 2, 0, 0, 0, 0, 0, 1, 0, 1, 1, 0, 0, 3, 0, 0, 1, 0, 0, 0, 3, 0, 0, 3, 0, 0, 0, 2, 1, 1, 0, 0], "scoring-beta-escore": 0.7133333333333334, "sparsity": 1.0, "black_box": "data/german"}}, {"scoring": "fidelity", "coverage": 1.0, "sparsity": 1.0, "alpha": 0.5, "beta": 75.0, "gamma": -1.0, "max_len": -1.0, "results": {"alpha": 0.5, "beta": 75.0, "gamma": 84, "max_len": Infinity, "scoring": "fidelity", "scoring-fidelities": 0.9235880398671097, "beta-scoring-fidelity": 1.0, "beta-scoring-rule_nr": 55, "mean_length": 2.2976190476190474, "std_length": 0.8560674470641333, "coverage": 1.0, "beta-scoring-coverage": 0.9235880398671097, "mean-beta-scoring-length": 1.9454545454545455, "std-beta-scoring-length": 0.4008255942736109, "mean_prediction": 0.475445846374187, "std-scoring-prediction": 0.475445846374187, "rule_reduction-alpha-scoring": 1.0, "rule_reduction-beta-scoring": 0.6547619047619048, "len_reduction-beta-scoring": 0.8467263306641546, "simplicity-beta-scoring": 0.5544041450777203, "feature_frequency": [45, 2, 3, 1, 21, 0, 0, 2, 14, 3, 21, 2, 11, 1, 1, 4, 3, 0, 0, 8, 2, 0, 0, 2, 0, 0, 2, 2, 0, 0, 8, 3, 0, 3, 0, 0, 1, 3, 0, 1, 5, 0, 0, 5, 0, 0, 1, 1, 0, 0, 3, 0, 1, 4, 0, 0, 0, 2, 1, 1, 0, 0], "scoring-beta-feature_frequency": [25, 1, 0, 0, 10, 0, 0, 2, 2, 3, 13, 0, 9, 1, 0, 0, 0, 0, 0, 8, 2, 0, 0, 1, 0, 0, 2, 2, 0, 0, 7, 2, 0, 0, 0, 0, 0, 1, 0, 1, 1, 0, 0, 3, 0, 0, 1, 0, 0, 0, 3, 0, 0, 3, 0, 0, 0, 2, 1, 1, 0, 0], "scoring-beta-escore": 0.7133333333333334, "sparsity": 1.0, "black_box": "data/german"}}, {"scoring": "fidelity", "coverage": 1.0, "sparsity": 1.0, "alpha": 0.5, "beta": 90.0, "gamma": -1.0, "max_len": -1.0, "results": {"alpha": 0.5, "beta": 90.0, "gamma": 84, "max_len": Infinity, "scoring": "fidelity", "scoring-fidelities": 0.9235880398671097, "beta-scoring-fidelity": 1.0, "beta-scoring-rule_nr": 55, "mean_length": 2.2976190476190474, "std_length": 0.8560674470641333, "coverage": 1.0, "beta-scoring-coverage": 0.9235880398671097, "mean-beta-scoring-length": 1.9454545454545455, "std-beta-scoring-length": 0.4008255942736109, "mean_prediction": 0.475445846374187, "std-scoring-prediction": 0.475445846374187, "rule_reduction-alpha-scoring": 1.0, "rule_reduction-beta-scoring": 0.6547619047619048, "len_reduction-beta-scoring": 0.8467263306641546, "simplicity-beta-scoring": 0.5544041450777203, "feature_frequency": [45, 2, 3, 1, 21, 0, 0, 2, 14, 3, 21, 2, 11, 1, 1, 4, 3, 0, 0, 8, 2, 0, 0, 2, 0, 0, 2, 2, 0, 0, 8, 3, 0, 3, 0, 0, 1, 3, 0, 1, 5, 0, 0, 5, 0, 0, 1, 1, 0, 0, 3, 0, 1, 4, 0, 0, 0, 2, 1, 1, 0, 0], "scoring-beta-feature_frequency": [25, 1, 0, 0, 10, 0, 0, 2, 2, 3, 13, 0, 9, 1, 0, 0, 0, 0, 0, 8, 2, 0, 0, 1, 0, 0, 2, 2, 0, 0, 7, 2, 0, 0, 0, 0, 0, 1, 0, 1, 1, 0, 0, 3, 0, 0, 1, 0, 0, 0, 3, 0, 0, 3, 0, 0, 0, 2, 1, 1, 0, 0], "scoring-beta-escore": 0.7133333333333334, "sparsity": 1.0, "black_box": "data/german"}}, {"scoring": "fidelity", "coverage": 1.0, "sparsity": 1.0, "alpha": 0.5, "beta": 99.0, "gamma": -1.0, "max_len": -1.0, "results": {"alpha": 0.5, "beta": 99.0, "gamma": 84, "max_len": Infinity, "scoring": "fidelity", "scoring-fidelities": 0.9235880398671097, "beta-scoring-fidelity": 1.0, "beta-scoring-rule_nr": 55, "mean_length": 2.2976190476190474, "std_length": 0.8560674470641333, "coverage": 1.0, "beta-scoring-coverage": 0.9235880398671097, "mean-beta-scoring-length": 1.9454545454545455, "std-beta-scoring-length": 0.4008255942736109, "mean_prediction": 0.475445846374187, "std-scoring-prediction": 0.475445846374187, "rule_reduction-alpha-scoring": 1.0, "rule_reduction-beta-scoring": 0.6547619047619048, "len_reduction-beta-scoring": 0.8467263306641546, "simplicity-beta-scoring": 0.5544041450777203, "feature_frequency": [45, 2, 3, 1, 21, 0, 0, 2, 14, 3, 21, 2, 11, 1, 1, 4, 3, 0, 0, 8, 2, 0, 0, 2, 0, 0, 2, 2, 0, 0, 8, 3, 0, 3, 0, 0, 1, 3, 0, 1, 5, 0, 0, 5, 0, 0, 1, 1, 0, 0, 3, 0, 1, 4, 0, 0, 0, 2, 1, 1, 0, 0], "scoring-beta-feature_frequency": [25, 1, 0, 0, 10, 0, 0, 2, 2, 3, 13, 0, 9, 1, 0, 0, 0, 0, 0, 8, 2, 0, 0, 1, 0, 0, 2, 2, 0, 0, 7, 2, 0, 0, 0, 0, 0, 1, 0, 1, 1, 0, 0, 3, 0, 0, 1, 0, 0, 0, 3, 0, 0, 3, 0, 0, 0, 2, 1, 1, 0, 0], "scoring-beta-escore": 0.7133333333333334, "sparsity": 1.0,