{"name": "german.rf.r2", "runs": [{"scoring": "r2", "coverage": 1.0, "sparsity": 1.0, "alpha": 0.5, "beta": 0.0, "gamma": -1.0, "max_len": -1.0, "results": {"alpha": 0.5, "beta": 0.0, "gamma": 118, "max_len": Infinity, "scoring": "r2", "scoring-fidelities": 0.7674418604651163, "beta-scoring-fidelity": 0.8637873754152824, "beta-scoring-rule_nr": 118, "mean_length": 2.593220338983051, "std_length": 0.9318951724672051, "coverage": 1.0, "beta-scoring-coverage": 0.9833887043189369, "mean-beta-scoring-length": 2.593220338983051, "std-beta-scoring-length": 0.9318951724672051, "mean_prediction": 0.4835709361927832, "std-scoring-prediction": 0.0, "rule_reduction-alpha-scoring": 0.00847457627118644, "rule_reduction-beta-scoring": 1.0, "len_reduction-beta-scoring": 1.0, "simplicity-beta-scoring": 1.0, "feature_frequency": [45, 9, 3, 8, 9, 1, 0, 4, 29, 2, 24, 0, 12, 3, 1, 5, 2, 1, 6, 13, 10, 1, 2, 6, 0, 0, 3, 4, 4, 1, 7, 2, 3, 9, 7, 0, 4, 1, 5, 5, 2, 2, 0, 3, 6, 11, 1, 3, 0, 1, 2, 0, 6, 7, 1, 2, 5, 0, 1, 2, 0, 0], "scoring-beta-feature_frequency": [45, 9, 3, 8, 9, 1, 0, 4, 29, 2, 24, 0, 12, 3, 1, 5, 2, 1, 6, 13, 10, 1, 2, 6, 0, 0, 3, 4, 4, 1, 7, 2, 3, 9, 7, 0, 4, 1, 5, 5, 2, 2, 0, 3, 6, 11, 1, 3, 0, 1, 2, 0, 6, 7, 1, 2, 5, 0, 1, 2, 0, 0], "scoring-beta-escore": 0.9269162210338681, "sparsity": 1.0, "black_box": "data/german"}}, {"scoring": "r2", "coverage": 1.0, "sparsity": 1.0, "alpha": 0.5, "beta": 25.0, "gamma": -1.0, "max_len": -1.0, "results": {"alpha": 0.5, "beta": 25.0, "gamma": 118, "max_len": Infinity, "scoring": "r2", "scoring-fidelities": 0.7674418604651163, "beta-scoring-fidelity": 0.8604651162790697, "beta-scoring-rule_nr": 88, "mean_length": 2.593220338983051, "std_length": 0.9318951724672051, "coverage": 1.0, "beta-scoring-coverage": 0.9767441860465116, "mean-beta-scoring-length": 2.465909090909091, "std-beta-scoring-length": 0.7679498035851342, "mean_prediction": 0.4835709361927832, "std-scoring-prediction": 0.0, "rule_reduction-alpha-scoring": 0.00847457627118644, "rule_reduction-beta-scoring": 0.7457627118644068, "len_reduction-beta-scoring": 0.950906120023767, "simplicity-beta-scoring": 0.7091503267973855, "feature_frequency": [45, 9, 3, 8, 9, 1, 0, 4, 29, 2, 24, 0, 12, 3, 1, 5, 2, 1, 6, 13, 10, 1, 2, 6, 0, 0, 3, 4, 4, 1, 7, 2, 3, 9, 7, 0, 4, 1, 5, 5, 2, 2, 0, 3, 6, 11, 1, 3, 0, 1, 2, 0, 6, 7, 1, 2, 5, 0, 1, 2, 0, 0], "scoring-beta-feature_frequency": [32, 8, 3, 6, 5, 1, 0, 3, 22, 1, 20, 0, 10, 1, 1, 2, 1, 0, 2, 11, 9, 0, 0, 3, 0, 0, 3, 3, 0, 0, 6, 1, 2, 6, 6, 0, 3, 0, 3, 4, 0, 1, 0, 3, 3, 10, 1, 1, 0, 0, 1, 0, 6, 5, 1, 0, 5, 0, 1, 1, 0, 0], "scoring-beta-escore": 0.7775141625913911, "sparsity": 1.0, "black_box": "data/german"}}, {"scoring": "r2", "coverage": 1.0, "sparsity": 1.0, "alpha": 0.5, "beta": 50.0, "gamma": -1.0, "max_len": -1.0, "results": {"alpha": 0.5, "beta": 50.0, "gamma": 118, "max_len": Infinity, "scoring": "r2", "scoring-fidelities": 0.7674418604651163, "beta-scoring-fidelity": 0.8205980066445182, "beta-scoring-rule_nr": 59, "mean_length": 2.593220338983051, "std_length": 0.9318951724672051, "coverage": 1.0, "beta-scoring-coverage": 0.9368770764119602, "mean-beta-scoring-length": 2.305084745762712, "std-beta-scoring-length": 0.67029559095882, "mean_prediction": 0.4835709361927832, "std-scoring-prediction": 0.0, "rule_reduction-alpha-scoring": 0.00847457627118644, "rule_reduction-beta-scoring": 0.5, "len_reduction-beta-scoring": 0.8888888888888888, "simplicity-beta-scoring": 0.4444444444444444, "feature_frequency": [45, 9, 3, 8, 9, 1, 0, 4, 29, 2, 24, 0, 12, 3, 1, 5, 2, 1, 6, 13, 10, 1, 2, 6, 0, 0, 3, 4, 4, 1, 7, 2, 3, 9, 7, 0, 4, 1, 5, 5, 2, 2, 0, 3, 6, 11, 1, 3, 0, 1, 2, 0, 6, 7, 1, 2, 5, 0, 1, 2, 0, 0], "scoring-beta-feature_frequency": [17, 6, 2, 4, 2, 1, 0, 2, 12, 1, 17, 0, 9, 1, 1, 0, 0, 0, 0, 6, 9, 0, 0, 2, 0, 0, 0, 3, 0, 0, 5, 0, 1, 3, 4, 0, 2, 0, 2, 1, 0, 0, 0, 1, 2, 7, 0, 0, 0, 0, 0, 0, 4, 3, 0, 0, 5, 0, 1, 0, 0, 0], "scoring-beta-escore": 0.5765976072366501, "sparsity": 1.0, "black_box": "data/german"}}, {"scoring": "r2", "coverage": 1.0, "sparsity": 1.0, "alpha": 0.5, "beta": 75.0, "gamma": -1.0, "max_len": -1.0, "results": {"alpha": 0.5, "beta": 75.0, "gamma": 118, "max_len": Infinity, "scoring": "r2", "scoring-fidelities": 0.7674418604651163, "beta-scoring-fidelity": 0.7906976744186046, "beta-scoring-rule_nr": 30, "mean_length": 2.593220338983051, "std_length": 0.9318951724672051, "coverage": 1.0, "beta-scoring-coverage": 0.8571428571428571, "mean-beta-scoring-length": 2.066666666666667, "std-beta-scoring-length": 0.5120763831912405, "mean_prediction": 0.4835709361927832, "std-scoring-prediction": 0.0, "rule_reduction-alpha-scoring": 0.00847457627118644, "rule_reduction-beta-scoring": 0.2542372881355932, "len_reduction-beta-scoring": 0.7969498910675381, "simplicity-beta-scoring": 0.2026143790849673, "feature_frequency": [45, 9, 3, 8, 9, 1, 0, 4, 29, 2, 24, 0, 12, 3, 1, 5, 2, 1, 6, 13, 10, 1, 2, 6, 0, 0, 3, 4, 4, 1, 7, 2, 3, 9, 7, 0, 4, 1, 5, 5, 2, 2, 0, 3, 6, 11, 1, 3, 0, 1, 2, 0, 6, 7, 1, 2, 5, 0, 1, 2, 0, 0], "scoring-beta-feature_frequency": [9, 4, 1, 0, 0, 1, 0, 0, 8, 0, 10, 0, 4, 0, 1, 0, 0, 0, 0, 2, 6, 0, 0, 1, 0, 0, 0, 1, 0, 0, 1, 0, 0, 1, 2, 0, 1, 0, 0, 0, 0, 0, 0, 0, 0, 7, 0, 0, 0, 0, 0, 0, 1, 0, 0, 0, 1, 0, 0, 0, 0, 0], "scoring-beta-escore": 0.32257077276205043, "sparsity": 1.0, "black_box": "data/german"}}, {"scoring": "r2", "coverage": 1.0, "sparsity": 1.0, "alpha": 0.5, "beta": 90.0, "gamma": -1.0, "max_len": -1.0, "results": {"alpha": 0.5, "beta": 90.0, "gamma": 118, "max_len": Infinity, "scoring": "r2", "scoring-fidelities": 0.7674418604651163, "beta-scoring-fidelity": 0.7674418604651163, "beta-scoring-rule_nr": 12, "mean_length": 2.593220338983051, "std_length": 0.9318951724672051, "coverage": 1.0, "beta-scoring-coverage": 0.6943521594684385, "mean-beta-scoring-length": 1.9166666666666667, "std-beta-scoring-length": 0.2763853991962833, "mean_prediction": 0.4835709361927832, "std-scoring-prediction": 0.0, "rule_reduction-alpha-scoring": 0.00847457627118644, "rule_reduction-beta-scoring": 0.1016949152542373, "len_reduction-beta-scoring": 0.7391067538126361, "simplicity-beta-scoring": 0.07516339869281045, "feature_frequency": [45, 9, 3, 8, 9, 1, 0, 4, 29, 2, 24, 0, 12, 3, 1, 5, 2, 1, 6, 13, 10, 1, 2, 6, 0, 0, 3, 4, 4, 1, 7, 2, 3, 9, 7, 0, 4, 1, 5, 5, 2, 2, 0, 3, 6, 11, 1, 3, 0, 1, 2, 0, 6, 7, 1, 2, 5, 0, 1, 2, 0, 0], "scoring-beta-feature_frequency": [4, 2, 0, 0, 0, 1, 0, 0, 2, 0, 6, 0, 3, 0, 1, 0, 0, 0, 0, 0, 2, 0, 0, 0, 0, 0, 0, 0, 0, 0, 0, 0, 0, 0, 0, 0, 0, 0, 0, 0, 0, 0, 0, 0, 0, 2, 0, 0, 0, 0, 0, 0, 0, 0, 0, 0, 0, 0, 0, 0, 0, 0], "scoring-beta-escore": 0.1369171101289799, "sparsity": 1.0, "black_box": "data/german"}}, {"scoring": "r2", "coverage": 1.0, "sparsity": 1.0, "alpha": 0.5, "beta": 99.0, "gamma": -1.0, "max_len": -1.0, "results": {"alpha": 0.5, "beta": 99.0, "gamma": 118, "max_len": Infinity, "scoring": "r2", "scoring-fidelities": 0.7674418604651163, "beta-scoring-fidelity": 0.7674418604651163, "beta-scoring-rule_nr": 2, "mean_length": 2.593220338983051, "std_length": 0.9318951724672051, "coverage": 1.0, "beta-scoring-coverage": 0.3754152823920266, "mean-beta-scoring-length": 1.5, "std-beta-scoring-length": 0.5, "mean_prediction": 0.4835709361927832, "std-scoring-prediction": 0.0, "rule_reduction-alpha-scoring": 0.00847457627118644, "rule_reduction-beta-scoring": 0.01694915254237288, "len_reduction-beta-scoring": 0.5784313725490196, "simplicity-beta-scoring": 0.00980392156862745, "feature_frequency": [45, 9, 3, 8, 9, 1, 0, 4, 29, 2, 24, 0, 12, 3, 1, 5, 2, 1, 6, 13, 10, 1, 2, 6, 0, 0, 3, 4, 4, 1, 7, 2, 3, 9, 7, 0, 4, 1, 5, 5, 2, 2, 0, 3, 6, 11, 1, 3, 0, 1, 2, 0, 6, 7, 1, 2, 5, 0, 1, 2, 0, 0], "scoring-beta-feature_frequency": [0, 1, 0, 0, 0, 0, 0, 0, 0, 0, 2, 0, 0, 0, 0, 0, 0, 0, 0, 0, 0, 0, 0, 0, 0, 0, 0, 0, 0, 0, 0, 0, 0, 0, 0, 0, 0, 0, 0, 0, 0, 0, 0, 0, 0, 0, 0, 0, 0, 0, 0, 0, 0, 0, 0, 0, 0, 0, 0, 0, 0, 0], "scoring-beta-escore": 0.019360516280434146, "sparsity": 1.0,